"id","materia","topico","colegio","ano","versao","questao","alt_a","alt_b","alt_c","alt_d","alt_e","gabarito"
"9307391a-e821-46ac-8603-d4821c1d53e6","Matemática","II - As 4 Operações","Colégio Militar de Manaus",2024,NA,"O pai de Ana quer vender 4 potes iguais e de mesma massa (peso), além de 9 garrafas também iguais e de mesma massa (peso), que estão sem uso na sua oficina. Ele, porém, precisou viajar e deixou os potes e as garrafas sobre uma mesa na oficina. No dia seguinte, o pai de Ana avisou a ela, por meio de ligação telefônica, que o vizinho compraria as garrafas e potes da seguinte maneira: a cada 100 gramas da massa total das garrafas o comprador pagaria R$ 0,50 e a cada 100 gramas da massa total dos potes pagaria R$ 0,20. Para saber a massa das garrafas e dos potes, Ana distribuiu todos esses itens em uma balança, conforme a figura abaixo.

  ![](1761332797_Captura de tela 2025-10-24 160140.png){width=300px} 

Sabendo que a balança está em equilíbrio, o valor que o pai de Ana receberá pela venda é de:","R$ 52,00","R$ 64,00","R$ 36,00","R$ 44,00","R$ 80,00","a"
"afaf10b1-876d-4d68-9e4c-ee9246d9e4c3","Matemática","II - As 4 Operações","Colégio Militar de Manaus",2024,NA,"Todos os estudantes do Colégio Militar de Manaus realizaram o simulado do seu respectivo ano escolar. Notou-se que ao tentar distribuir a quantidade total de estudantes em salas com28alunos, sempre sobravam 3. O mesmo acontecia quando se tentava distribuir em salas com 24 e 32 alunos. Sabendo que a quantidade de alunos do colégio é inferior a 1.000, pode-se afirmar que:","a quantidade de alunos do colégio é 485.","a quantidade de alunos do colégio é 672.","a quantidade de alunos do colégio é 675.","a quantidade de alunos do colégio é 824.","a quantidade de alunos do colégio é 827.","c"
"e8dcc7c8-dc28-41e7-af7a-d7411f3b4d8c","Matemática","II - As 4 Operações","Colégio Militar de Manaus",2024,NA,"O pai de Luiz pediu-lhe para transportar caixas com laranjas e tangerinas para o caminhão da família. As frutas foram armazenadas em 5 caixas e numeradas conforme a figura abaixo. Cada umadas5caixascontém laranjas ou tangerinas, mas não ambas as frutas. Todas as tangerinas, juntas, pesam o triplo de todas as laranjas juntas. As caixas que contêm laranjas são:  ![](1761333029_Captura de tela 2025-10-24 160948.png){width=300px} ","1 e 2","2 e 3","1 e 4","2 e 4","3 e 5","c"
"642f8485-4cc3-4628-a895-bcb339d29b1a","Matemática","II - As 4 Operações","Colégio Militar de Manaus",2024,NA,"Os amigos Sampaio e Rabelo gostam muito de amendoins. Sampaio comprou 100g de amendoim tradicional. Ele come a mesma quantidade, em gramas, de amendoins a cada segundo. Ao final de40minutosele terminou de comer todos os amendoins tradicionais que comprou. Rabelo, por sua vez, comprou120gdeamendoim doce, comendo a mesma quantidade, em gramas, de amendoins a cada segundo. Ao final de  2 horas, ele terminou de comer todos os seus amendoins doces. Considere que eles começaram a comer ao mesmo tempo. Com base nessa situação, conclui-se que:","em 15 minutos Sampaio comeu 45 g de amendoins.","quando Sampaio terminou de comer os amendoins, Rabelo ainda tinha 45 g de amendoins.","ao final de 60 minutos, Rabelo ainda tinha 50 g de amendoins.","a cada minuto, Sampaio comia 2 g de amendoim; Rabelo comia 1 g de amendoim por minuto.","ao final de 26 minutos, Sampaio consumiu 65 g de amendoim; Rabelo consumiu 26 g de amendoim.","e"
"ef40ccf1-8010-4409-a830-77acdc765f70","Matemática","II - As 4 Operações","Colégio Militar de Manaus",2024,NA,"Amanda preparou uma receita, ensinada por sua avó, utilizando ingredientes conforme a figura abaixo. Porém, a quantidade de ingredientes na receita era diferente dos que Amanda possuía. Ela tinha apenas6ovos,400 g de farinha, meio litro de leite e 200 g de manteiga. Com base na receita de sua avó e na quantidade de ingredientes que Amanda possui, a maior quantidade de panquecas que ela pode fazer é:  ![](1761341922_Captura de tela 2025-10-24 183733.png){width=300px} ","15","12","10","8","6","d"
"81a7e301-961c-4778-a68a-cdfad262bc19","Matemática","VI - Medidas Geométricas","Colégio Militar de Manaus",2024,NA,"Cristiane costuma aplicar os conteúdos da disciplina de matemática, que ela tanto gosta, em situações do seu cotidiano. Certo dia, ela comprou um tablete de doce de leite no formato de um paralelepípedo retângulo e mediu as dimensões de comprimento, largura e altura desse doce, encontrando em milímetros os valores que aparecem na figura abaixo. Cristiane resolveu dividir o tablete de doce de leite em cubos iguais, de maior aresta possível, para que ela pudesse saborear o doce por mais tempo e para que não houvesse sobras. Para isso, continuou considerando os milímetros como unidade de medida. Sabendo que Cristiane comeu dois cubos de doce de leite por dia, a quantidade de dias que ela levou para comer todo o tablete foi de:
  ![](1761342027_Captura de tela 2025-10-24 184008.png){width=300px} ","22 dias","30 dias","46 dias","72 dias","128 dias","d"
"c1211044-c9e4-4fe5-9613-68c6ba62596c","Matemática","VI - Medidas Geométricas","Colégio Militar de Manaus",2024,NA,"Pedro comprou um balde para aguar as plantas de seu sítio. A capacidade do balde é de 0,0056 kl e ele deseja aguar as suas 16 plantas. Para isso, ele enche o balde, inicialmente vazio, e vai, de planta em planta, jogando exatamente 1.600 cm³ em cada uma. Toda vez que o líquido não é suficiente para aguar uma planta, Pedro retorna e completa a capacidade do balde. Ele faz isso até que tenha aguado todas as plantas. Sobre a situação narrada, é correto afirmar que:","o volume de água que sobra no balde após aguar todas as plantas é maior que $\dfrac{6}{7}$ de sua capacidade","o total de água gasto para aguar todas as plantas não ultrapassa 30 litros.","É necessário encher o balde somente 5 vezes para aguar todas as plantas.","O volume de água que sobra no balde após aguar todas as plantas é menor que 10%do total de água gasto.","O volume de água que Pedro gasta para aguar cada planta corresponde a 30%da capacidade do balde","b"
"38d7ff6f-c7dc-47af-a224-78e02a5464f8","Matemática","VII - Tratamento da Informação","Colégio Militar de Manaus",2024,NA,"Para incentivar seus alunos, Alcenir, professor de Geografia do CMM, prometeu presentear o estudante que obtivesse as melhores notas do trimestre com um globo terrestre. Acontece que cinco alunos empataram na nota final. Sabendo que isso poderia acontecer, o professor preparou uma roleta com 8 opções de bandeiras de estados brasileiros, conforme a figura abaixo. Cada estudante deveria rodar a roleta uma única vez. Ganharia o presente quem repetisse a bandeira já sorteada em uma das rodadas anteriores, desclassificando os demais. Para que nenhum aluno fosse prejudicado por rodar a roleta pela primeira vez, Alcenir realizou a rodada inicial, sorteando a bandeira do Amazonas. Sabendo que Laura foi a segunda estudante a rodar a roleta, a fração que representa a probabilidade de essa aluna ganhar o globo terrestre é de:  ![](1761342369_Captura de tela 2025-10-24 184600.png){width=300px} ","$\dfrac{1}{5}$","$\dfrac{2}{5}$","$\dfrac{3}{8}$","$\dfrac{7}{32}$","$\dfrac{8}{9}$","d"
"0c517dc1-ce72-4282-8bf0-70720f6d34d5","Matemática","VI - Medidas Geométricas","Colégio Militar de Manaus",2024,NA,"Ronildo, professor de física, realizou uma avaliação para as cinco turmas do segundo ano do Ensino Médio. Suas turmas são identificadas por numerações de 201 a 205. A fim de verificar o desempenho de seus alunos nessa avaliação, Ronildo calculou a média das notas de todos os 150 estudantes que estavam matriculados em suas turmas, encontrando o valor de 6,38. No entanto, ao acessar o sistema para lançar as notas, Ronildo percebeu que cada turma havia recebido, após a realização da prova, a matrícula de dois novos alunos. Cada estudante novato trouxe, de seu antigo Colégio, notas referentes a essa avaliação. O professor observou que essas notas já haviam sido lançadas no sistema, conforme a tabela abaixo.
  ![](1761342502_Captura de tela 2025-10-24 184808.png){width=300px} 
Sabendo que o professor Ronildo terá que calcular uma nova média para as notas dos seus alunos, incluindo os novatos, a diferença entre a média de notas após a chegada dos estudantes novatos e a média obtida antes da chegada dos novos alunos é:","0,07","7,64","1,26","0,38","0,96","a"
"26be4682-6ca3-428d-97ba-2ec15df093a2","Matemática","II - As 4 Operações","Colégio Militar de Manaus",2024,NA,"O treinador do time de futsal do Colégio Militar de Manaus promoveu um amistoso entre professores e alunos. Em um jogo de futsal, cada time tem sempre 5 jogadores em campo. Para essa partida amistosa, o treinador conta com 12 alunos e, para não ser injusto, realizou várias substituições de modo que cada um dos alunos jogou a mesma quantidade de tempo. Sabendo que uma partida de futsal tem duração de 40 minutos, o tempo que cada aluno jogou na partida foi:","20 minutos.","16 minutos e 20 segundos","16 minutos e 40 segundos.","18 minutos e 10 segundos.","18 minutos e 30 segundos.","c"
"a33f9f0f-9e2e-4cc3-b8f2-25491aeb3692","Matemática","VII - Tratamento da Informação","Colégio Militar de Manaus",2024,NA,"Um item de vestuário tornou-se muito utilizado no dia a dia da humanidade. Como objetivo de proteger contra doenças, a máscara é um item de extrema necessidade individual e coletiva. Jonas produz e vende em sua loja máscaras caseiras, seguindo os modelos e as especificações de materiais para cada uma de suas partes. Para o modelo de elástico, existem dois tipos e três cores; para o modelo de lado interno da máscara, existem dois tipos; e para o modelo de lado externo da máscara, existem três tipos e dois padrões. Veja na figura abaixo.  ![](1761343771_Captura de tela 2025-10-24 190917.png){width=300px} 
Sabendo que para confeccionar uma única máscara é preciso um modelo de elástico, um modelo para o tecido interno e um modelo para o tecido externo, a quantidade de máscaras distintas que Jonas pode produzir é de:","12","14","50","72","84","d"
"706ab2d1-dffa-4cdc-9c6e-93b85db7cffe","Matemática","IV - Frações","Colégio Militar de Manaus",2024,NA,"Roberta ganhou um determinado valor em um sorteio. Seu irmão quis saber qual a quantia recebida por Roberta. Sabendo da curiosidade do irmão, Roberta resolveu manter o mistério em torno do valor do prêmio e deu a ele três pistas para que ele pudesse determinar o valor recebido. Veja abaixo as pistas que Roberta deixou.  ![](1761344055_Captura de tela 2025-10-24 191357.png){width=300px} 
Se seguir corretamente as pistas de Roberta, que valor seu irmão encontrará para o prêmio que ela recebeu no sorteio?","R$ 1.053,00","R$ 3.900,00","R$ 5.200,00","R$ 5.850,00","R$ 3.200,00","c"
"1718bea2-83c5-477b-bb6b-fa75be8633ed","Matemática","V - Números Decimais","Colégio Militar de Manaus",2024,NA,"A professora Ana deixou a expressão numérica abaixo para ser entregue na aula seguinte.
  ![](1761344182_Captura de tela 2025-10-24 191608.png){width=300px} 
O resultado da expressão acima é:","1,9","1,19","0,19","3,5","0,35","c"
"fa0aff63-c1da-4c91-a3d1-7ceda8e0d0c7","Matemática","III - Múltiplos e Divisores","Colégio Militar de Manaus",2024,NA,"Carolina recebeu de sua professora de matemática quadrados com nove quadradinhos cada. Um dos quadrados continha as letras A, B, C, D, E, F, G, H e I. Os demais estavam em branco, de acordo com a figura abaixo.

  ![](1761577113_Captura de tela 2025-10-27 115814.png){width=300px} 

Nos quadrados em branco, a professora pediu que a estudante escrevesse os números naturais positivos, sempreda esquerda para direita e de cima para baixo, como no exemplo a seguir.

  ![](1761577142_Captura de tela 2025-10-27 115854.png){width=300px} 

A professora queria que qualquer número pudesse ser codificado por meio do quadrado em que estava e da letra que esse número representava, respectivamente. Por exemplo, o número 6 é codificado como1F, pois está no quadrado 1 na posição F. Já o número 13 é codificado como 2D, pois está no quadrado 2 na posição D. O número 2024 é codificado como:","224H","225H","223B","226A","252B","b"
"ec1a8350-3efb-49f5-8446-c39a512089d8","Matemática","III - Múltiplos e Divisores","Colégio Militar de Manaus",2024,NA,"A professora de Renata passou uma atividade de soma de frações para que a turma realizasse em sala. O último item da atividade era um desafio. A professora escreveu a fração $\dfrac{4}{7}$ como soma de duas frações e apagou alguns números naturais positivos, substituindo-os por símbolos, como mostra a figura abaixo.

  ![](1761577439_Captura de tela 2025-10-27 120346.png){width=300px} 

Sabendo que os valores desconhecidos são os de menor soma possível para que a igualdade seja verdadeira, pode-se afirmar que soma   ![](1761577489_Captura de tela 2025-10-27 120426.png){width=300px} é um número:","múltiplo de 3.","divisor de 100.","par.","primo.","múltiplo de 17.","d"
"d09a2053-2db7-4d46-bc1c-934ecee95f01","Matemática","III - Múltiplos e Divisores","Colégio Militar de Manaus",2024,NA,"Diana, certo dia, fez brigadeiros para dividir entre suas três amigas. Os brigadeiros foram distribuído sem oito embalagens, cada uma com certa quantidade, conforme tabela abaixo.

  ![](1761577565_Captura de tela 2025-10-27 120556.png){width=300px} 

Infelizmente, Diana esqueceu a quantidade que colocou na embalagem de número 8, porém, lembrava que havia feito menos que 70 brigadeiros e que a quantidade total era um número múltiplo de três. Além disso, a embalagem de número 8 tinha a maior quantidade de brigadeiros em relação às demais. Para não ser injusta, Diana distribuiu as embalagens entre suas amigas de modo que cada uma tenha recebido a mesma quantidade de brigadeiros, porém não mais que três embalagens para cada amiga. Em relação à amiga que recebeu apenas duas embalagens, pode-se afirmar que ela também recebeu:","a embalagem número 8","a embalagem número 1","a embalagem número 6","a embalagem número 7","a embalagem número 2","a"
"e224886b-ee24-4419-bfaf-76e7834f2590","Matemática","III - Múltiplos e Divisores","Colégio Militar de Manaus",2024,NA,"Paola desafiou sua amiga de sala a resolver um problema de multiplicação. Ela escreveu as letras A,B, C, D, E, F e G distribuídas no algoritmo da multiplicação, como mostrado abaixo.

  ![](1761577957_Captura de tela 2025-10-27 121222.png){width=300px} 

Paola informou a sua amiga que cada letra representava um único algarismo de 0 a 9. Sabendo que letras iguais assumem valores iguais, pode-se concluir que o valor de A + B + C + D + E + F + G é um número:","primo."," múltiplo de 3.","divisor de 25.","múltiplo de 11."," múltiplo de 7.","d"
"e0dc2c05-54e2-44b3-905f-8f8fdf2987c6","Matemática","VI - Medidas Geométricas","Colégio Militar de Manaus",2024,NA,"Marcele desenvolveu um jogo que se utiliza um dado de seis faces numeradas de 1 a 6eumcaminhoquadriculado. O dado é posicionado no início do caminho, indicado pelo quadrado verde, e deve ser girado sucessivamente, seguindo a orientação, até chegar ao fim, indicado pelo quadrado vermelho, conforme o exemplo abaixo.


  ![](1761578101_Captura de tela 2025-10-27 121450.png){width=300px} 

Utilizando exatamente o exemplo acima e sabendo que a soma das faces opostas do dado é sempre7, o número que estará na face superior na posição final será:","1","2","3","4","5","c"
"95aa1fff-d2a7-4a97-89f4-525a32940747","Matemática","VI - Medidas Geométricas","Colégio Militar de Manaus",2024,NA,"A aluna Luiza recebeu de sua professora uma malha quadriculada na qual cada quadradinho da malha tem área $4 mm^2$. A área na cor cinza, em centímetros quadrados, é:
  ![](1761578199_Captura de tela 2025-10-27 121608.png){width=300px} ","272","27,2","2,72","0,272","0,0272","c"
"c0eb49b2-d0d0-43f8-9cc6-80ec1e4118df","Matemática","VII - Tratamento da Informação","Colégio Militar de Manaus",2024,NA,"A estudante Franciane, do 6º ano, escreve em seu caderno todas as notas que tira em suas avaliações de matemática. A tabela abaixo mostra as notas que Franciane tirou, com exceção de duas, em nove avaliações realizadas no mesmo ano letivo.

  ![](1761578332_Captura de tela 2025-10-27 121813.png){width=300px} 

Franciane esqueceu de escrever as notas das avaliações 3 e 5, mas lembra que a média de suas notas foi um número múltiplo de 2 e de 3. Sabe-se que todas as avaliações têm pontuação máxima de 10,0pontoseFranciane não tirou nota 0 (zero) em nenhuma das avaliações. Dentre as possíveis notas tiradas por Franciane nas avaliações 3 e 5, a probabilidade dessas notas serem números primos é de:","$\dfrac{5}{9}$","$\dfrac{3}{11}$","$\dfrac{7}{9}$","$\dfrac{1}{3}$","$\dfrac{2}{3}$","d"
"c1a82767-7b1b-4b49-9435-40141be95cee","Português","CMM - 2024/2025","Colégio Militar de Manaus",2024,NA,"  ![](1761578504_Captura de tela 2025-10-27 122135.png){width=300px} 
  ![](1761578541_Captura de tela 2025-10-27 122212.png){width=300px} 
  ![](1761578575_Captura de tela 2025-10-27 122247.png){width=300px} 
  ![](1761578618_Captura de tela 2025-10-27 122327.png){width=300px} 
  ![](1761578652_Captura de tela 2025-10-27 122404.png){width=300px} 
  ![](1761578680_Captura de tela 2025-10-27 122433.png){width=300px} 

Com base na leitura do Texto I, marque a opção correta em relação ao sentido da palavra destacada nos trechos em análise.","A palavra **“piruetas”** (l. 8) se refere às ações de todas as meninas que pareciambemnervosas.","Em “Eles estavam **imóveis.**” (l. 11), o termo destacado pode ser substituído por “irrequietos”, sem perda de sentido no contexto.","No trecho “O barulho e o movimento pareciam ter **desaparecido.**” (l. 21, 22), o termo destacado pode ser substituído por “desapontado”, sem perda de sentido no contexto.","O vocábulo destacado em “Ela tinha se **esforçado** muito e sabia o que fazer.” (l. 27, 28), o termo destacado tem o sentido de “desenvolvido”.","Em “Deu uma cambalhota alta e dançou **graciosamente** no chão.” (l. 44), o termo destacado pode ser substituído por “desajeitadamente”, sem perda de sentido no contexto.","d"
"ea810f70-22f7-4c9d-9b59-9591f6545213","Português","CMM - 2024/2025","Colégio Militar de Manaus",2024,NA,"Marque a alternativa cujo termo em destaque NÃO apresenta sentido de tempo:","“**Era um dia** muito importante.” (l. 9).","“A impressão era de que estavam muito longes **dali.**” (l. 11, 12).","“**Hoje** ela tinha que dar um salto-mortal na trave na frente dos juízes! Será que ela conseguiria?”(l. 13,14).","“E Gemma era a última ginasta da equipe. Portanto, teria que segurar sua ansiedade até o **último minuto.**”(l. 15, 16).","“**Agora** Gemma se sentia tranquila. Ela tinha se esforçado muito e sabia o que fazer.” (l. 27, 28).","b"
"ab419e35-7c9d-4b63-a5d4-1adad8eca482","Português","CMM - 2024/2025","Colégio Militar de Manaus",2024,NA,"Assinale a alternativa que apresenta uma atitude realizada exclusivamente por Michael, o técnico do time:","“ficava franzindo a testa e pulando no lugar.” (l. 1, 2).","“estava de cara feia.” (l. 18).","“não entendia o que aquela nota realmente significava.” (l. 57, 58).","“sorria e chorava ao mesmo tempo.” (l. 71).","“teve a chance de olhar bem para o troféu.” (l. 73).","b"
"0702faa7-d6b6-4d47-9d26-a1c99ab03ae5","Português","CMM - 2024/2025","Colégio Militar de Manaus",2024,NA,"Assinale a opção em que se observa a opinião do narrador.","“Todas as meninas estavam de cabelo preso.” (l. 4, 5).","“Gemma conseguia ver seus pais sentados nas arquibancadas.” (l. 10, 11).","“Ela se saiu muito bem tanto nas barras quanto no solo.” (l. 43).","“Ela não conseguia parar de sorrir.” (l. 67, 68).","“o troféu mostrava uma ginasta executando o melhor salto do mundo.” (l. 83).","c"
"40159972-6ae8-4e9f-b05d-45b1d5b88c26","Português","CMM - 2024/2025","Colégio Militar de Manaus",2024,NA,"Em “Mas, para quem não **as** conhecia” (l. 4), o termo destacado refere-se","às meninas que estavam calmas no ginásio, especificamente.","às moças da plateia que torciam para Gemma.","a duas meninas que estavam de cabelo preso, no ginásio estadual.","à Kathy, Anika, Fiona e Naomi.","à equipe contrária ao time do qual Gemma participava.","d"
"bb2062b5-eaf3-47d0-b9c3-98db75713d65","Português","CMM - 2024/2025","Colégio Militar de Manaus",2024,NA,"Considerando o contexto da narrativa, na frase ""Kathy deu um tapinha nas costas de Gemma""(l.40),o uso de uma forma no diminutivo expressa","a intensidade com que a ação foi praticada.","um desprezo em relação ao desempenho de Gemma.","um consolo quanto ao resultado abaixo do esperado pela equipe.","a descontração com que as atletas encaram a competição.","uma infantilização por parte da colega, ao fazer uma brincadeira indevida com Gemma.","a"
"8716d70b-492d-4c1d-86d8-362f3e712888","Português","CMM - 2024/2025","Colégio Militar de Manaus",2024,NA,"  ![](1761579686_Captura de tela 2025-10-27 124112.png){width=300px} 
  ![](1761579721_Captura de tela 2025-10-27 124153.png){width=300px} 
  ![](1761579762_Captura de tela 2025-10-27 124224.png){width=300px}
  ![](1761579806_Captura de tela 2025-10-27 124317.png){width=300px} 

No trecho, “O que começou com uma **competição modesta** entre alguns pacientes veio a se tornar um dos maiores símbolos de inclusão do mundo.” (l. 3 a 5), a expressão destacada indica","que a prática esportiva não ajudaria no condicionamento físico, nem restauraria a dignidade e a autoestima daquelas pessoas.","que as competições começaram despretensiosas.","que os Jogos Paralímpicos começaram como uma grande competição mundial de diversos esportes.","que os atletas tinham uma perspectiva de vida de apenas dois anos, e o tempo de recuperação era marcado por longos períodos de inatividade.","que as competições eram prejudiciais devido às graves lesões.","b"
"069c39a9-0c93-4c1a-b335-9b8a52751cff","Português","CMM - 2024/2025","Colégio Militar de Manaus",2024,NA,"A partir da compreensão do texto lido, assinale a alternativa correta.","O texto pretende narrar a trajetória dos soldados no momento pós-Segunda Guerra Mundial até a primeira participação deles nos jogos Paralímpicos.","De acordo com o texto prescritivo lido, o neurologista Sir Ludwig Guttmann induziu seus pacientes inativos a uma abordagem revolucionária, o que culminou na realização dos primeiros Jogos Paralímpicos oficiais em1960.","Sobre o texto opinativo em análise, verifica-se que o autor defende sua tese no trecho: “um dos maiores símbolos de inclusão do mundo.” (l. 4, 5).","O gênero lido mistura notícia com ficção ao enfatizar a importância da reintegração social dos soldados na sociedade.","O texto noticia um fato histórico relevante ao detalhar como uma técnica terapêutica para soldados se tornou um dos maiores eventos esportivos mundiais.","e"
"e4256ae2-196e-447e-9ca0-51c97370cf11","Português","CMM - 2024/2025","Colégio Militar de Manaus",2024,NA,"Verifica-se, sobre o foco temático, que o texto II","descreve o surgimento, a evolução e a consolidação do movimento Paralímpico a partir do ano de 1948 até a atualidade.","versa sobre o tratamento ineficaz ofertado por Dr. Guttmann em um hospital inglês no ano de 1948.","aborda a história dos soldados escalados para a Segunda Guerra Mundial e a posterior participação deles nos Jogos Olímpicos.","trata a respeito da importância de se ter atletas com diferentes tipos de deficiência nos Jogos Paralímpicos de Paris, neste ano de 2024.","expõe a realidade vivida pelos pacientes de um hospital inglês, que foram submetidos a cuidados inativos por meio dos esportes, para posterior participação no primeiro evento esportivo internacional, em1952.","a"
"fbd9c1fa-345b-4726-bce5-eb52578335c9","Português","CMM - 2024/2025","Colégio Militar de Manaus",2024,NA,"No trecho: “A britânica Caz Walton, uma das primeiras medalhistas paralímpicas, deu seu depoimento ao Comitê Paralímpico Internacional” (l. 20, 21) as vírgulas foram usadas coma finalidade de","enumerar os feitos da britânica Walton.","isolar expressão corretiva acerca da britânica","explicar um termo antecedente, no caso, quem é a britânica Caz Waltson.","resumir o fato de que Caz Walton fez um depoimento ao Comitê Paralímpico Internacional.","especificar o feito histórico de que a britânica foi a única medalhista paralímpica.","c"
"ef249c16-5f09-4072-adbf-25afe3b026a0","Português","CMM - 2024/2025","Colégio Militar de Manaus",2024,NA,"Assinale a alternativa em que a palavra destacada tem a mesma classificação tônica do termo sublinhado em ""a trajetória deste evento remonta ao **período** pós-Segunda Guerra Mundial” (l. 2, 3).","""em um hospital **inglês**"" (l. 3).","""muitos com **lesões** na coluna"" (l. 6).","""A **perspectiva** de vida para essas pessoas"" (l. 8).","""do centro nacional **britânico** de traumatismos"" (l. 12).","""não apenas **ajudaria** no condicionamento físico"" (l. 15).","d"
"58b2ab90-f38c-4177-82c5-c93078f3bb32","Português","CMM - 2024/2025","Colégio Militar de Manaus",2024,NA,"No trecho “Naquele tempo depois da guerra, os militares feridos – muitos com lesões na coluna que os deixaram paralisados – eram encaminhados ao hospital Stoke Mandeville, no interior da Inglaterra, para tratamento” (l. 6 a 8), há:","Um pronome demonstrativo e um pronome pessoal","Um pronome demonstrativo, um pronome pessoal e um pronome possessivo","Dois pronomes demonstrativos","Dois pronomes pessoais","Um pronome pessoal e um pronome possessivo","a"
"c1cc8cc0-70b6-46dc-8cea-44f38fd77471","Português","CMM - 2024/2025","Colégio Militar de Manaus",2024,NA,"  ![](1761580457_Captura de tela 2025-10-27 125408.png){width=300px} 

Releia o trecho “Além de servir como uma porta de entrada para atletas promissores em eventos olímpicos, a Olimpíada da Juventude tem o objetivo de inspirar jovens de todo o mundo a praticar esportes[...]”(l. 1, 2). Dentro do contexto em que está inserido, o vocábulo “promissores” pode ser substituído, sem mudança de sentido por:"," Desvantajosos","Adversos","Auspiciosos","Perniciosos","Danosos","c"
"f8b81417-70cd-4727-bca5-b39a6f70c041","Português","CMM - 2024/2025","Colégio Militar de Manaus",2024,NA,"No trecho analisado no item anterior, “Além de servir como uma porta de entrada para atletas promissores em eventos olímpicos, a Olimpíada da Juventude tem o objetivo de inspirar jovens de todo o mundo a praticar esportes...” (l. 1, 2), a expressão “porta de entrada”:","Tem sentido literal, pois se refere ao local por onde os atletas promissores devem começar a praticar esportes.","Está no sentido figurado e significa “oportunidade inicial” ou “ponto de partida”.","É uma suavização da ideia de “inspiração”, pois nem todo atleta participa da Olimpíada da Juventude.","Cria um exagero desnecessário, pois a Olimpíada da Juventude não garante que os atletas participem dos Jogos Olímpicos.","Refere-se a um tipo de equipamento esportivo usado nos eventos olímpicos.","b"
"111bdeea-1a51-40af-beed-fb2ee88775fd","Português","CMM - 2024/2025","Colégio Militar de Manaus",2024,NA,"O texto III pretende","informar o leitor jovem sobre a prescindibilidade da prática de esportes.","banalizar as modalidades olímpicas juvenis a partir da formação de equipes mistas","chamar a atenção dos atletas veteranos para esse novo tipo de Olimpíada.","preparar atletas jovens para competirem nas Olimpíadas de 2028.","destacar a importância da prática de várias modalidades esportivas, objetivando a melhora do desporto entre jovens de todo o mundo, por meio da Olimpíada da Juventude.","e"
"dfd1487f-c7d6-4273-a370-61fcb79b0d41","Português","CMM - 2024/2025","Colégio Militar de Manaus",2024,NA,"Releia o trecho a seguir e indique a alternativa que substitui o termo destacado, sem alterar seu sentido no contexto.

“Além disso, a competição aceita **ainda** que atletas formem equipes mistas entre o sexo masculino e feminino”. (l. 8, 9)","ainda que","ainda assim","logo","inclusive","mesmo assim","d"
"9215bce5-bb4c-4483-bd80-bc3b906cd4f9","Português","CMM - 2024/2025","Colégio Militar de Manaus",2024,NA,"  ![](1761581084_Captura de tela 2025-10-27 130303.png){width=300px} 
  ![](1761581109_Captura de tela 2025-10-27 130502.png){width=300px} 

A história em quadrinhos constitui-se da linguagem verbal associada a elementos não verbais. No último quadrinho da tira, as expressões faciais mostram:","Desdém","Indignação","Surpresa","Assombro","Entusiasmo","e"
"c8ebe297-f8d3-4cce-a9ca-a343edfadcb4","Português","CMM - 2024/2025","Colégio Militar de Manaus",2024,NA,"Assinale o item que justifica o uso da vírgula no excerto do terceiro quadrinho: “Já entendemos, Barão!”.","A vírgula foi usada de maneira errônea no fragmento, por ser de uso proibido antes de nome próprio.","Trata-se de uso equivocado, já que a ordem correta do trecho seria: “Barão, já entendemos!”.","O uso da vírgula é obrigatório, uma vez que isola um chamamento dentro da frase.","No caso em análise, o uso da vírgula é facultativo por fazer a retomada ao nome próprio Pierri de Fredi.","Justifica-se o uso proibitivo da vírgula, pois ela enfatiza o termo Barão.","c"
"d4f0a2a1-b953-4152-b8c9-5287526a1789","Português","CMM - 2024/2025","Colégio Militar de Manaus",2024,NA,"Ainda sobre o trecho analisado no item anterior, a forma verbal na frase “Já entendemos, Barão! ”indica uma ação no pretérito perfeito do modo indicativo. Se quiséssemos colocar tal verbo no futuro do pretérito do mesmo modo, a grafia correta seria:"," entenderíamos","entendíamos","entendêramos","entendermos","entenderemos","a"
"e974bca1-c10c-4c3c-ae8e-74905da47b1b","Português","CMM - 2024/2025","Colégio Militar de Manaus",2024,NA,"O uso de aspas no primeiro e segundo quadrinho da historinha indica:","Uma citação direta do livro que o personagem está lendo no primeiro quadrinho.","O pensamento de Pierre de Fredi, o barão de Coubertin.","O início do diálogo de Titi com os demais personagens da Turma da Mônica.","A marcação de estrangeirismos, uma vez que o personagem era francês.","A fala de um narrador desconhecido.","e"
"f6d9f037-e521-433d-95fd-a6b37ff82926","Matemática","V - Números Decimais","Colégio Militar de Belém",2024,NA,"As olimpíadas de 2024 realizadas em Paris, contaram com um excelente resultado das
meninas da ginástica artística brasileira que conquistaram o resultado inédito para o Brasil, a
medalha de bronze. A pontuação dos Estados Unidos foi 171,3 e a do Brasil foi 4% menor que
essa. Calcule a nota que deu a medalha de bronze ao Brasil.","165,5","165,3","164,8","164,4","154,5","d"
"33a49f1b-0ecb-44d3-a7aa-0cea32d3880c","Matemática","V - Números Decimais","Colégio Militar de Belém",2024,NA,"O significado da Estrela de Davi é multifacetado. Em muitos contextos, ela é vista como um
símbolo de proteção. A forma da estrela é composta por dois triângulos sobrepostos. Observe
a Estrela de Davi, abaixo, em que a soma dos números em cada reta é igual a 5,2. Confira:
2,4+ 0,8+ 1,4 + 0,6 = 5,2. Diante da explicação, quais são os números indicados nas posições
1, II, III e IV, respectivamente, para que as somas dos números na mesma reta sejam 5,2?

  ![](1761659343_Captura de tela 2025-10-28 104834.png){width=300px} ","I-1; II- 2; III- 1,3; IV- 2,2.","I- 2; II- 1; III- 1,2; IV-2,1.","I - 1; II- 1,8; III- 1,2; IV-2,2.","I-1; II- 1,8; III- 1,5; IV- 2,3.","I-2; II- 2; III- 1,3; IV- 2,1.
","c"
"f13c4037-eaa7-4d68-8ba1-62cf5613ffa4","Matemática","II - As 4 Operações","Colégio Militar de Belém",2024,NA,"Pedro é aluno do curso de Direito e também adora dançar. Para ajudar nos custos da sua festa
de formatura, resolveu ofertar aulas de dança ao preço de $R\$ 36,00$ a hora, por aluno. Sabendo
que ele tem disponibilidade apenas de 2h por dia para um total de 3 alunos por hora, quantos
dias ele precisará trabalhar para juntar o valor de R$ 4.968,00, ministrando aulas 2 dias por
semana com seus horários na capacidade máxima?","13 dias","21 dias","23 dias","31 dias","43 dias","c"
"0b9bf8f4-af7b-4c7f-9ac2-9b0eff5a817e","Matemática","VI - Medidas Geométricas","Colégio Militar de Belém",2024,NA,"Ao cobrar um escanteio no jogo de futebol, um jogador tocou a bola para o outro, que chutou
direto ao gol, como demonstra o desenho abaixо:

  ![](1761659769_Captura de tela 2025-10-28 105549.png){width=300px} 

Considerando as medidas ilustradas na imagem, calcule o perímetro do triângulo tracejado,
sabendo que o perímetro do campo é 40 m.","11 m","11,5 m","12 m","12,5 m","13 m","c"
"185dd6ad-e9e7-47d5-bfa9-6e44406dcfc4","Matemática","VII - Tratamento da Informação","Colégio Militar de Belém",2024,NA,"Três alunos, A, Be C, estão participando de um concurso público. Para avaliar esses alunos,
a banca optou por fazer cinco provas, a partir das quais o aluno deveria ter a média aritmética
maior que 6 para ser aprovado no referido concurso. Na tabela, estão dispostas as notas que
cada aluno tirou nas respectivas provas.

  ![](1761659850_Captura de tela 2025-10-28 105722.png){width=300px} 

Com base nos dados da tabela e nas informações dadas, ficará(ão) reprovado(s)","apenas o aluno C","apenas o aluno B","apenas os alunos A e B","apenas os alunos B e C","os alunos A, B e C","a"
"b2fd345c-1447-4589-9ff6-c89a938d4daa","Matemática","I - Sistema de Numeração","Colégio Militar de Belém",2024,NA,"Bruna desafiou sua amiga em uns cálculos matemáticos e, para tornar ainda mais interessante
a disputa, resolveu escrever a expressão em algarismos romanos, como demonstrado abaixo:

  ![](1761659971_Captura de tela 2025-10-28 105921.png){width=300px} 

Qual o resultado correto da expressão?","CLX","CVX","CXXXVI","CLI","MLX","a"
"3f8387b4-f241-4d0f-9e04-c6083cb294c1","Matemática","V - Números Decimais","Colégio Militar de Belém",2024,NA,"Uma pesquisa foi realizada com os 648 alunos do CMBEL, na qual foi feito um levantamento sobre o gênero musical que cada um gosta. Os resultados estão descritos no gráfico de setores a seguir:

  ![](1761660051_Captura de tela 2025-10-28 110040.png){width=300px} 

O percentual e a quantidade de alunos que gostam de MPB é:","8% e 81","10% e 64","15% e 120","25% e 162","25% e 180","d"
"071a5758-e52f-4608-989a-8269a0d4259a","Matemática","VI - Medidas Geométricas","Colégio Militar de Belém",2024,NA,"Júlio trabalha no Colégio Militar de Belém e mora na cidade de Castanhal, ele passa a semana
no Colégio e só retorna na sexta para sua cidade. Sabendo que a distância em hectômetro de
Belém à Castanhal é de 752 hm, calcule a distância percorrida por Júlio para ir e voltar na sua
cidade durante 4 finais de semanas seguidos.","601,6 m","60,16 Km","60016 m","60016 Km","601600 m","e"
"cc072c91-a340-40c0-85df-6f2fb2c526f9","Matemática","VI - Medidas Geométricas","Colégio Militar de Belém",2024,NA,"Observe a figura a seguir:

  ![](1761660281_Captura de tela 2025-10-28 110431.png){width=300px} 

Observe que AxB= C.
Seguindo a mesma lógica dos blocos anteriores, os valores de D, E e F, respectivamente, são:

  ![](1761660317_Captura de tela 2025-10-28 110508.png){width=300px} ","$D = \frac{1}{2}, E=\frac{3}{2} e F=\frac{1}{4}$","$D = \frac{1}{2}, E=\frac{3}{2} e F=\frac{1}{3}$","$D = \frac{1}{3}, E=\frac{3}{4} e F=\frac{1}{2}$","$D = \frac{1}{3}, E=\frac{3}{8} e F=\frac{1}{5}$","$D = \frac{1}{3}, E=\frac{3}{2} e F=\frac{1}{2}$","e"
"3126f4ae-1878-4f91-b93b-179721d6a180","Matemática","IV - Frações","Colégio Militar de Belém",2024,NA,"Samuel gosta de correr no Parque do Utinga aos fins de semana junto com seu amigo Rodrigo.
Certo dia, eles apostaram uma corrida de 2700 metros, em que Rodrigo percorreu ao todo $\frac{12}{36}$ do total da distância apostada e Samuel percorreu o dobro de $\frac{15}{18}$ da distância percorrida por Rodrigo. Assim, podemos afirmar que:
","Samuel ganhou com uma diferença de 325 m em relação a Rodrigo.","Samuel ganhou com uma diferença de 600 m em relação a Rodrigo.","Samuel ganhou com uma diferença de 650 m em relação a Rodrigo.","Samuel perdeu com uma diferença de 600 m em relação a Rodrigo.","Samuel perdeu com uma diferença de 650 m em relação a Rodrigo.","b"
"1cd3504d-ceee-49e5-a5ff-7e9b0575cc04","Matemática","VI - Medidas Geométricas","Colégio Militar de Belém",2024,NA,"Minecraft é um jogo que consiste na utilização de blocos a fim de construir mundos, em um
universo virtual. Considerando o cubo abaixo, cujo volume é igual a 27 m³ e que a copa da
árvore é formada por três camadas de cubos e a segunda camada tem cinco cubos, quantos
cubos precisam ser utilizados para que a copa da árvore vire um único cubo com três camadas completas e qual seria a área em m² da face superior dela, respectivamente?

  ![](1761660662_Captura de tela 2025-10-28 111042.png){width=300px}   ![](1761660666_Captura de tela 2025-10-28 111053.png){width=300px} ","12 cubos e 81 m²","14 cubos e 11 m²","10 cubos e 81 m²","27 cubos e 36 m²","11 cubos e 101 m²","a"
"bc27ef84-398a-4cb0-aff7-66bac47562e2","Matemática","VI - Medidas Geométricas","Colégio Militar de Belém",2024,NA,"Observe os dois mapas. No primeiro, estão assinaladas as regiões devastadas pelo
desmatamento e, no segundo, o território preservado:

  ![](1761660773_Captura de tela 2025-10-28 111239.png){width=300px}

 Com base nas informações anteriores, quantas vezes a área da região preservada cabe na
área do território devastado, aproximadamente?","12,5.","13,3.","14,2.","15,1.","16,5.","b"
"50ede3ed-9eb3-4fc2-bd93-496c4ff7a467","Matemática","VI - Medidas Geométricas","Colégio Militar de Belém",2024,NA,"Em uma festa de aniversário, os convidados devem se dirigir a uma das cinco máquinas de
sorvete disponíveis para pegar sua sobremesa. Num dado momento, o tempo gasto por essas
máquinas para servir cada convidado e o número de pessoas presentes em cada fila estão
apresentados em uma tabela, como mostrado na tabela a seguir:

  ![](1761660853_Captura de tela 2025-10-28 111405.png){width=300px} 

Um convidado que chegou atrasado deseja ser servido o mais rápido possível, a máquina que
ele deverá escolher será:","1","2","3","4","5","b"
"be825f38-e56d-469a-810a-0d98b3e843b3","Matemática","VII - Tratamento da Informação","Colégio Militar de Belém",2024,NA,"Em uma aula de Matemática, uma professora organizou um jogo com cartões nos quais estão
escritos diversos números, conforme mostra o esquema a seguir:

  ![](1761660946_Captura de tela 2025-10-28 111539.png){width=300px} 

Um aluno marca pontos com a soma dos números expressos nos cartões.
Se um aluno tira o cartão 7,9 e deseja obter a pontuação 8,65, qual o total de possibilidades,
retirando apenas mais um cartão, ele tem de obter este resultado?","2","3","4","5","6","d"
"013f211e-144a-450d-8654-b9347b237222","Matemática","VI - Medidas Geométricas","Colégio Militar de Belém",2024,NA,"""Apoio ergonômico para os pés"", este é o nome dado a uma estrutura com formato de um
prisma triangular que auxilia na postura de quem trabalha por muitas horas sentado, como
podemos observar na imagem:

  ![](1761661020_Captura de tela 2025-10-28 111653.png){width=300px} 

Considere o prisma abaixo e sua planificação ao lado. Qual o perímetro desta planificação?

  ![](1761661064_Captura de tela 2025-10-28 111738.png){width=300px} ","370 cm","410 cm","340 cm","420 cm","300 cm","c"
"46407371-1568-4edc-bbd0-83e058ad396c","Matemática","V - Números Decimais","Colégio Militar de Belém",2024,NA,"Você possui um mapa de casas numeradas e deseja descobrir uma palavra, seguindo um caminho específico. O mapa, adiante, contém várias casas, cada uma com um número diferente. O caminho é indicado por setas que mostram a direção a ser seguida.

***Instruções:***

- Comece na casa marcada como ""Entrada"".
- Siga o caminho indicado pelas setas, escolhendo sempre a casa com o número mais próximo ao número da casa onde você está.
- Continue seguindo essa regra até chegar na casa marcada como ""Saída"".

  ![](1761661166_Captura de tela 2025-10-28 111912.png){width=300px} 

Qual é a palavra formada seguindo o caminho das setas, a partir da entrada até a saída?","Jararaca","Jamanta","Jacaré","Jaburu","Jabuti","a"
"d2aa2e86-f259-4a4c-8865-72ad40bd9479","Matemática","IV - Frações","Colégio Militar de Belém",2024,NA,"Uma aluna, que sempre gostou de brincar com Matemática e com códigos, deixou para sua amiga o seguinte bilhete:

  ![](1761661426_Captura de tela 2025-10-28 112337.png){width=300px} 

Sabendo que o contato dela contém 8 digitos, o número de telefone será:","98178-2391","98181-2406","98182-2411","98188-2441","98139-4197","b"
"4dc327b5-5f81-47b4-bb67-ad914d33363c","Matemática","VII - Tratamento da Informação","Colégio Militar de Belém",2024,NA,"No dia do estudante, o Colégio Militar do Rio de Janeiro (CMRJ) resolveu sortear alguns brindes entre seus alunos. Havia 46 alunos presentes que representavam suas turmas, conforme a distribuição disposta no gráfico a seguir:

  ![](1761661514_Captura de tela 2025-10-28 112504.png){width=300px} 

Entre todos os alunos presentes, um foi sorteado para ganhar o brinde. De acordo com o gráfico, assinale a alternativa que expressa a probabilidade do aluno sorteado ser da turma D.","6/23","8/46","4/23","4/46","3/23","e"
"d86536c4-0f64-4b47-b04e-cda5ccc7871a","Matemática","V - Números Decimais","Colégio Militar de Belém",2024,NA,"A COP 30 é uma Conferência das Nações Unidas sobre as mudanças climáticas, a qual irá acontecer em novembro de 2025, em Belém do Pará. Estão ocorrendo várias obras e reformas na cidade com intuito de melhorar a infraestrutura e ter um melhor acolhimento dos participantes. A seguir, temos uma tabela com diversos materiais que serão utilizados na reforma da Estação das Docas.

  ![](1761661611_Captura de tela 2025-10-28 112644.png){width=300px} 

A empresa que será responsável por essas reformas irá comprar os materiais da tabela. Após somar o valor da compra, o vendedor concedeu um desconto de 10% sobre o valor total da nota. O pagamento foi feito dando uma entrada no valor de R$ 2.037,66 e o restante será pago em 5 parcelas mensais iguais. Nessas condições, o valor mensal de cada parcela será:
","R$ 1.400,00","R$ 1.500,00","R$ 1.650,00","R$ 2.400,00","R$ 2.600,00","d"
"318239ec-bedf-4ecb-9c7f-8cc9f1add58b","Matemática","III - Múltiplos e Divisores","Colégio Militar de Belém",2024,NA,"  ![](1761661731_Captura de tela 2025-10-28 112808.png){width=300px} 

Ao chegarem ao boliche, os quatro amigos começaram a conversar. Cebolinha, então, resolveu explicar uma nova forma de jogar boliche.

Cebolinha começa explicando que o jogo é em dupla e as regras são as seguintes:

1. A cada rodada, os jogadores devem analisar dois arranjos de garrafas constituídos de números de 1, 2, 3 e 4 algarismos. O primeiro objetivo é calcular os valores de MMC (Mínimo Múltiplo Comum) e MDC (Máximo Divisor Comum) para os pares de números.
2. Para ganhar uma rodada, é preciso preencher corretamente a tabela de MMC e MDC.

Exemplo:

  ![](1761661788_Captura de tela 2025-10-28 112824.png){width=300px} 

Agora, os amigos iniciaram o jogo e os arranjos estão dispostos abaixo.

  ![](1761661822_Captura de tela 2025-10-28 112832.png){width=300px} 

Sabendo que Cebolinha e Mônica acertaram tudo na primeira rodada, a tabela correta de MMC e MDС que eles preencheram foi:","  ![](1761661855_Captura de tela 2025-10-28 113046.png){width=300px} ","  ![](1761661877_Captura de tela 2025-10-28 113110.png){width=300px} ","  ![](1761661899_Captura de tela 2025-10-28 113129.png){width=300px} ","  ![](1761661922_Captura de tela 2025-10-28 113154.png){width=300px} ","  ![](1761661946_Captura de tela 2025-10-28 113217.png){width=300px} ","c"
"26a1f64d-6c2e-49b5-8232-acfa47b996e2","Português","CMBel - 2024/2025","Colégio Militar de Belém",2024,NA,"  ![](1761662015_Captura de tela 2025-10-28 113304.png){width=300px} 
  ![](1761662044_Captura de tela 2025-10-28 113355.png){width=300px} 
  ![](1761662076_Captura de tela 2025-10-28 113426.png){width=300px} 
  ![](1761662100_Captura de tela 2025-10-28 113450.png){width=300px} 

O texto I, ao narrar a história de um menino que sonhava em ser canoeiro, evidencia o gênero","fábula, com o intuito de expor ensinamentos, a partir da presença de uma moral da história
e do recurso da personificação de diversos animais pitorescos.
","conto, que neste caso se propõe a despertar uma reflexão de vida, a partir de conversas
alegóricas, em uma narrativa curta e com poucos personagens.","crônica, a fim de exibir um fato do cotidiano, a partir de uma reflexão crítica de caráter irônico
aos anseios socioculturais do dia a dia das crianças ribeirinhas.","lenda, com o objetivo de instigar o imaginário humano, a partir de uma narrativa fantasiosa
que mistura um fato histórico com um fato místico ou sobrenatural.","relato de viagem, com o intuito de descrever experiências e memórias vividas, a partir de um
diário de viagem escrito sobre lugares incomuns na infância.","b"
"c4432566-ac21-4c69-a875-1a9eeebd4bab","Português","CMBel - 2024/2025","Colégio Militar de Belém",2024,NA,"Quanto aos elementos da narrativa, presentes no texto I, analise as afirmativas a seguir e, em seguida, assinale a alternativa na qual há a sequência correspondente à veracidade das informações, sendo V para ""verdadeiro"" e F para ""falso"".

I - O personagem principal é um menino.
II - Apresenta-se um narrador onisciente.
III -O foco narrativo está em 1a pessoa.
IV - Há um velho poeta como personagem secundário.","V-V-V-V","V-F-V-F","F-V-F-V","V-V-F-F","F-F-F-V","d"
"dcdc29e6-d669-4e90-9532-6f0264afa7e4","Português","CMBel - 2024/2025","Colégio Militar de Belém",2024,NA,"Releia o trecho:

**""- Tu hás de ser canoeiro para transportar teus sonhos e os sonhos de teus irmãos
através dos mares do mundo!""** (Linhas 8 e 9)

No que se refere ao uso dos sinais de pontuação, observa-se a presença do travessão para","realçar uma curiosidade.","destacar uma citação de algo.","indicar um questionamento.","isolar uma expressão intercalada.","introduzir a fala de um personagem.","e"
"78c3a21f-f71c-4de6-9cfb-fa854061ce4a","Português","CMBel - 2024/2025","Colégio Militar de Belém",2024,NA,"Assinale a alternativa em que a palavra sublinhada e em negrito faz referência ao termo entre
parênteses, considerando sua aplicação no texto I.","""[...] e então, com toda a força de sua alma, pediu a **ela** que queria ser canoeiro"" (toda).
(Linhas 5 e 6)","""Veja: a **sua** canoa é resistente como a esperança, veloz como a luz"" (esperança).
(Linha 32)","""[...] ele e seus irmãos deitavam no trapiche [...] **cada qual** fazia um pedido"" (ele e seus
irmãos).
(Linhas 3 e 4)","""[...] a estrela respondeu-**Ihe** com seu verbo prenhe de amor e luz [...]"" (estrela).
(Linha 29)","""Vá levar sua carga de sonhos a quem **dela** careça, vá iluminar caminhos [...]"" (caminhos).
(Linhas 35 e 36)","c"
"736939e3-22ea-4dcb-9031-21ae3e6ac1ac","Português","CMBel - 2024/2025","Colégio Militar de Belém",2024,NA,"A partir da aplicação no contexto da frase ""[...] como os seus barquinhos de mututi a **singrar** as águas de sua fantasia"" (Linha 33), o sentido da palavra sublinhada e em negrito é
","deformar, desconstruir.","pegar, apalpar.","sangrar, cortar.","abater, amortecer.","navegar, percorrer.","e"
"8b1eb74a-7356-444a-a5d1-d313bbf50bd7","Português","CMBel - 2024/2025","Colégio Militar de Belém",2024,NA,"No penúltimo parágrafo do texto, a estrela, ao ser cobrada pelo menino sobre a antiga promessa, responde da seguinte forma:

**""-Oh!, meu caro poeta, então você não percebeu que se tornou canoeiro há muito tempo?!
Que você já viaja pelos mares do mundo levando seus sonhos e os sonhos de seus irmãos
como eu havia prometido?! Veja: a sua canoa é resistente como a esperança, veloz como a luz e indestrutível como o pensamento.""** (Linhas 31 e 33)

Pode-se concluir, assim, que ele já havia se tornado canoeiro, como pedido, isto porque o ofício de canoeiro, relacionava-se ao fato dele","ter sonhos mágicos com estrelas."," produzir barquinhos físicos de mututi.","viajar pelos caminhos da poesia.","velejar, literalmente, por águas tenebrosas.","seguir um rastro luminoso no céu.","c"
"1a620c6b-9b55-42f5-9d9c-da2b00c4cbcc","Português","CMBel - 2024/2025","Colégio Militar de Belém",2024,NA,"Na frase ""E o tempo, verdugo implacável, **punha pegadas em seu rosto e neve em seus cabelos""** (Linhas 23 e 24), a expressão em destaque remete-se a ideia de que","o homem caminhava com lentas pegadas e preocupações na cabeça.","o rosto e os cabelos do homem espelhavam as marcas do passar do tempo.","a vida estava pisando no rosto do homem e desarrumando seus cabelos.","o rosto e os cabelos do homem permaneciam intactos mesmo dia após dia.","o homem modificou seu rosto e os cabelos para atender as vontades do tempo.","b"
"ec568443-723c-4994-81aa-cee6e0d093e4","Português","CMBel - 2024/2025","Colégio Militar de Belém",2024,NA,"  ![](1761662972_Captura de tela 2025-10-28 114912.png){width=300px} 

OBSERVAÇÃO: a ordem dos quadrinhos está marcada nos cantos superiores de cada um deles, de modo que, para situar o candidato, referencia-se, ao longo das questões, como 'Q1' para ""Quadrinho 1' e, assim, sucessivamente, até o sétimo quadrinho (Q7).

O texto II remete-se ao dia 19 de novembro, quando comemoramos o Dia da Bandeira. Nesse sentido, essa História em Quadrinho apresenta como **temática central**","as cerimônias civis realizadas nos quarteis brasileiros.","os usos da Bandeira Nacional em diferentes momentos.","a falta de ensino de valores e tradições nas escolas.","o conhecimento dos usos da palavra bandeira na sala de aula.","a importância do luto na incineração da Bandeira Nacional.","b"
"76578cc6-0995-400a-bbc0-75a4192a78fb","Português","CMBel - 2024/2025","Colégio Militar de Belém",2024,NA,"Ao longo da história, o autor utiliza-se da sinonímia para a construção do sentido textual, o que pode ser constatado no trecho:
","""Na Praça dos Três Poderes, em Brasília, encontra-se a maior bandeira do Brasil"" (Q5), em
que se especifica o local de hasteamento da bandeira.","""Porque só assim não dou bandeira por aí! Não é?"" (Q6), em que se reforça a história sobre
o que acontece com a bandeira após seu hasteamento.","""Eu me lembro de uma vez em que a bandeira da escola estava no meio do mastro"" (Q3), о
que explica porque que a bandeira é colocada a meio mastro.","""E no Dia da Bandeira, ao meio-dia, os quartéis realizam uma cerimônia cívico-militar"" (Q1),
em que se explica o horário de hasteamento da bandeira.","""Com isso, as bandeiras consideradas sem condições de uso são incineradas, ou seja,
queimadas""(Q1), em que se esclarece o que significa incinerar a bandeira.","e"
"dee4bf32-2cbb-49b0-8e1b-4568ef06ab94","Português","CMBel - 2024/2025","Colégio Militar de Belém",2024,NA,"Quanto à tonicidade, assinale a alternativa correta, referente às palavras a seguir, retiradas do texto II:","""queimada"" (Q1) - trata-se de uma paroxítona não acentuada, pois termina em ""-a"".","""espero"" (Q6) - classifica-se como uma proparoxítona não acentuada, pois inicia em ""e-"".","""bandeira"" (Q1)- configura-se como uma oxítona devido à presença do ditongo ""-ei"".
","""escola"" (Q3) - constitui-se como uma proparoxítona não acentuada, pois termina em ""-а"".","""incinerada"" (Q1) - trata-se de uma paroxítona não acentuada, pois inicia em ""i-"".","a"
"4a37173a-6876-449d-a8c9-1af914a9fc6e","Português","CMBel - 2024/2025","Colégio Militar de Belém",2024,NA,"No trecho ""eu me lembro de uma vez que a bandeira da escola estava no meio do mastro"" (Q3),
observa-se a utilização da palavra:","""meio"", enquanto pronome demonstrativo, que evidencia a localização da bandeira na parte
intermediária do mastro.","""me"", como pronome pessoal do caso oblíquo, em referência à primeira pessoa do singular
no discurso.","""uma"", como pronome indefinido, evidenciando a imprecisão temporal do hasteamento da
bandeira.","""eu"", enquanto pronome pessoal do caso reto, em referência à terceira pessoa do singular no
discurso.
","""que"", como pronome interrogativo, em questionamento à lembrança histórica da bandeira na
escola.","b"
"23fbf9ae-7d40-42c5-bff4-0d7c9e8740a9","Português","CMBel - 2024/2025","Colégio Militar de Belém",2024,NA,"No penúltimo quadrinho, do texto II, um aluno interpela o personagem ""Recrutinha"": ""Por que só assim não dou **bandeira** por aí! Não é?"" (Q6). A palavra em destaque é utilizada
","na acepção conotativa, expondo que o aluno aprendeu de forma inadequada os
conhecimentos repassados.
","no sentido denotativo, evidenciando a dificuldade do aluno em compreender os conhecimentos sobre os símbolos nacionais.
","em seu significado literal, remetendo ao símbolo nacional que representa o país em
cerimônias e eventos.","de maneira figurada, significando que o aluno espera ter aprendido os ensinamentos para
não cometer equívocos futuros.","de modo apelativo, elucidando as concepções de uso da bandeira nas diversas cerimônias e
eventos nacionais.","d"
"2d0dc97d-e939-4d34-978a-d7764bf0cbba","Português","CMBel - 2024/2025","Colégio Militar de Belém",2024,NA,"  ![](1761663351_Captura de tela 2025-10-28 115534.png){width=300px} 

A informação principal contida no cartaz reflete sobre como","o uso do celular é irrelevante no ensino dos conteúdos escolares.","o celular é a maior fonte de conhecimento dos estudantes.","o uso irrestrito do celular melhora o desempenho dos estudantes.","o celular deve ser proibido para os alunos em sala de aula.","o uso do celular pode ter resultados distintos no ambiente escolar.","e"
"aef96b9b-e1e7-45cd-bb60-41bce4247a3c","Português","CMBel - 2024/2025","Colégio Militar de Belém",2024,NA,"A mensagem transmitida pelo cartaz, a partir do uso da imagem de uma cápsula de remédio recheada de celulares, é","reforçada, demonstrando que o remédio e o celular são dois fatores indissociáveis em sala.","refutada, expondo a semelhança entre o uso do celular e dos remédios em sala de aula.","confirmada, comprovando a relação imprescindível entre o uso de remédio e celular juntos.","atenuada, uma vez que não fica explícita a relação entre o uso do celular e de remédios.","reiterada, remetendo-se à comparação dos efeitos do celular com os efeitos dos remédios.","e"
"086736dd-b3a4-40e2-bd42-8f08373e1542","Português","CMBel - 2024/2025","Colégio Militar de Belém",2024,NA,"No trecho ""pode ser **benéfico** ou fatal"", a palavra sublinhada e em negrito apresenta o morfema [-fico] que é um","sufixo, expressando ""que faz"".","prefixo, significando ""que forma"".","afixo, denotando ""que falseia"".","sufixo, exprimindo ""que firma"".","prefixo, configurando ""que fita"".","a"
"0146feee-d716-4a54-8c23-763d996f274c","Português","CMBel - 2024/2025","Colégio Militar de Belém",2024,NA,"A frase ""O uso do celular na sala de aula é como tomar remédio"" indica, de maneira geral, um(a)","fato, pois é uma constatação científica.","opinião, pois reflete uma perspectiva social.","vontade, pois demonstra um desejo pessoal.","opinião, pois é uma comparação implícita.","fato, pois expõe uma regra geral indiscutível.","b"
"d31e3fa4-13f8-4168-b589-59d4a0069ec7","Português","CMBel - 2024/2025","Colégio Militar de Belém",2024,NA,"  ![](1761663652_Captura de tela 2025-10-28 120046.png){width=300px} 

O que caracteriza o teor humorístico dos textos IV e V, de maneira geral, são os usos das palavras","rosado e maduro.","pedaço e inteiro.","manga e mamão.","pedacinho e passarinho.","bagaço e colheita.","c"
"c9c58a75-3518-49c8-b653-7e33525640e9","Português","CMBel - 2024/2025","Colégio Militar de Belém",2024,NA,"É sabido que o modo subjuntivo é usado para expressar o desejo ou a possibilidade de que alguma coisa aconteça. Assinale a forma correta do verbo ""estragar"", retirado da frase ""Pois ela inteira se estraga"", no modo subjuntivo, tempo presente, para a terceira pessoa do singular.","""que ela inteira se estragasse.""","""que ela inteira teria estragado"".","""que ela inteira se estrague"".","""que ela inteira tinha estragado.""","""que ela inteira estragara.""","c"
"1acc8b14-f5ea-47d6-b6d7-ea319825f81f","Português","CMBel - 2024/2025","Colégio Militar de Belém",2024,NA,"Dos excertos a seguir, extraídos dos textos IV e V, assinale a alternativa em que o termo destacado pertence à classe dos substantivos.","Eu tenho **manga** rosada.","Não dá pra **matar** a fome.","No **alto** do mamoeiro.","Bem **antes** que alguém avance.","Passarinho se **aproveita.**","a"
"b7bf8123-e506-40e8-8f37-042386a3a136","Português","CMBel - 2024/2025","Colégio Militar de Belém",2024,NA,"Considere o trecho abaixo extraído do texto V:

**""Bem antes que alguém avance,
Passarinho come inteiro""**

Neste caso, pode-se afirmar que a vírgula foi empregada para","marcar a omissão do verbo.","enumerar uma lista na oração.","expressar uma surpresa no texto.","deslocar uma expressão de tempo.","situar um endereço na frase.","d"
"51b982ce-54fa-44ae-baf0-327ab91fe010","Matemática","III - Múltiplos e Divisores","Colégio Militar de Belo Horizonte",2024,NA,"Um aluno do CMBH resolveu escrever a sequência de todos os números naturais, começando pelo número 1, sem separá-los, ou seja, 1234567891011..., e assim por diante. Em determinado momento observou que já havia escrito 6989 algarismos. Assim, o próximo algarismo que escreverá após ter feito aquela constatação será o
","2","3","4","5","6","a"
"7eadce17-833b-40fa-8cf3-333557be5bfd","Matemática","V - Números Decimais","Colégio Militar de Belo Horizonte",2024,NA,"No laboratório de Biologia do CMBH existem dois tanques destinados a pesquisas que, juntos, possuem 2160 litros de água. Em determinado dia, foram retirados do primeiro tanque 0,7 m³ de água e 460 dm³ de água
do segundo. Depois dessas retiradas, verificou-se que ambos os tanques ficaram com a mesma quantidade de água. Se V1 é o volume de água inicial do primeiro tanque e V2 é o volume de água inicial do segundo tanque, então a fração irredutível que representa $\dfrac{V2}{V1}$ é igual a","$\dfrac{3}{4}$","$\dfrac{23}{35}$","$\dfrac{12}{25}$","$\dfrac{4}{5}$","$\dfrac{7}{10}$","d"
"56a32bc0-a318-41e1-8bcf-65467f36da7e","Matemática","I - Sistema de Numeração","Colégio Militar de Belo Horizonte",2024,NA,"Um número é formado por meia unidade de 6ª ordem, meia unidade de 4ª ordem e duas unidades de 2ª ordem. A soma dos algarismos que compõem o menor número que satisfaz essas condições é igual a","8","10","12","14","16","c"
"087b122e-9e5b-4e0a-876c-9f5b76c4a8e3","Matemática","III - Múltiplos e Divisores","Colégio Militar de Belo Horizonte",2024,NA,"o dividir 1955 por 69, um aluno observou que o maior número que poderia somar ao dividendo dessa divisão, sem que o quociente se alterasse, é
","um número que possui seis divisores naturais."," primo.","menor que vinte e quatro.","múltiplo de sete.","escrito em algarismos romanos como XDVI.","a"
"8f91355c-14b8-4cb4-98be-a84d68109386","Matemática","III - Múltiplos e Divisores","Colégio Militar de Belo Horizonte",2024,NA,"O máximo divisor comum entre os números naturais A e B é igual a 2 e foi obtido utilizando-se o Algoritmo de Euclides, que produziu a tabela abaixo.

  ![](1761680023_Captura de tela 2025-10-28 163317.png){width=300px} 

Nessas condições, a diferença $A - B$ é igual a"," 186","224","298","324","330","e"
"ed4beab5-f5cc-485b-909f-51fac075b488","Matemática","IV - Frações","Colégio Militar de Belo Horizonte",2024,NA,"Depois que Dona Maria descobriu que crianças que assistem telas desde cedo podem ter um impacto negativo em suas habilidades na escola, decidiu diminuir o tempo de tela dos seus dois filhos. Antes, de segunda à sexta-feira, cada um de seus filhos passava 3/8 do dia dormindo, 11/48 do dia na escola e 7/19 do restante do tempo do dia utilizando telas. Se ela diminuiu o tempo diário de tela pela metade, qual é o novo tempo de tela que cada um dos filhos da Dona Maria terá, diariamente, de segunda à sexta-feira?
"," 35 minutos."," 60 minutos.","105 minutos.","150 minutos.","175 minutos.","c"
"0a286ab6-1741-40dd-b3da-b026afef983d","Matemática","IV - Frações","Colégio Militar de Belo Horizonte",2024,NA,"Decidida a fazer uma mudança nos hábitos da família, Dona Maria implementou novas regras para equilibrar melhor o tempo entre atividades digitais e outras mais saudáveis também nos fins de semana.

*Antes da mudança:*

- Dona Maria: Passava $4\frac{1}{6}$ de hora por dia em frente às telas.
- João: Passava $\frac{19}{4}$ de hora por dia jogando no tablet e assistindo vídeos.
- Clara: Usava o celular e assistia TV por 6,2 horas diárias.

*Após a mudança:*

- Todos reduziram seu tempo de tela para 2 horas diárias.
- Dona Maria: Por dia, dedica 2 horas à leitura e $\frac{5}{4}$ de hora a caminhadas no parque.
- João: Passa $2\frac{3}{5}$ de hora lendo livros e 0,75 hora jogando futebol, diariamente.
- Clara: Dedica $\frac{11}{3}$ de hora à leitura e $\frac{3}{2}$ de hora andando de bicicleta, em cada dia do final de semana.

Com essa mudança, Dona Maria notou que a família passou a ter uma rotina mais equilibrada, com mais tempo dedicado a atividades que promovem bem-estar e saúde, além de um uso mais consciente das tecnologias.
De acordo com as informações acima, assinale a alternativa que possui a afirmativa correta a respeito das mudanças de hábitos da família de Dona Maria em um único dia do final de semana.","Dos três integrantes da família, João era o que passava mais tempo usando telas antes da mudança.","Antes da mudança, Clara utilizava telas por 6 horas e 20 minutos.","Depois da mudança, João passa mais de 3 horas e 20 minutos lendo livros e jogando futebol."," Depois da mudança, Clara passa $\frac{14}{5}$ de hora lendo e andando de bicicleta.","Depois da mudança, Dona Maria faz caminhadas de 5,4 horas.","c"
"47524512-cbd5-4d1b-b968-8fdd731c778e","Matemática","IV - Frações","Colégio Militar de Belo Horizonte",2024,NA,"Dona Maria também resolveu adotar outra estratégia com seus filhos. Para acessar à internet, os seus filhos devem descobrir a senha de oito dígitos do wi-fi da casa. Hoje, a senha deverá ser descoberta seguindo essas orientações:

I) Os dois primeiros dígitos da senha são dados pelo número de vértices de um icoságono.
II) O terceiro e o quarto dígito são encontrados no numerador da fração que soluciona a seguinte expressão numérica:

  ![](1761680560_Captura de tela 2025-10-28 164223.png){width=300px} 

III) O quinto e o sexto dígito são encontrados no denominador que soluciona a fração do item II.
IV) Os dois últimos dígitos são a soma dos seis primeiros dígitos.

Dessa forma, a senha do wi-fi da casa da Dona Maria hoje é:","12775224","20775223","20255216","12255217","20275218","b"
"47b39680-b8a0-4a2b-8615-776070b0b3bd","Matemática","IV - Frações","Colégio Militar de Belo Horizonte",2024,NA,"Preocupada com o bem-estar de seus dois filhos e seguindo as recomendações dos órgãos de saúde, Dona Maria resolveu levá-los em cada final de semana a um parque de Belo Horizonte da Regional Pampulha para afastá-los das telas. A Regional Pampulha possui 13 parques municipais abertos à visitação. Veja abaixo a tabela que ela fez com informações de cada um desses parques:

  ![](1761680709_Captura de tela 2025-10-28 164458.png){width=300px} 

Analisando os dados dos parques apresentados na tabela, qual a área média, em metros quadrados, dos três primeiros parques criados na Regional Pampulha?","28.433","85.500","214.400","300.000","311.000","c"
"e8d9dc10-6549-4762-8ddb-1d419d81526d","Matemática","IV - Frações","Colégio Militar de Belo Horizonte",2024,NA,"Analisando novamente os dados dos parques apresentados na tabela, a fração que a soma das áreas do Parque Municipal Cássia Eller, do Parque do Confisco e do Parque Jardim Montanhês representa, em relação à área do Parque Ecológico da Pampulha, é:","11/50"," 22/50"," 28/50"," 33/50","66/50","a"
"8f219dad-f7e5-4c52-b95e-0c473f4d5f5c","Matemática","VII - Tratamento da Informação","Colégio Militar de Belo Horizonte",2024,NA,"
Preocupada com o bem-estar de seus dois filhos e seguindo as recomendações dos órgãos de saúde, Dona Maria resolveu levá-los em cada final de semana a um parque de Belo Horizonte da Regional Pampulha para afastá-los das telas. A Regional Pampulha possui 13 parques municipais abertos à visitação. Veja abaixo a tabela que ela fez com informações de cada um desses parques:

  ![](1761680709_Captura de tela 2025-10-28 164458.png){width=300px} 

Dona Maria resolveu que iria visitar primeiro os 5 parques que foram criados mais recentemente, não necessariamente na ordem de criação. Veja as anotações dos filhos de Dona Maria:

- Visitamos o Parque Ecológico da Pampulha antes do Parque Ecológico do Brejinho e depois do Parque Jardim Montanhês.
- As visitas ao Parque Ecológico do Bairro Universitário, Parque Jardim Montanhês e Parque Municipal do Bairro Trevo foram realizadas uma em seguida da outra, nessa ordem.

Sendo essas duas anotações verdadeiras, o parque que foi visitado primeiro foi:
"," Parque Ecológico do Bairro Universitário.","Parque Ecológico do Brejinho.","Parque Ecológico da Pampulha.","Parque Jardim Montanhês.","Parque Municipal do Bairro Trevo","a"
"713cd5bb-da2d-4d66-89b3-b02d44cdc59e","Matemática","VI - Medidas Geométricas","Colégio Militar de Belo Horizonte",2024,NA,"Preocupada com o bem-estar de seus dois filhos e seguindo as recomendações dos órgãos de saúde, Dona Maria resolveu levá-los em cada final de semana a um parque de Belo Horizonte da Regional Pampulha para afastá-los das telas. A Regional Pampulha possui 13 parques municipais abertos à visitação. Veja abaixo a tabela que ela fez com informações de cada um desses parques:

  ![](1761680709_Captura de tela 2025-10-28 164458.png){width=300px} 

Leia o trecho abaixo sobre o Parque Ecológico da Pampulha:

""As áreas Silvestre e de Proteção Ambiental são locais destinados à preservação da flora e da fauna encontradas no local, ocupando cerca de 1/3 da área total do Parque, espaço este não acessível ao público
justamente para assegurar a conservação das biodiversidade.""

De acordo com o trecho lido e com os dados da tabela, e sabendo que 1 hectare (1 ha) equivale a 10.000 m², a área do Parque Ecológico da Pampulha que está acessível ao público é de:","10 ha.","20 ha.","30 ha.","100 ha.","200 ha.","b"
"f780d854-3714-4a63-9f37-4dad5dc0e4d8","Matemática","V - Números Decimais","Colégio Militar de Belo Horizonte",2024,NA,"Dona Maria resolveu comprar a assinatura de uma comunidade para mães, chamada ""Tela com cuidado"".
O valor mensal da assinatura é de R$210,00. O pagamento da mensalidade acontece na seguinte condição: a cada R$6,00 pagos, a assinante ganha 1 ponto e, somente após atingir 140 pontos, estes podem ser trocados por uma mensalidade do próprio curso. Sabendo que Dona Maria pretende assinar a comunidade por 12 meses e que ela vai utilizar todos os pontos que forem possíveis na troca de mensalidades, qual será o valor médio mensal pago, em reais, ao final dos 12 meses de realização do curso?","210,00","175,00","204,00","70,00"," 100,00","b"
"185277e8-938d-48fe-9f31-72a475619230","Matemática","V - Números Decimais","Colégio Militar de Belo Horizonte",2024,NA,"Para implementar hábitos mais saudáveis em casa, Dona Maria resolveu avaliar a quantidade de gorduras trans presentes nos seguintes alimentos que possuía na sua casa:

  ![](1761681227_Captura de tela 2025-10-28 165334.png){width=300px} 

Dona Maria anotou que há:

- 3 gramas de gorduras trans em uma porção de 20 gramas do alimento de embalagem semelhante a um paralelepípedo cujas faces não são regulares.
- 0,2 grama de gorduras trans em uma porção de 25 gramas do alimento de embalagem semelhante a um cubo.
- 4,13 gramas em 100 gramas do alimento na embalagem em formato de pirâmide.
- 0,42 grama de gordura trans por porção de 30 gramas do alimento na embalagem semelhante a um cilindro.

Utilizando as informações acima, para porções de 1 hectograma, podemos afirmar que:","Uma porção de pipoca de micro-ondas tem mais gorduras trans do que uma porção de chips de batata."," Uma porção de margarina contém menos gorduras trans do que uma porção de biscoito de chocolate."," Uma porção de pipoca de micro-ondas contém mais gorduras trans do que uma porção de margarina.","Uma porção de chips de batata tem mais gorduras trans do que uma porção de biscoito de chocolate.","Uma porção de biscoito de chocolate tem mais gorduras trans do que uma porção de chips de batata.","e"
"2b7d455e-8c7b-46af-bc37-b00269e4bf80","Matemática","VI - Medidas Geométricas","Colégio Militar de Belo Horizonte",2024,NA,"Dona Maria deu para seus filhos um cubo mágico adulterado, que possui somente as cores branca e cinza e tem a configuração da imagem abaixo:

  ![](1761681350_Captura de tela 2025-10-28 165543.png){width=300px} 

Sabendo que, nessa configuração, em todas as outras três faces não representadas no desenho acima o cubo mágico possui apenas a cor branca, assinale a alternativa de uma possível planificação desse cubo.
","  ![](1761681421_Captura de tela 2025-10-28 165615.png){width=300px} ","  ![](1761681405_Captura de tela 2025-10-28 165635.png){width=300px} ","  ![](1761681450_Captura de tela 2025-10-28 165720.png){width=300px} ","  ![](1761681469_Captura de tela 2025-10-28 165741.png){width=300px} ","  ![](1761681489_Captura de tela 2025-10-28 165800.png){width=300px} ","e"
"3c449381-2836-4ab9-ac71-cddc62836166","Matemática","VI - Medidas Geométricas","Colégio Militar de Belo Horizonte",2024,NA,"O telhado do prédio que abriga o comando do CMBH tem uma área de 640 m². Serão colocadas telhas que possuem 0,02 dam² de área cada uma. Essas telhas serão assentadas no telhado de forma que sejam sobrepostas umas às outras. Nessa sobreposição, há uma perda de $\frac15$ da área de cada telha. Sabe-se também que o preço unitário de cada telha é de R$\$$ 75,60. Dessa forma, considerando que serão compradas telhas na quantidade exata para cobrir o telhado do pavilhão de comando, o gasto total com a compra dessas telhas será de
","R$ 22.500,00","R$ 28.600,00","R$ 30.240,00","R$ 32.360,00","R$ 36.120,00","c"
"fa9783e2-2141-47b1-8e00-5eb93845688a","Matemática","VII - Tratamento da Informação","Colégio Militar de Belo Horizonte",2024,NA,"Analise o gráfico a seguir:

  ![](1761681668_Captura de tela 2025-10-28 170059.png){width=300px} 

De acordo com as informações obtidas pelo gráfico acima, assinale a alternativa verdadeira:","A maioria das pessoas no Reino Unido nunca olha para seus smartphones enquanto está na cama antes de dormir.","Poucas pessoas verificam seus smartphones enquanto assistem TV, com a maioria reportando que nunca fazem isso.","Mais de 50% das pessoas olham frequentemente para seus smartphones enquanto estão dirigindo.","A maioria das pessoas olha para seus smartphones muito frequentemente enquanto trabalha.","O uso do smartphone enquanto se assiste TV é mais frequente do que durante o jantar fora com outras pessoas.","e"
"4c1b0ec7-982a-43a7-99b5-325a88300c32","Matemática","VI - Medidas Geométricas","Colégio Militar de Belo Horizonte",2024,NA,"Leia o trecho a seguir:

""Quatro em cada cinco adolescentes no mundo, aproximadamente, são sedentários (...), alertou um estudo revelado pela Organização Mundial da Saúde. No Brasil, a porcentagem é ainda maior, com 84% de jovens entre 11 e17 anos, de um total de 250 pesquisados, que não praticam uma hora diária de atividade física, como recomenda a OMS. Uma das causas desta tendência é a 'revolução digital', aponta o estudo publicado na revista The Lancet Child & Adolescent Health.""

Se cada pessoa entre 11 e 17 anos do grupo pesquisado e considerada sedentária pela reportagem acima, der, em um dia, 5 voltas em torno de um parque cujo formato está representado abaixo, quantos quilômetros essas pessoas, juntas, percorreriam ao final desse dia?

  ![](1761681830_Captura de tela 2025-10-28 170311.png){width=300px} ","2,8","200","256","268,8","420","e"
"fcff4fa1-650f-4c03-938c-f7b794867d1d","Matemática","VII - Tratamento da Informação","Colégio Militar de Belo Horizonte",2024,NA,"Uma revista científica está preparando uma edição especial com o tema: ""Malefícios causados pelo uso excessivo de telas"". Para isso, organizou os artigos nas seguintes seções:

- Distúrbios de sono (4 artigos);
- Sedentarismo e obesidade (8 artigos);
- Dificuldades de Aprendizado (5 artigos);
- Risco de Ciberbullying (4 artigos);
- Redução de Brincadeiras Físicas e Criativas (3 artigos); e
- Exposição a Conteúdos Inadequados (6 artigos).

Seis artigos, um de cada seção, serão sorteados para serem debatidos em um congresso. Considere as seguintes afirmações:

I. A probabilidade de um determinado artigo da seção ""Distúrbios de sono"" ser sorteado é igual à de um determinado artigo da seção ""Risco de Ciberbullying"".

II. Com certeza algum artigo da seção ""Sedentarismo e obesidade"" será sorteado.

III. A probabilidade de um determinado artigo da seção ""Redução de Brincadeiras Físicas e Criativas"" ser sorteado é de 10%.

IV. A probabilidade de um determinado artigo da seção ""Exposição a Conteúdos Inadequados"" ser sorteado é maior que a de um determinado artigo da seção ""Dificuldades de Aprendizado"".

Considerando V para as afirmações verdadeiras e F para as falsas, a sequência correta para as afirmações I, II, III e IV acima é:","VFFF","VVVF","FVFV","VVFF","FFVV","d"
"874a2f13-376a-4d23-a23a-37120f7f6c5b","Matemática","V - Números Decimais","Colégio Militar de Belo Horizonte",2024,NA,"Leia o trecho a seguir:

""Estamos vivenciando, com muita frequência, a intoxicação digital infantil. As crianças em idades cada vez mais precoces têm acessado equipamentos de telefones celulares, smartphones, notebooks e computadores, com isso, as brincadeiras ao ar livre e a magia do brincar, além do contato com outras crianças, acabam ficando prejudicados.  Segundo dados da pesquisa TIC KIDS ONLINE BRASIL 2019 (Pesquisa sobre o Uso da Internet por Crianças e Adolescentes no Brasil), em 2019, 90% da população entre 9 e 17 anos era usuária de Internet, o que corresponde a cerca de 24 milhões de crianças e adolescentes, dos quais, 95% tinham no telefone celular o dispositivo de acesso à rede.""

Usando os dados da pesquisa, de acordo com o trecho acima, no Brasil em 2019, quantas pessoas entre 9 e 17 anos acessavam a internet pelo celular?","26.666.667 pessoas.","25.500.000 pessoas.","23.666.667 pessoas.","22.800.000 pessoas.","21.600.000 pessoas.","d"
"9edeefb1-87df-4024-9621-e15e03804674","Português","CMBH - 2024/2025","Colégio Militar de Belo Horizonte",2024,NA,"  ![](1761682214_Captura de tela 2025-10-28 170954.png){width=300px} 
  ![](1761682258_Captura de tela 2025-10-28 171047.png){width=300px} 
  ![](1761682288_Captura de tela 2025-10-28 171120.png){width=300px} 

Leia as afirmações abaixo sobre o foco narrativo do Texto I. Na sequência, marque ""V"" para (verdadeiro) ou ""F"" para (falso).

() O texto é narrado em segunda pessoa, a fim de que o leitor siga suas instruções de maneira direta.
( ) O foco narrativo é em terceira pessoa, distanciado dos personagens e sem interação com o leitor.
() A narração alterna entre primeira e terceira pessoas, com uma linguagem instrutiva e reflexiva.
( ) O narrador introduz considerações e sugestões, interagindo diretamente com os leitores.
( ) O narrador é uma criança relatando suas experiências de aprendizado.

Assinale a opção correta.
","F, F, V, F, F."," V, F, F, V, V.","F, F, V, V, F.","V, F, F, F, V.","F, V, V, V, F","c"
"32bf4905-7295-44fd-92b8-e61613daf364","Português","CMBH - 2024/2025","Colégio Militar de Belo Horizonte",2024,NA,"Das alternativas a seguir, qual apresenta a mensagem central transmitida pelo Texto I?","Navegar é mais difícil do que construir uma casa.","As escolas devem priorizar atividades práticas como a construção.
","A imaginação é fundamental para a realização de qualquer projeto.","Navegar é mais importante do que qualquer outro tipo de aprendizado.","O vento é mais importante para a navegação do que para outras atividades.","c"
"26d608d0-58d4-4aa8-9e28-8a4789b0ebeb","Português","CMBH - 2024/2025","Colégio Militar de Belo Horizonte",2024,NA,"Releia o trecho:

""Mas **aí** um dos nossos antepassados descobriu que o vento faria o serviço dos remos e o homem poderia fazer outras coisas...""

Qual é a função da expressão ""aí"" no trecho acima?","É utilizada para marcar uma oposição entre dois fatos no texto.","Apresenta no texto um lugar específico onde a descoberta aconteceu.","É utilizada para indicar uma dúvida sobre a descoberta dos antepassados.","Introduz uma consequência ou uma nova etapa a partir de uma descoberta anterior.","É uma expressão que serve para adicionar uma explicação detalhada sobre o vento.","d"
"8aff637e-ccb9-42d5-9c8d-103448f7ae15","Português","CMBH - 2024/2025","Colégio Militar de Belo Horizonte",2024,NA,"Qual é o efeito de sentido produzido pelo uso das reticências e do ponto de interrogação nos trechos I e II do Texto I?

I. Toda a nossa história passada, desde os tempos das cavernas, é a história dos homens aprendendo a fazer a natureza fazer o trabalho por eles. Os moinhos de vento, os moinhos de água, o arco e a flecha, as alavancas, os monjolos, o fogo... (linhas 8, 9 e 10).
II. ""Qual é a escola que você desejaria para os seus filhos?"" (linha 12).
","Indicam uma linguagem formal e distante.","Tornam o texto mais técnico e difícil de compreender.","Conferem um tom reflexivo e convidam o leitor a pensar e imaginar.","Tanto as reticências quanto o ponto de interrogação reforçam a ideia de que a imaginação é mais importante que a realidade.","As reticências expressam dúvidas sobre os exemplos mencionados e o ponto de interrogação indica que o narrador não possui uma resposta para o questionamento.","c"
"23754070-d3b6-44e1-bbb0-416c2dae9a93","Português","CMBH - 2024/2025","Colégio Militar de Belo Horizonte",2024,NA,"Qual é a função das aspas nos trechos I e II?

I: ""Uma escola que há na Ilha Faroe, entre a Inglaterra e a Islândia. Lá as crianças aprendem tudo o que devem aprender construindo uma casa viking..."" (linhas 12, 13 e 14).
II: O Amyr Klink disse que as crianças aprendem ""construindo"" uma casa. (linha 17).","As aspas são usadas nos dois trechos para indicar uma citação direta.","As aspas são utilizadas para enfatizar palavras comuns que são importantes no contexto das frases.","No primeiro trecho, as aspas enfatizam a expressão ""casa viking"", e no segundo destacam um sentido figurado.","No primeiro trecho, as aspas são usadas para marcar ironia, enquanto no segundo elas destacam um sentido incomum.","No primeiro trecho, as aspas indicam uma citação direta, enquanto, no segundo, enfatizam o uso da palavra ""construindo"".","e"
"07a85ff2-81bd-463b-80c0-c8ce383ec89b","Português","CMBH - 2024/2025","Colégio Militar de Belo Horizonte",2024,NA,"**Cordel: entretenimento e educação**

Cordel quer dizer cordão,
Mas esse que eu vou mostrar
É um gênero textual,
Poesia popular,
É lúdico paradidático,
Suporte eficaz e prático
Para o docente educar.

Antes se chamou Folheto,
Hoje chamamos Cordel,
Também se chamou Romance
Por seu leitor mais fiel
Sempre lido nos serões
Por diversas gerações
Vem cumprindo o seu papel.

O cordel dispensa status,
Pompa do academicismo.
É leve, é jocoso, é sério,
Épico que ""veste"" o lirismo;
É literatura séria,
Tem origem na Ibéria,
Nasceu do Trovadorismo.
(...)

Com base na leitura do Texto II, assinale a alternativa em que o termo destacado apresenta corretamente um ADJETIVO presente no poema."," ""O cordel dispensa **status""**: o trecho destacado caracteriza o termo cordel.","""**Pompa** do academicismo"": o verbete destacado detalha o academicismo.","""Por seu leitor mais **fiel**"": a palavra em destaque qualifica o leitor do cordel.","""Por diversas **gerações**"": o termo em destaque descreve minuciosamente o tempo.","""Para o **docente** educar"": o vocábulo pormenoriza a função do educador no verso.","c"
"3dd3638f-aa83-41e7-b7a4-e60f1dff6c0d","Português","CMBH - 2024/2025","Colégio Militar de Belo Horizonte",2024,NA,"Observe o sentido do termo em destaque no trecho transcrito a seguir:

""É leve, é **jocoso**, é sério.""

Com base no contexto da 3ª estrofe, assinale a alternativa que apresenta o sentido mais adequado para a palavra ""**jocoso**""."," Sério e formal.","Alegre e divertido.","Místico e misterioso.","Triste e melancólico.","Educativo e instrutivo.","b"
"82cc4903-a29c-4c87-be7f-4b48a4f0c934","Português","CMBH - 2024/2025","Colégio Militar de Belo Horizonte",2024,NA,"Considerando as informações presentes no Texto II, assinale a alternativa que melhor identifica o uso de humor ou de ironia no poema.","A ironia está em afirmar que o cordel não possui valor literário por ser uma forma de poesia popular.","O poema usa humor ao afirmar que o cordel ""dispensa status"", subestimando a importância acadêmica do gênero.","O poema faz humor ao comparar o cordel com ""folheto"" e ""romance"", brincando com a seriedade das suas origens.","O humor no poema ocorre na forma como o cordel é descrito, misturando, ao mesmo tempo, o tom jocoso e o sério.","O poema ironiza o gênero cordel ao descrever suas origens e características, sugerindo que ele é uma forma inferior de literatura.","d"
"6239c739-e86f-4d4c-bc4a-b606df77f2bf","Português","CMBH - 2024/2025","Colégio Militar de Belo Horizonte",2024,NA,"Em qual das alternativas abaixo todas as palavras têm a sílaba tônica identificada corretamente e estão classificadas conforme sua tonicidade?","Na palavra ""lúdico"", a sílaba tônica é ""lú"" e o vocábulo é uma proparoxítona; já na palavra ""eficaz"", a sílaba tônica é ""caz"" e o vocábulo é uma oxítona.
","Na palavra ""lúdico"", a sílaba tônica é ""lú"" e o vocábulo é uma paroxítona; já na palavra ""eficaz"", a sílaba tônica é ""fi"" e o vocábulo é uma paroxítona.
","Na palavra ""paradidático"", a sílaba tônica é ""dá"" e o vocábulo é uma paroxítona; já na palavra ""origem"", a sílaba tônica é ""gem"" e o vocábulo é uma oxítona.","Na palavra ""Ibéria"", a sílaba tônica é ""bé"" e o vocábulo é uma oxítona; já na palavra ""paradidático"", a sílaba tônica é ""dá""e o vocábulo é uma proparoxítona.","Na palavra ""Trovadorismo"", a sílaba tônica é ""do"" e o vocábulo é uma proparoxítona; já na palavra ""educar"", a sílaba tônica é ""car"" e o vocábulo é uma oxítona.","a"
"6a3e0ba8-6cb2-4975-9915-4ec2032c5b40","Português","CMBH - 2024/2025","Colégio Militar de Belo Horizonte",2024,NA,"  ![](1761684064_Captura de tela 2025-10-28 174056.png){width=300px} 

A frase presente nos três primeiros quadrinhos (Texto III) é uma conhecida citação de Nelson Mandela, primeiro presidente negro da África do Sul. Mandela viveu em uma época de intensa segregação/separação racial em seu país. As leis separavam as pessoas com base na raça, perpetuando o ódio racial. Essa frase reflete a visão do ex-presidente sobre a natureza do preconceito e do racismo, bem como a esperança na possibilidade de mudança através da educação e da compreensão.

Com base na leitura do texto, assinale a alternativa que apresenta a principal finalidade da mensagem constante do Texto III.","O ódio, uma vez aprendido, não pode ser desaprendido.","O amor e o ódio são emoções que nascem com o ser humano.
","O amor pode ser ensinado da mesma forma que o ódio é aprendido.","O ódio e o amor surgem de forma espontânea e não podem ser controlados.","O comportamento de uma pessoa não pode ser modificado ao longo da vida.","c"
"69a7296b-7508-441b-8db8-bae74043e47c","Português","CMBH - 2024/2025","Colégio Militar de Belo Horizonte",2024,NA,"Assinale a alternativa que estabelece corretamente a principal causa sugerida pelo autor para que haja o ódio entre as pessoas. Segundo o Texto III, o ódio","é um sentimento natural e inevitável.","é uma consequência própria da genética humana."," surge espontaneamente sem qualquer influência externa.","surge da convivência com pessoas de diferentes culturas.
","é aprendido por meio de comportamentos sociais e culturais","e"
"a2f5d485-c046-4a77-8044-ced61ac41381","Português","CMBH - 2024/2025","Colégio Militar de Belo Horizonte",2024,NA,"  ![](1761684191_Captura de tela 2025-10-28 174302.png){width=300px} 

Considerando o assunto presente na tirinha (Texto IV), é correto afirmar que o texto IV tem como finalidade principal","descrever os efeitos do preconceito na saúde físicа."," informar sobre a origem genética de doenças graves."," discutir métodos de cura para doenças desconhecidas.","alertar sobre o preconceito e a importância da educação para combatê-lo."," explicar como a televisão afeta a vida e o comportamento de várias pessoas.","d"
"81d58881-f12d-479d-b048-43db704a42c6","Português","CMBH - 2024/2025","Colégio Militar de Belo Horizonte",2024,NA,"De acordo com o sentido do Texto IV, **portadoras** são pessoas que","portam objetos cujo valor desconhecem.","compartilham informações importantes."," carregam preconceitos, mesmo sem perceber.","têm uma doença contagiosa que afeta as pessoas ao seu redor.","exercem influência sobre os outros por meio de comportamentos positivos.","c"
"779841a0-619a-4b5a-b08d-b8fd55715f86","Português","CMBH - 2024/2025","Colégio Militar de Belo Horizonte",2024,NA,"Com base na relação entre os textos III e IV, julgue as afirmativas abaixo e marque ""V"" para as verdadeiras e ""F"" para as falsas.

( ) Ambos os textos defendem que o preconceito é algo que pode ser aprendido, mas também
superado por meio da educação.
( ) O Texto III afirma que o preconceito é aprendido socialmente, enquanto o Texto IV sugere que
ele é uma característica hereditária.
( ) Tanto o Texto III quanto o Texto IV sugerem que a educação pode reverter atitudes preconceituosas, ensinando as pessoas a serem mais tolerantes.
( ) O Texto IV menciona que o preconceito pode ser transmitido por amigos e familiares, enquanto o Texto III sustenta a ideia de que o ódio é aprendido e pode ser desaprendido.
( ) Ambos os textos sugerem que o preconceito nasce com as pessoas, por isso é impossível modificá-lo.

Assinale a opção correta.","V, F, V, F, F.","V, F, V, V, F.","F, F, V, F, V.","V, V, F, V, F.","F, V, F, V, V.","b"
"aef7d11e-7909-4b10-8366-b8b5baeb3321","Português","CMBH - 2024/2025","Colégio Militar de Belo Horizonte",2024,NA,"Considerando o uso da vírgula nos Textos III e IV, assinale a alternativa em que a vírgula estabelece sentido de enumeração:"," ""Obrigado, Nelson!""","""Para odiar, as pessoas precisam aprender...""","""Muitas pessoas são portadoras, e nem sabem...""","""[...] e se podem aprender a odiar, podem ser ensinadas a amar.""","""Ninguém nasce odiando outra pessoa pela cor de sua pele, origem ou religião.""","e"
"154e73b6-1a7d-4d17-9dce-184cba183514","Português","CMBH - 2024/2025","Colégio Militar de Belo Horizonte",2024,NA,"  ![](1761684513_Captura de tela 2025-10-28 174826.png){width=300px} 

O ""lápis mágico de Sanju"" é uma referência ao livro de Malala Yousafzai, ""Malala, a menina que queria ir para a escola"". No livro, Malala fala sobre seus desejos e sonhos de infância, como querer ter um lápis mágico para resolver os problemas ao seu redor. Na obra, Malala menciona um programa de TV que assistia quando criança, chamado ""Shaka Laka Boom Boom"", no qual havia um personagem chamado Sanju. Esse personagem possuía um lápis mágico que podia transformar qualquer coisa que ele desenhasse em realidade.

Releia o trecho: 

""Hoje sei que, quando encontramos nossa própria voz, qualquer **lápis** pode se tornar **mágico**.""

Considerando essas informações, indique a alternativa que contém o sentido correto para a expressão ""lápis mágico"", de acordo com o Texto V.
","Um lápis encantado que torna as ideias mais criativas.","Um símbolo do poder da voz para provocar mudanças.","Um artefato encantado que transforma ideias em realidade.","Um objeto que escreve automaticamente quando usamos nossa voz.","Um instrumento de escrita comum que Malala usava para seus estudos.","b"
"565ae614-d87e-4155-8f01-1b671331ef84","Português","CMBH - 2024/2025","Colégio Militar de Belo Horizonte",2024,NA,"Analise o trecho transcrito a seguir:

""Quando somos novos, achamos que não podemos fazer grandes coisas. Confiamos tudo o que é sério aos adultos. **Mas**, quando o perigo real ameaçou meu direito de estudar, eu me senti mais forte que nunca e
encontrei o poder na minha voz.""

Considerando o contexto do Texto V, assinale a alternativa que apresenta a função da conjunção **""mas""** no trecho.","Marcar uma conclusão que reforça a ideia inicial."," Introduzir um exemplo que explica o que foi dito antes.","Adicionar mais uma informação que complementa a anterior.","Opor o pensamento de fraqueza à descoberta da força da narradora."," Introduzir uma explicação que detalhe com mais cuidado a primeira frase.","d"
"bc93815c-933b-47ca-a7db-3b4cfff0ed8a","Português","CMBH - 2024/2025","Colégio Militar de Belo Horizonte",2024,NA,"De acordo com o Texto V, e considerando seus conhecimentos sobre pronomes, assinale a alternativa em que o termo destacado está com a identificação CORRETА.","Mas, quando o perigo real ameaçou **meu** direito de estudar"": pronome pessoal do caso oblíquo na 1ª pessoa do singular.","""[...] e encontrei o poder na **minha** voz"": pronome demonstrativo na 1ª pessoa do singular.","""**eu** me senti mais forte"": pronome pessoal do caso reto na 1ª pessoa do plural.","""[...] qualquer lápis pode **se** tornar mágico"": pronome pessoal do caso oblíquo na 3ª pessoa do singular.","""Confiamos tudo **o** que é sério aos adultos"": pronome pessoal do caso reto na 2ª pessoa do singular.","d"
"6cd103a1-6cd8-4d5d-bd6f-5eca29694c23","Português","CMBH - 2024/2025","Colégio Militar de Belo Horizonte",2024,NA,"Considerando as informações transmitidas pelos Textos III, IV e V, analise as afirmativas abaixo.

I. O preconceito é mencionado explicitamente nos três textos como um obstáculo a ser enfrentado.
II. Os Textos IV e V tratam da importância da voz e da educação como ferramentas de transformação pessoal e social.
III. Tanto o Texto III quanto o Texto IV indicam que o preconceito é inevitável, mas pode ser controlado com educação e conscientização.
IV. O Texto IV afirma que o preconceito pode ser tratado com a ajuda de ferramentas tecnológicas e métodos avançados, sem mencionar o papel da educação.
V. Tanto o Texto III quanto o Texto IV concordam que o preconceito e o ódio são comportamentos aprendidos e que podem ser combatidos por meio da educação.

Estão corretas:","II e IV.","II e V.","I e III.","III e V.","I e IV.","b"
"7cc75070-f21d-4a69-9fc7-59a29f3eba98","Matemática","I - Sistema de Numeração","Colégio Militar de Brasília",2024,NA,"O Sol é uma estrela situada no centro do nosso Sistema Solar. Sua gravidade mantém girando, em sua órbita, desde os maiores planetas até pequenas partículas de detritos.
No interior do Sol, são produzidas enormes quantidades de energia, através de reações de fusão do hidrogênio em hélio. Essa intensa energia é a nossa fonte de luz e calor e sem ela não existiria vida na Terra. A superfície do Sol tem a temperatura de 5,5 mil graus Celsius e aumenta em direção ao núcleo, onde atinge cerca de 15 milhões de graus Celsius.

  ![](1761740649_Captura de tela 2025-10-29 092340.png){width=300px} 

A ordem do algarismo 5 no número que representa a diferença entre a temperatura do núcleo e a temperatura da superfície do Sol é","dezena simples.","centena simples.","unidade de milhar.","centena de milhar.","unidade de milhão.","b"
"73ce1c04-65c8-49cb-b8ab-2993c40afb03","Matemática","IV - Frações","Colégio Militar de Brasília",2024,NA,"A estrela Sirius, também conhecida como Alpha Canis Majoris, é a estrela mais brilhante no céu noturno, visível a olho nu. Sirius emite uma radiação de luz que abrange uma ampla faixa do espectro eletromagnético: luz visível, ultravioleta e infravermelha. A luz visível é a que mais percebemos, o que contribui para seu brilho impressionante no céu.

[...]  ![](1761740779_Captura de tela 2025-10-29 092611.png){width=300px} 

Um telescópio detectou que Sirius emite 9/20 de radiação de luz visível, 20% de radiação ultravioleta e o restante de radiação infravermelha. Determine a fração de radiação infravermelha emitida pela estrela Sirius.","$\frac{1}{20}$","$\frac{7}{20}$","$\frac{1}{4}$","$\frac{3}{20}$","$\frac{13}{20}$","b"
"1649db1a-adb4-4286-933d-028fa9dd051b","Matemática","I - Sistema de Numeração","Colégio Militar de Brasília",2024,NA,"Maurício gosta de observar as estrelas no céu e sonha, em um dia, ser um astrônomo muito famoso. Certa noite, ele resolveu observar como as estrelas surgem no céu, à medida que anoitece. Durante sua observação, registrou em uma folha de papel o surgimento da primeira estrela. Alguns segundos depois, outras duas estrelas surgiram. Em seguida, mais quatro estrelas apareceram ao mesmo tempo. Maurício ficou encantado e anotou, ainda, o surgimento de sete estrelas simultaneamente e, em seguida, de onze estrelas. Foi nesse momento que ele percebeu que havia uma relação entre o surgimento de cada conjunto de estrelas que ele registrava. A tabela a seguir mostra as seis primeiras anotações de Maurício.

  ![](1761740949_Captura de tela 2025-10-29 092901.png){width=300px} 

Maurício encerrou suas anotações no Registro X, pois já eram muitas as estrelas. Com base na catalogação, a quantidade total de estrelas no céu, contadas por Maurício, é igual ","46","95","110","129","175","e"
"7f8bb01f-7c18-4275-a3b7-55f4cf063d60","Matemática","II - As 4 Operações","Colégio Militar de Brasília",2024,NA,"[...]
""Para identificar os movimentos observados no céu, os astrônomos da antiguidade criaram regiões que basicamente, desenhos formados ao ligar as estrelas no céu, como numa brincadeira de ligar os pontos. Esses desenhos poderiam ser usados como referências e receberam o nome de constelações.""
[...]

Com o auxílio de um telescópio, pode-se observar uma certa constelação com exatas 321 estrelas. Esse número pode ser escrito na forma da adição de três números consecutivos. A soma dos algarismos do menor desses números ","7","8","9","10","11","a"
"d311fb47-1a7f-402d-be95-34db9c307ade","Matemática","VI - Medidas Geométricas","Colégio Militar de Brasília",2024,NA,"Em uma noite estrelada, Maurício notou que quatro estrelas, de uma certa constelação, possuíam um brilho mais intenso e resolveu fotografar aquela imagem. Na foto, ele então traçou segmentos de retas ligando essas quatro estrelas, formando, assim, o quadrilátero ABCD

  ![](1761741762_Captura de tela 2025-10-29 094234.png){width=300px} 

Considerando que cada quadradinho possui 0,5 centímetros de lado, a área da região delimitada pelo quadrilátero ABCD é","16,50 cm².","18,20 cm²."," 22,25 cm².","30,35 cm².","44,30 cm².","c"
"75da8f9e-7099-4b45-9644-9ae509600894","Matemática","VI - Medidas Geométricas","Colégio Militar de Brasília",2024,NA,"Para a realização de um projeto de observação do céu noturno, os integrantes do Clube de Astronomia do Colégio Militar de Brasília foram divididos em 7 grupos de estudo. Para identificá-los, o professor, através de um sorteio, resolveu dar, a cada grupo, o nome de uma das 88 constelações existentes, dentre as quais 13 são as constelações do Zodíaco. Diante disso, a probabilidade de um grupo não receber o nome de uma das constelações do Zodíaco ","maior que 85%."," exatamente 85%.","exatamente 53%.","exatamente 14%.","menor que 14%.","a"
"823948df-c818-43b5-8c64-fca42a2a1577","Matemática","VI - Medidas Geométricas","Colégio Militar de Brasília",2024,NA,"A Lua é o único satélite natural da Terra. Com o surgimento do Universo, formou-se praticamente ao mesmo tempo que a Terra. A distância atual entre a Lua e a Terra é de 384 400 quilômetros. Essa é uma distância muito grande. Para termos uma ideia, poderíamos colocar 30 planetas do tamanho da Terra alinhados entre elas. Estudos mostram que a Lua afasta-se 3,78 centímetros por ano da Terra.
[...]

  ![](1761741966_Captura de tela 2025-10-29 094553.png){width=300px} 

A partir dos dados do texto acima, podemos dizer que, daqui a 4,6 bilhões de anos, a distância entre a Lua e a Terra aumentará","um terço da distância atual.","metade da distância atual.","o dobro da distância atual.","menos da metade da distância atual.","mais que o dobro da distância atual.","d"
"07e6526f-3cd1-4e7e-8207-e27c5c3f8be7","Matemática","VI - Medidas Geométricas","Colégio Militar de Brasília",2024,NA,"O asteroide Chicxulub caiu na Terra há mais de 66 milhões de anos. O seu impacto deixou uma cratera com 100 quilômetros de diâmetro perto da península mexicana de Yucatán. Além de acabar com o reinado dos dinossauros, o impacto direto desencadeou a extinção em massa de 75% da vida animal e vegetal do planeta.

Supondo que o volume desse asteroide seja equivalente ao volume de um paralelepípedo com 140 hectômetros de comprimento, 1250 decâmetros de largura e 3040 metros de altura, então, o volume aproximado do asteroide, em quilômetros cúbicos (km³), 

  ![](1761742220_Captura de tela 2025-10-29 094925.png){width=300px} ","53,2 km³","532 km³","5 320 km³","53 200 km³","532 000 km³","b"
"446ba00b-dd43-4f37-9ca7-8af051b836d5","Matemática","I - Sistema de Numeração","Colégio Militar de Brasília",2024,NA,"O cometa Halley é um cometa periódico. Foi o astrônomo britânico Edmond Halley (1656-1742) quem primeiro identificou essa propriedade do cometa e previu corretamente a próxima data de retorno, motivos que levaram  à nomeação do cometa em sua homenagem. A aparição do cometa Halley aconteceu no ano de MCMLXXXVI, quando ele esteve a 63 milhões de quilômetros de distância da Terra. Segundo a NASA, o Halley estará mais uma vez visível nos céus no ano de MMLXI.
[...]

  ![](1761742348_Captura de tela 2025-10-29 095219.png){width=300px} 

Supondo que a periodicidade da aparição do cometa Halley mantenha-se nos próximos anos e considerando que em MCMLXXXVI tenha sido a primeira aparição do cometa, o ano em que teremos a sexta aparição do cometa será","75","450","2061","2361","2436","d"
"fbd4bd3c-1263-4337-9085-92c2e6d31847","Matemática","I - Sistema de Numeração","Colégio Militar de Brasília",2024,NA,"Um dos principais movimentos realizados pelos planetas do Sistema Solar é a translação, caracterizada pela volta completa, em órbita, em torno do Sol. A translação é a referência para a unidade de tempo “ano"", de modo que um ciclo orbital completo de qualquer planeta ao redor do Sol caracteriza um ano. Nesse contexto, segue abaixo a duração, aproximada, de um ano em diferentes planetas:

  ![](1761742453_Captura de tela 2025-10-29 095403.png){width=300px} 

Maria vai comemorar seu aniversário, e o tema da festa será ""Sistema Solar"". Ao comprar a vela, com a sua idade para colocar no bolo, Maria escolheu uma com o número 2, o que causou estranheza em seus amigos. Ela explicou que, em Júpiter, estaria completando 2 anos, pois esse planeta teria dado duas voltas ao redor do Sol. Se Maria tivesse escolhido uma vela que correspondesse à comemoração em Vênus, a idade aproximada dela seria"," 6 anos.","12 anos.","14 anos.","24 anos.","39 anos.","e"
"f95e0232-73da-4212-8322-53cdd832cc65","Matemática","V - Números Decimais","Colégio Militar de Brasília",2024,NA,"A chamada unidade astronômica (ua) é utilizada para distâncias dentro do Sistema Solar e corresponde à distância média da Terra ao Sol. O valor da ua é de 150 milhões de quilômetros. 

A tabela abaixo mostra as distâncias dos planetas ao Sol, em ua.

  ![](1761742596_Captura de tela 2025-10-29 095629.png){width=300px} 

 Com base nas informações contidas na tabela, assinale a alternativa correta.","A distância de Vênus ao Sol é de 10,5 milhões de quilômetros.","4% da distância de Netuno ao Sol correspondem à distância de Marte ao Sol.","A razão entre as distâncias de Mercúrio até o Sol e de Júpiter até o Sol é de $\frac{1}{13}$","A razão entre as distâncias de Marte ao Sol e de Netuno ao Sol é de cinco décimos.","A razão entre as distâncias de Saturno até o Sol e de Marte até o Sol é superior a 6,75.","c"
"47086629-951e-4c1e-807c-66f4b7646ca3","Matemática","V - Números Decimais","Colégio Militar de Brasília",2024,NA," A média das distâncias dos planetas ao Sol, considerando a tabela disposta no Texto 8, é de aproximadamente","1,3 vezes a distância de Saturno ao Sol.","2,1 vezes a distância de Urano ao Sol.","3,8 vezes a distância de Netuno ao Sol","7 vezes a distância de Marte ao Sol.","21 vezes a distância de Mercúrio ao Sol.
","c"
"07d9ffdb-0e76-4442-84a6-3ce2cce8a9bf","Matemática","III - Múltiplos e Divisores","Colégio Militar de Brasília",2024,NA,"[...] Ofenômeno, conhecido como **alinhamento planetário**, acontece quando um **planeta se alinha com uma lua, estrela ou outro planeta** de maneira que, da Terra, eles parecem estar enfileirados.
[...] 

Os planetas Saturno, Urano e Netuno demoram, respectivamente, 30, 84 e 165 anos para dar uma volta completa ao redor do Sol. Supondo que, este ano, acontecerá um alinhamento planetário entre os três planetas acima mencionados, é correto afirmar que o próximo alinhamento planetário entre
","Saturno, Urano e Netuno acontecerá daqui a 420 anos e o planeta Netuno terá dado 27 voltas a mais que Urano.","Saturno, Urano e Netuno acontecerá daqui a 462 anos e o planeta Saturno terá dado 99 voltas a mais que Urano.","Saturno, Urano e Netuno acontecerá daqui a 660 anos e o planeta Netuno terá dado 27 voltas a mais que Urano.","Saturno, Urano e Netuno acontecerá daqui a 4620 anos e o planeta Netuno terá dado 126 voltas a menos que Saturno.","Saturno, Urano e Netuno acontecerá daqui a 4620 anos e o planeta Urano terá dado 99 voltas a menos que Saturno.","d"
"c23d3f8d-1cdf-418b-99b5-5b6b9c1b6580","Matemática","V - Números Decimais","Colégio Militar de Brasília",2024,NA," A NASA realizou, neste final de semana, algo inédito: umlançamento a partir de solo norte-americano, usando uma empresa privada. Os astronautas Robert Behnken e Douglas Hurley decolaram do Centro Espacial John F. Kennedy, no Cabo Canaveral, Flórida (EUA), às 16h10 (horário de Brasília), no foguete Falcon 9, da SpaceX, a companhia de Elon Musk. Dezenove horas depois, chegaram à ISS (Estação Espacial Internacional), onde fizeram com sucesso a acoplagem da cápsula Crew Dragon.
[...]

 Supondo que, em função de questões técnicas, a viagem dos astronautas Robert Behnken e Douglas Hurley, até a Estação Espacial Internacional, fosse dividida em 3 partes: na primeira parte, o foguete percorreria 0,65 da distância total, já na segunda fase percorreria $\dfrac37$ do que restou, e no último trecho da viagem percorreria 8000 decâmetros, o tempo que o foguete levaria para percorrer o trecho de menor distância da viagem seria de","2 horas e 51 minutos.","3 horas e 48 minutos.","6 horas e 39 minutos.","12 horas e 51 minutos.","12 horas e 21 minutos.","a"
"a0a990b9-3414-42b5-9f9c-eb9748443cb0","Matemática","I - Sistema de Numeração","Colégio Militar de Brasília",2024,NA," Ao chegarem à Estação Espacial Internacional (EEI), os astronautas Robert Behnken e Douglas Hurley encontraram uma mensagem de boas-vindas e uma maleta com uma combinação deixada por outro astronauta americano. Para abrir a maleta, Robert Behnken e Douglas Hurley devem decifrar um código de três dígitos, a partir das instruções e observando os dados da tabela abaixо:

  ![](1761743191_Captura de tela 2025-10-29 100618.png){width=300px} 

- o primeiro dígito do código é a soma dos algarismos do quíntuplo da oitava parte da soma dos anos de nascimento dos astrônomos;
- o segundo dígito do código é a soma dos algarismos da unidade de milhar e da centena simples do sêxtuplo da soma dos anos de nascimento dos astrônomos;
- o terceiro dígito do código é a soma dos algarismos da centena e da dezena da soma dos anos de nascimento dos astrônomos.

 A combinação que abre a maleta ","878","858","788","784","768","c"
"0ae96ab2-16d1-41e0-afff-3ac029a588ba","Matemática","VI - Medidas Geométricas","Colégio Militar de Brasília",2024,NA,"A espaçonave que levou os astronautas Robert Behnken e Douglas Hurley para a Estação Espacial Internacional (EEI) transportou um novo reservatório de água, a fim de substituir o já existente. No entanto, ao chegar, Robert e Douglas verificaram que o novo reservatório possuía dimensões com o dobro das medidas do existente. Sabendo que os reservatórios são Paralelepípedos, conforme a figura abaixo, e que o levado por Robert e Douglas tem suas medidas de: comprimento de 5,6 metros, altura de 1,2 metros e largura de 2,4 metros, então, a diferença em litros, entre as capacidades dos dois reservatórios, é de

  ![](1761743436_Captura de tela 2025-10-29 101028.png){width=300px} ","4 032 litros.","8 064 litros.","14 112 litros.","16 128 litros.","20 160 litros.","c"
"dfd2a866-d138-451e-a09f-1a8831fc7542","Matemática","V - Números Decimais","Colégio Militar de Brasília",2024,NA,"**Alimentação a bordo da Estação Espacial Internacional**

A dieta, no espaço, desempenha um papel importante na manutenção do bem-estar físico e mental dos astronautas, diz a Agência Espacial Europeia (ESA), especialmente, no combate à perda de massa muscular e óssea causada por estadias prolongadas em microgravidade ou ausência de peso. As refeições, no entanto, devem ser preparadas e armazenadas de acordo com padrões nutricionais e de cuidados rigorosos para não causar imprevistos. Os astronautas fazem três refeições por dia e precisam ingerir um total de 2.500 a 3 mil calorias diárias. Além disso, eles devem beber de três a cinco litros de água diariamente.
[...]

 Supondo que a equipe de nutricionistas da ESA deseje embalar 1820 hectogramas (hg) de arroz, 286 quilogramas (kg) de quinoa e 23 400 decagramas (dag) de macarrão para alimentar os astronautas que irão para uma missão no espaço e que as embalagens devem conter a mesma e a maior quantidade possível de cada alimento, sem misturar, determine a quantidade de massa, em centigramas (cg), que cada embalagem
deve conter","21 cg.","26 cg.","21 000 сg.","2 600 000 cg.","26 000 000 cg","d"
"95cf94c6-6e05-4849-820b-5b101cb6fb4b","Matemática","VI - Medidas Geométricas","Colégio Militar de Brasília",2024,NA,"Como parte do Programa de Exploração de Marte da Administração Nacional de Aeronáutica e Espaço (NASA), em 2020, o robô Perseverance foi enviado para buscar vestígios de vida no planeta. Supondo que o robô tenha mapeado a área triangular, representada na malha quadriculada abaixo, na qual cada quadradinho possui 2,5 quilômetros (km) de lado, e que em 55% dessa área tenham sido encontrados vestígios de matéria orgânica, podemos dizer que a área mapeada, em hectômetro quadrado (hm²), em que não foi
encontrada matéria orgânica é de

  ![](1761744154_Captura de tela 2025-10-29 102224.png){width=300px}"," 1687,5 hm²"," 2062,5 hm²"," 3 375 hm²","3750 hm²"," 4 125 hm²","a"
"f9444519-a23f-4aef-b3c8-be8741e69054","Matemática","I - Sistema de Numeração","Colégio Militar de Brasília",2024,NA,"O turismo espacial é uma atividade emergente que envolve a viagem ao espaço com fins recreativos, científicos ou comerciais. Ao contrário das missões espaciais tradicionais, que são conduzidas por agências
governamentais para fins de pesquisa e exploração, o turismo espacial é destinado a civis que desejam experimentar a sensação de estar no espaço. O custo nominal dessas viagens está atualmente entre 20 e 25 milhões de dólares (de 97 a 121 milhões de reais, aproximadamente) e é realizado por empresas como Blue Origin, Virgin Galactic, Boeing e SpaceX.

Supondo que quatro pessoas decidam comprar passagens para o turismo espacial e que cada passagem custou R$ 121 000 000,00, o valor total pago será constituído por um número de"," duas classes e cinco ordens, formado por quatro dezenas de milhar, oito unidades de milhar e quatro centenas.","duas classes e seis ordens, formado por quatro centenas de milhar, oito dezenas de milhar e quatro dezenas simples.","três classes e sete ordens, formado por quatro unidades de milhão, oito centenas de milhar e quatro dezenas de milhar.
","três classes e nove ordens, formado por quatro centenas de milhão, oito dezenas de milhão e quatro unidades de milhão.","três classes e nove ordens, formado por quatro dezenas de milhão, oito unidades de milhão e quatro centenas de milhar.","d"
"d9696408-adc5-4fef-a47f-dfb6a11535e7","Matemática","VI - Medidas Geométricas","Colégio Militar de Brasília",2024,NA,"O Observatório Astronômico do Papa, conhecido como Observatório do Vaticano (Specola Vaticana), um dos mais antigos institutos de pesquisa astronômica do mundo. A sua história remonta a séculos de interesse papal pela astronomia, e ele desempenha um papel significativo na pesquisa científica moderna.

  ![](1761744591_Captura de tela 2025-10-29 102943.png){width=300px} 

 Ao visitar a cidade do Vaticano, os astronautas Robert Behnken e Douglas Hurley conheceram o observatório descrito no Texto 13. Por suas habilidades artísticas e matemáticas, resolveram desenhar a vista
frontal do observatório na malha quadriculada, em que cada quadradinho possui 1,25 centímetro (cm) de lado, porém, como eles não possuíam um compasso o desenho ficou conforme a Figura 4. Sabendo dessas informações, o perímetro da vista frontal desenhada por Robert e Douglas é

  ![](1761744664_Captura de tela 2025-10-29 103051.png){width=300px} ","82,20 сm.","82,50 сm.","92,50 сm.","95,50 сm.
","97,50 cm.","b"
"095144ec-9568-4bc9-9cf9-aaf56b60daf1","Português","CMB - 2024/2025","Colégio Militar de Brasília",2024,NA,"**Celular em sala de aula afeta a aprendizagem de diversas formas, diz estudo**

*Países como Finlândia e Holanda proíbem o uso de celular em sala de aula*

  ![](1761745054_Captura de tela 2025-10-29 103724.png){width=300px} 

O uso do celular na sala de aula pode afetar amemória e compreensão dos assuntos, bem como distrair os alunos e levá-los a se envolver em atividades não relacionadas à escola, aponta o Relatório Global de Monitoramento da Educação 2023 da Unesco. Depois de usar o celular, os alunos podem levar até 20 minutos para se concentrar novamente na aula. Por esses motivos, o uso do celular na sala de aula é proibido em alguns países.

Atualmente, um em cada quatro países do mundo já proíbe ou tem políticas sobre o uso do celular em sala de aula, segundo estudo da Unesco divulgado nesta quarta-feira (26).

**Quais países proíbem o celular na sala de aula?**

Países como Finlândia e Holanda anunciaram a proibição do uso de celular na sala de aula. Os smartphones foram banidos total ou parcialmente em México, Portugal, Espanha, Suíça, Estados Unidos Letônia, Escócia e em províncias do Canadá.

Países asiáticos e africanos são os que mais têm leis sobre o assunto, como Uzbequistão, Guiné e Burkina Fasso. Em Bangladesh, nem os professores podem usar o aparelho em sala. Na França, apesar da proibição, o celular pode ser usado por certos grupos de alunos, como os que têm deficiências ou quando está claro o uso pedagógico.

No Brasil, ainda não há lei que proíba o uso de celulares na sala de aula, mas algumas escolas têm regras próprias sobre o uso do aparelho e permitem ou não o uso de acordo com o objetivo e a idade do
aluno.

**Estratégias de aprendizagem**

Para a Unesco, os sistemas de ensino devem capacitar as pessoas a usarem as tecnologias digitais ""com confiança para agregar valor às suas vidas pessoais e profissionais, para tratar o conteúdo de forma crítica, para se proteger de riscos e para agir com responsabilidade online para não prejudicar outros"".

De acordo com o Relatório Global de Monitoramento da Educação 2023, cerca de 46% dos países já identificaram o que seriam as habilidades digitais para alunos, com planos e estratégias para a aprendizagem. 

Na Dinamarca, algumas cidades baniram o uso do Google Workspace for Education e dos Chromebooks. Na Alemanha, produtos da Microsoft foram proibidos em alguns estados e instituições de ensino nos Estados Unidos passaram a restringir o acesso ao TikTok e outras plataformas.

 Levando em conta a leitura do Texto 1, pode-se concluir que a sua finalidade é"," salientar que, apesar dos benefícios, o celular deve ser proibido em sala de aula, por conta do despreparo dos professores, como já fazem muitos países."," mostrar que 46% dos países já proíbem o uso do celular em sala de aula, além de apresentar os resultados obtidos por meio dessa proibição.","apresentar os prejuízos relacionados à aprendizagem devido ao uso do celular em sala de aula e as políticas sobre tecnologias digitais em alguns países.","revelar que, apesar de afetar a memória e a compreensão dos assuntos, o celular deve ser usado em sala de aula para uso pedagógico.","apontar o estudo da Unesco de 2023 sobre os países que já proíbem o uso de celulares em sala de aula, incluindo ","c"
"5f490a89-ebe5-491f-aa9f-315e30cec1cc","Português","CMB - 2024/2025","Colégio Militar de Brasília",2024,NA," No 1° parágrafo, em ""Por **esses motivos**, o uso do celular na sala de aula é proibido em alguns países"", a expressão destacada retoma consequências do uso do celular em sala de aula e justificativas para a proibição do celular, indicadas pelos verbos:"," afetar, distrair, concentrar-se."," usar, afetar, distrair.","apontar, afetar, envolver."," distrair, concentrar-se, usar."," afetar, levar, apontar.","a"
"44dae8c1-dcd0-400f-8a62-1f347ccc7446","Português","CMB - 2024/2025","Colégio Militar de Brasília",2024,NA," No último parágrafo do Texto 1, há a seguinte informação: ""Na Alemanha, produtos da Microsoft foram proibidos e em alguns estados e instituições de ensino nos Estados Unidos passaram a **restringir o acesso** ao TikTok e outras plataformas"". No contexto, a expressão destacada expressa a ideia"," proibição.","bloqueio."," impedimento."," liberação."," limitação.","e"
"382a56eb-02e8-4d7c-a171-e7e2999e7086","Português","CMB - 2024/2025","Colégio Militar de Brasília",2024,NA," Ao considerar o trecho ""com confiança para **agregar** valor às suas vidas pessoais e profissionais"" (6° parágrafo), marque a alternativa que apresenta significado oposto à palavra destacada"," Reunir"," Incluir"," Associar"," Suprimir"," Acrescentar","d"
"ea6a0eea-aa45-4aa1-88b5-5ff556ede2c9","Português","CMB - 2024/2025","Colégio Militar de Brasília",2024,NA,"  ![](1761746074_Captura de tela 2025-10-29 105428.png){width=300px} 

 Nas alternativas abaixo, referentes ao Texto 2,  os verbos que estão flexionados no pretérito perfeito do indicativo são:"," RECEBI e ESQUECEU (1º e  2º quadrinhos)."," ANDO e RECEBI (1° quadrinho).","ENTREGUEI e ASSINAR (2° quadrinho)."," ASSINAR e VIVE (2° e 3° quadrinhos).
","VIVE e ENTREGUEI (3º e 2° quadrinhos).","a"
"7fd488c9-b4a5-43af-bc3a-607978995471","Português","CMB - 2024/2025","Colégio Militar de Brasília",2024,NA," Levando em conta a leitura na íntegra da tirinha (Texto 2), conclui-se que o humor ocorre devido à","indignação do menino por ter sido anotado por se distrair muito com o celular."," ação similar de um adulto e de uma criança em razão do uso do celular."," decepção do menino pelo fato de o pai ter esquecido de assinar a anotação."," surpresa do colega do menino cujo pai se distrai constantemente com o celular."," frustração do menino por não poder mais usar seu celular em sala de aula.","b"
"c8f102f0-c3c4-455d-aa13-48ae04b66382","Português","CMB - 2024/2025","Colégio Militar de Brasília",2024,NA,"No 3º quadrinho da tirinha (Texto 2), na fala ""TAMBÉM... ELE **VIVE** DISTRAÍDO COM O CELULAR..."", o menino utiliza a palavra destacada para dizer que o fato acontece"," eventualmente."," raramente."," vividamente.","distraidamente."," frequentemente.","e"
"825f7850-9a8f-4930-a926-53601afc0a8e","Português","CMB - 2024/2025","Colégio Militar de Brasília",2024,NA,"  ![](1761746286_Captura de tela 2025-10-29 105757.png){width=300px} 
Observando a linguagem verbal e não verbal do Texto 3, a ironia é evidenciada pela","razão de a família estar distraída ao celular, não percebendo o tempo passar enquanto a comida esfria."," proximidade física e pela distância afetiva da família, revelada pela saudade sentida pelos pais."," falta de apetite do filho, que prefere ficar no quarto usando celular ao invés de estar com a família."," indiferença da família com a atitude do filho, pois eles também estão distraídos com o celular."," preocupação da família com a atitude do filho, embora eles também estejam distraídos ao celular.","b"
"416fcd03-9603-4729-b29c-eb3b99a08524","Português","CMB - 2024/2025","Colégio Militar de Brasília",2024,NA," No Texto 3, a expressão ""EU E SUA MÃE” poderia ser substituída, mantendo as relações semânticas e gramaticais, por um pronome"," pessoal do caso oblíquo átono."," demonstrativo."," possessivo.","pessoal do caso reto."," pessoal do caso oblíquo tônico.","d"
"999adbd1-6b61-44f5-bc79-b17a0c68e608","Português","CMB - 2024/2025","Colégio Militar de Brasília",2024,NA,"**Celular em sala de aula: quais países já proíbem e como isso afeta a aprendizagem**

Relatório da Unesco aponta que um em cada quatro países do mundo tem políticas sobre o tema

Um em cada quatro países do mundo proíbe ou tem políticas sobre o
 uso do celular em sala de aula, segundo estudo divulgado nesta quarta-feira (26) pela Unesco. Entre os que recentemente anunciaram a
proibição estão Finlândia e Holanda. Estudos mostram impactos do smartphone na aprendizagem e na concentração dos estudantes, principalmente porque os distrai durante a aula.

""As notificações recebidas ou a mera proximidade do celular podem ser uma distração, fazendo com que os alunos percam a atenção da tarefa. O  uso de smartphones nas salas de aula leva os alunos a se envolverem atividades não relacionadas à escola, o que afeta a memória e a compreensão"", diz o Relatório Global de Monitoramento da Educação 2023 da Unesco. em

 O documento, que reúne evidências de pesquisas do mundo todo, expõe os benefícios da tecnologia na educação, mas faz também uma leitura crítica do uso não regulado e  não moderado por educadores. Segundo o texto, os smartphones foram banidos total ou parcialmente no México, Portugal, Espanha, Suíça, Estados Unidos, Letônia, Escócia e em províncias do Canadá.

No Brasil, não há lei que proíba o uso de celulares. Escolas particulares têm regras próprias sobre o uso do aparelho, permitindo ou não de acordo com o uso e a idade do aluno. Um projeto de 2015, ainda em análise
na Câmara dos Deputados, proíbe ""o uso de aparelhos eletrônicos portáteis, como celulares e tablets, nas salas de aula da educação básica e superior de todo o país"". De autoria do deputado Alceu Moreira (PMDB-RS), ele prevê que os aparelhos só serão permitidos ""se integrarem as atividades didático pedagógicas e forem autorizados pelos professores"".

No texto de apresentação, a diretora geral da Unesco, Audrey Azoulay, diz que a pandemia fez com se valorizasse uma tendência de ""ver as soluções tecnológicas como uma ferramenta universal, adequada para todas as situações, uma forma inevitável de progresso"", mas que é preciso lembrar dos desafios e dos riscos. ""Vale reiterar o óbvio: nenhuma tela jamais substituirá a humanidade de um professor. (...) A relação entre professores e tecnologia deve ser de complementaridade - nunca de substituibilidade"", afirma. A Unesco recomenda que as políticas devem ser claras a todos alunos e professores e que as decisões devem ser apoiadas por evidências sólidas.

**Cyberbullying e proteção de dados de crianças**

Segundo o relatório, 16% dos países têm alguma legislação contra o cyberbullying, que pode acontecer por meio de publicação de fotos ou vídeos de indivíduos sem o consentimento, exclusão de grupos, violência
verbal, insultos e ameaças. O relatório cita estudos que mostram que, nos Estados Unidos, crianças de 11 a 14 anos passam nove horas por dia expostas a telas. ""O uso da tecnologia envolve períodos prolongados de tempo gasto no manuseio de dispositivos e exposição às telas."", diz o texto.

Na Dinamarca, algumas cidades baniram o uso do Google Workspace for Education e dos Chromebooks. Na Alemanha, segundo a Unesco, produtos da Microsoft foram proibidos em alguns estados. Emuitas escolas
e universidades nos Estados Unidos também passaram a colocar restrições ao TikTok e outras plataformas.


**Em relação ao sentido das palavras no Texto 4, assinale a alternativa correta, na qual uma palavra poderia ser substituída por outra sem prejuízo de sentido.**"," Em ""[...] os aparelhos só serão permitidos 'se **integrarem** as atividades pedagógicas[...]' "", a palavra destacada pode ser substituída por ""segregarem""."," Em ""[...] soluções tecnológicas como uma ferramenta **universal**, adequada a todas as situações ..., a palavra destacada pode ser substituída por ""pormenorizada""."," Em ""[...] pode acontecer por meio de publicação de fotos ou vídeos de indivíduos sem o **consentimento...**"", a palavra destacada pode ser substituída por ""licença""."," Em ""[...] o cyberbullying, que pode acontecer por meio de [...] **insultos** e ameaças."", a palavra destacada pode ser substituída por ""cortesias"".","Em ""[...] O uso da tecnologia envolve períodos **prolongados** de tempo gasto"", a palavra destacada pode ser substituída por ""efêmeros"".","c"
"b138d643-99da-40fb-b848-b3cf381c3e70","Português","CMB - 2024/2025","Colégio Militar de Brasília",2024,NA," No título do Texto 4, ""Celular em sala de aula: quais países já proíbem e como isso afeta a aprendizagem"", há a utilização do pronome ""isso"". Considerando apenas o título, o pronome ""isso"" se refere diretamente"," à proibição da utilização do celular em sala de aula."," à eficácia do uso das tecnologias digitais no ensino."," aos desafios enfrentados pelos educadores na era digital."," aos países que não proíbem o celular em sala de aula."," à evolução das políticas educacionais sobre tecnologia.","a"
"0db41bf4-ed41-49eb-8535-6ba6d4b5c7f0","Português","CMB - 2024/2025","Colégio Militar de Brasília",2024,NA," No fragmento ""Vale reiterar o óbvio"" (Texto 4), é correto afirmar sobre a palavra **""reiterar""** que ela é um exemplo de processo de derivação:"," por prefixação, com a adição do prefixo ""re-"" ao verbo, indicando o reforço de uma ideia."," sufixal, com a adição do sufixo ""-ar"" ao radical ""reiter-"", indicando uma eventualidade."," por adição simultânea do prefixo ""re-"" e do sufixo ao radical “-ar"", indicando uma raridade."," com a adição do sufixo ""-ar"", sem a presença de um prefixo, indicando uma novidade."," combinando duas palavras: a palavra ""re"" e a palavra ""iterar"", indicando uma reprodução.","a"
"3ad83d65-de5a-4042-aea3-8a3ca48bde66","Português","CMB - 2024/2025","Colégio Militar de Brasília",2024,NA,"  ![](1761747899_Captura de tela 2025-10-29 112448.png){width=300px} 

 Na construção da fala do aluno, apresentada no Texto 5, há a ausência de uma vírgula, tomando como base as normas que regem o emprego desse sinal, o que está precisamente descrito em:"," Destacar um adjunto adnominal."," Separar termos de uma enumeração."," Deslocar um grupo nominal."," Isolar uma estrutura vocativa."," Desmembrar sujeito de predicado.","d"
"1dae265e-c461-4530-a31a-8d7a0411092f","Português","CMB - 2024/2025","Colégio Militar de Brasília",2024,NA,"  ![](1761748073_Captura de tela 2025-10-29 112746.png){width=300px} 

 Na frase ""50 milhões de brasileiros apresentam distúrbios de visão"" (Texto 6), a palavra **""distúrbios""**","atua como um adjetivo qualificador, descrevendo a condição dos brasileiros, isto é, a situação de toda a população do Brasil em relação à visão."," é um substantivo flexionado no plural, indicativo de problemas, auxiliando a compreensão sobre questões "," é um verbo utilizado no plural, que descreve a ação realizada pelos brasileiros, em relação ao uso de telas e transtornos causados por elas."," é um exemplo de adjetivo numeral que indica a quantidade de crianças afetadas pelo uso de computadores, telas e demais monitores."," é um advérbio, ou seja, é um elemento que expressa uma circunstância do verbo ""apresentam"", gerando  uma ideia de problemas visuais.","b"
"279c732d-85f4-4930-9feb-35b1654a07f3","Português","CMB - 2024/2025","Colégio Militar de Brasília",2024,NA," Identifique qual das alternativas abaixo mantém sentido mais próximo ao do fragmento: ""tirar o olhar das telas e focalizar objetos distantes"""," Reduzir o brilho da tela e usar óculos com filtro de luz azul."," Evitar telas muito luminosas e calcular a distância entre os olhos e o monitor."," Descansar os olhos periodicamente e manter a tela sempre limpa."," Diminuir o tempo de uso das telas e ajustar a resolução para menor definição.","Tomar intervalos frequentes da luminosidade e olhar para fora da tela.","e"
"708a8557-39ff-4796-ab32-fffed620741a","Português","CMB - 2024/2025","Colégio Militar de Brasília",2024,NA,"Considerando o propósito do gênero textual infográfico (Texto 6) e suas características, das opções abaixo descreve corretamente sua principal finalidade?","Facilitar a compreensão de assuntos complexos por meio de elementos visuais e textuais integrados."," Apresentar detalhadamente informações históricas por meio de ilustrações ou banners."," Sintetizar dados estatísticos de maneira abstrata e conceitual sem respaldo técnico."," Ampliar a complexidade textual por meio de diagramas interativos e jogos com imagens coloridas."," Minimizar o uso de recursos visuais para promover uma leitura mais crítica e analítica do texto.","a"
"4e48342b-b2bb-487f-abcc-bfd067669d16","Português","CMB - 2024/2025","Colégio Militar de Brasília",2024,NA,"  ![](1761748793_Captura de tela 2025-10-29 113946.png){width=300px} 
  ![](1761748826_Captura de tela 2025-10-29 114017.png){width=300px} 

 Tendo em vista o contexto em que foi empregada a palavra ""construção"" (linha 30 do Texto 7), marque a alternativa que apresenta o sentido mais próximo para uma possível substituição, fazendo os devidos ajustes gramaticais, se for o caso."," Invenção"," Obstrução"," Manutenção"," Erguimento"," Processo","e"
"ec0fe519-de34-4ce2-a6f7-9d3c4c3ac975","Português","CMB - 2024/2025","Colégio Militar de Brasília",2024,NA," Na resposta da terceira pergunta (Texto 7), duas expressões da fala de Desmurget são colocadas entre aspas: ""estável"" e ""finais"". Sobre o emprego dessas palavras no contexto da entrevista, marque a alternativa correta.","""estável"", no seu uso mais comum, significa ""firme"", isto é, em alguns casos, podemos mover voluntariamente o cérebro.","Ao lermos ""finais"", entre aspas, conclui-se que o entrevistado se refere ao estado do cérebro no momento próximo à morte de um indivíduo."," O cérebro não ser um órgão ""estável"" implica que ele está sujeito a alterações, dependendo dos estímulos que recebe ao longo da vida.","O emprego das aspas em ambas as palavras não altera o sentido usual delas, tendo em vista que são expressões da linguagem coloquial."," Caso retiremos as aspas das duas palavras, não ocorre modificação no sentido, já que elas têm a finalidade de retomar termos anteriormente mencionados.","c"
"8d9fa355-d909-4172-9f1f-59e22ff47f40","Português","CMB - 2024/2025","Colégio Militar de Brasília",2024,NA," Nas alternativas abaixo, há ideias que foram retiradas do Texto 7. Marque aquela que apresente uma ideia que, para além de um simples fato, tenha uma opinião."," ""O cérebro não é um órgão 'estável"". (linha 24)"," ""isso tem um efeito significativo em seu QI"". (linhas 9 e 10)"," ""As causas também são claramente identificadas"". (linha 16)"," ""tempo dedicado a outras atividades mais enriquecedoras"". (linha 18)"," ""Suas características 'finais' dependem da nossa experiência."" (linhas 24 e
 25)","d"
"f9e77617-ce6a-4e19-9ecd-ee2861ce6582","Português","CMB - 2024/2025","Colégio Militar de Brasília",2024,NA,"  ![](1761749326_Captura de tela 2025-10-29 114839.png){width=300px} 

 Marque a alternativa que apresenta de forma plausível o tema do Texto 8, levando em conta, para tanto, todos os elementos da linguagem verbal e não verbal."," Dúvidas acerca da vida de um simples torcedor da seleção brasileira de futebol.","A notória dependência do indivíduo em relação ao uso das novas tecnologias."," A perda de memória do brasileiro no que diz respeito aos últimos fatos históricos."," Terapia como meio de lidar com problemas causados pelo avanço da ciência."," Necessidade urgente de terapia para indivíduos imersos na contemporaneidade.","b"
"e9b9ba23-fd3e-4011-8ccd-ae82d9631059","Matemática","III - Múltiplos e Divisores","Colégio Militar de Campo Grande",2024,NA," Na adição abaixo, alguns números naturais foram substituídos pelas letras C, M e G.

  ![](1761845800_Captura de tela 2025-10-30 143620.png){width=300px} 

Pode-se afirmar que o resultado da expressão   ![](1761845843_Captura de tela 2025-10-30 143712.png){width=300px} é um número:","par.","primo.","múltiplo de 3.","maior que 30.","divisível por 7.","c"
"e81aaa6c-217a-40f4-8422-ca8967653b7a","Matemática","V - Números Decimais","Colégio Militar de Campo Grande",2024,NA,"**Mas quanto custa abastecer um carro elétrico em 2024?**
**Levamos o carro elétrico Volvo C40 Plus para diversas situações no dia a dia para fazer recarga da bateria. Vamos aos números.**

Em casa, que é a opção mais econômica para quem tem carro elétrico, o custo da energia em São Paulo por quilowatt-hora é de R$ 0,89, já incluídos os impostos. Assim, o Volvo C40 Plus terá cada recarga completa ao custo de R$61,41, o que é suficiente para rodar pouco mais de 400 km.

Porém, imóveis comerciais pagam menos pelo quilowatt-hora. Em São Paulo, o quilowatt-hora para a tarifa comercial/industrial é de R$ 0,85. Além disso, a tarifa rural é isenta do Imposto sobre Circulação de Mercadorias e Prestação de Serviços (ICMS) e custa em torno de R$ 0,73 por quilowatt-hora.

De acordo com as informações do texto I, o custo para recarregar o mesmo veículo em imóveis do tipo comercial/industrial e rural valem, respectivamente:","R$ 58,65 e R$ 50,37.","R$ 58,37 e R$ 50,65.","R$ 50,37 e R$ 58,65.","R$ 58,50 e R$ 50,37.","R$ 58,65 e R$ 50,50.","a"
"7f931912-162d-430f-8476-603a06f0f0a9","Matemática","VI - Medidas Geométricas","Colégio Militar de Campo Grande",2024,NA," Davi é um fazendeiro que enfrenta problemas com o abastecimento de água em seus vinte e cinco pastos. Para resolver esse problema, ele construirá um tipo de cocho (bebedouro para o gado) em formato de paralelepípedo reto-retângulo. Sabe-se que um caminhão-pipa carrega exatamente 18 mil litros de água, o suficiente para abastecer os vinte e cinco pastos da fazenda de Davi, sendo um cocho em cada pasto. O referido caminhão-pipa fará uma única viagem para abastecimento desses pastos, sem que haja sobra ou falta de água.

Considerando as medidas internas das paredes dos cochos, assinale a alternativa que apresenta as dimensões de um possível cocho que resolverá o problema de Davi."," largura 1,2m; altura 0,3m; profundidade 2m."," largura 0,2m; altura 0,4m; profundidade 3m."," largura 1,2m; altura 0,4m; profundidade 2,5m."," largura 1,3m; altura 0,4m; profundidade 0,9m."," largura 1,8m; altura 0,6m; profundidade 0,9m.","a"
"4d603452-d906-4082-8052-a2cb26a9bcd1","Matemática","V - Números Decimais","Colégio Militar de Campo Grande",2024,NA,"**Produto fica menor e preço maior: veja os itens que mais sofreram ""reduflação"" neste ano**

Você certamente já foi ao supermercado e reparou que a embalagem de algum produto aparentava estar menor que o usual, enquanto o preço continuava o mesmo, ou até mais caro.

Este fenômeno é real e se tornou tão comum que ganhou um nome: ""reduflação"", neologismo que une ""redução"" com ""inflação"".

A reduflação é a manutenção ou até o aumento dos preços nas prateleiras, ao mesmo tempo em que ocorre uma redução no tamanho dos produtos por parte dos fabricantes.

Segundo um levantamento feito pela consultoria Horus, entre janeiro e agosto de 2023, o sabão em pó foi o produto vendido em supermercado que mais sofreu reduflação em comparação com mesmo período de 2022.

No período, o peso do produto foi reduzido de 1,1 kg para 1 kg, enquanto o preço ao público subiu, passando de R$ 15,40 para R$ 19,25.

**De acordo com as informações do texto II, qual foi o aumento percentual do preço do sabão em pó?**","4,25.","17,5.","35.","37,5.","44,25.","d"
"38b072e1-0835-4da4-856a-5c272a04e0c3","Matemática","V - Números Decimais","Colégio Militar de Campo Grande",2024,NA," Em uma sala de aula do 6º ano do Ensino Fundamental, há meninos e meninas. Na primeira prova de matemática do ano, metade dos meninos obtiveram nota acima de 6 e 25% das meninas não atingiram
este resultado. Em relação ao total de alunos da sala, o percentual de alunos que obtiveram nota acima de 6 foi de:"," 25%."," Menos de 25%."," 50%."," Mais de 50%"," Mais de 75%.","d"
"e3c514ac-9b86-4aea-8f82-8176e3e78991","Matemática","V - Números Decimais","Colégio Militar de Campo Grande",2024,NA," No primeiro trimestre de 2024, foram aplicadas cinco avaliações de matemática para o 6º ano do Ensino Fundamental. Das cinco avaliações, a Aluna Maria Isabel obteve média 8 nas quatro primeiras e, na última prova, obteve nota 10. A média aritmética que Maria Isabel obteve nas cinco avaliações foi de:","8,4.","8,5.","9.","9,4.","9,5.","a"
"8526ded2-3c6f-415e-ad97-7857beff2eb1","Matemática","VI - Medidas Geométricas","Colégio Militar de Campo Grande",2024,NA,"Observe a figura I na malha quadriculada abaixo:

  ![](1761846641_Captura de tela 2025-10-30 145034.png){width=300px} 

A figura sombreada equivale a qual percentual da malha quadriculada?","25","32","42","45","48","b"
"62c5f628-d284-4669-bc81-0eb09b0b4ac6","Matemática","VI - Medidas Geométricas","Colégio Militar de Campo Grande",2024,NA,"Há 11 opções de planificações de um cubo. Analise as imagens abaixo e marque qual das planificações formará um cubo em que todas as faces opostas apareçam o mesmo símbolo.
","  ![](1761846715_Captura de tela 2025-10-30 145145.png){width=300px} ","  ![](1761846744_Captura de tela 2025-10-30 145204.png){width=300px} ","  ![](1761846777_Captura de tela 2025-10-30 145248.png){width=300px} ","  ![](1761846796_Captura de tela 2025-10-30 145307.png){width=300px} ","  ![](1761846816_Captura de tela 2025-10-30 145325.png){width=300px} ","b"
"87229ee8-21cc-4be1-8c72-1c99f39dcc92","Matemática","V - Números Decimais","Colégio Militar de Campo Grande",2024,NA,"Durante uma aula de ciências naturais, João observou que as colmeias de abelhas possuem um padrão geométrico fascinante. Os alvéolos (câmaras) possuem um formato hexagonal, sendo um exemplo de engenhosidade e perfeição da natureza. João resolveu aprofundar seus estudos e decidiu visitar alguns apiários (lugar próprio para criação de abelhas e colheita de mel). Após visitar todos apiários da sua região, João concluiu que:

I. Cada alvéolo da colmeia armazena até cinco gramas de mel;
II. Uma colmeia possui sete mil alvéolos;
III. As abelhas produzem mel uma vez por ano, a colheita é feita no início do inverno;
IV. Um quilograma de mel equivale a 750 mililitros; e
V. O preço do quilograma do mel é de R$ 98,00.

Com base nas conclusões de João, assinale a alternativa que apresenta uma afirmação correta.","Em um apiário a produção  com 100 colmeias, onde as abelhas armazenaram a quantidade máxima em cada anual foi de 1.968,75 litros de mel.","Em um apiário a produção com anual 100 colmeias e que as abelhas utilizaram apenas 75% da capacidade de cada foi de 2.625 litros de mel.","Em alvéolo, um o apiário valor com arrecadado 100 colmeias e que as abelhas utilizaram apenas 75% da capacidade de cada com a venda total do mel foi de R$ 257.250,00."," Em um apiário com 100 colmeias e que as abelhas armazenaram a quantidade máxima de cada alvéolo, a produção anual foi de 2.625 kg de mel.","Em um apiário o valor com arrecadado 100 colmeias com e que as abelhas utilizaram apenas 75% da capacidade de cada a venda total do mel foi de R$ 343.000,00.","c"
"83cd2986-5865-4018-b151-0c8cf0e639f7","Matemática","V - Números Decimais","Colégio Militar de Campo Grande",2024,NA,"Camila possui um jogo com 24 cartas enumeradas de 1 a 24 e um dado de 12 faces (dodecaedro)
enumeradas de 1 a 12. Após embaralhar, ela distribui as cartas voltadas para baixo. Inicia jogando o dado e, na sequência vira-se uma carta para cima, se o número da carta for divisível pelo número do dado, ela retira a carta e continua o jogo, se o número da carta não for divisível pelo número do dado, ela vira a carta para baixo novamente e continua o jogo.

Acompanhe as cinco primeiras rodadas do jogo que Camila fez:

  ![](1761847060_Captura de tela 2025-10-30 145732.png){width=300px} 

Considerando todas as informações acima, qual a probabilidade de a Camila retirar uma carta do jogo no quinto lançamento?","25%.","20%.","18%.","15%.","10%.","b"
"3159934f-59c2-4c95-a354-f66715982829","Matemática","VI - Medidas Geométricas","Colégio Militar de Campo Grande",2024,NA,"Mariana tem uma loja de presentes e utiliza caixas para embalar os pedidos de seus clientes. Após colocados nas caixas, os pedidos são embrulhados com papel decorado conforme o gosto do cliente, Em um determinado dia, uma cliente comprou três presentes e pediu para que fossem colocados em três caixas, duas iguais com formato cúbico e outra com formato de um paralelepípedo reto-retângulo.

Entretanto, desejava-se que se utilizasse um mesmo embrulho, com um papel decorado com
dinossauros, já que seriam presentes para seu sobrinho que é apaixonado por dinossauros. Mariana observou que a caixa em forma de paralelepípedo possui as medidas da largura e da profundidade iguais à medida da aresta da caixa cúbica. Resolveu, então, empilhar as caixas de três maneiras diferentes e anotar a altura das pilhas para verificar qual ficaria melhor embrulhada com um único papel. Observe as pilhas de caixas feitas por Mariana.

  ![](1761847196_Captura de tela 2025-10-30 145949.png){width=300px} 

Observando todas as informações e as anotações de Mariana, assinale a alternativa que apresenta a pilha de caixas que economizará mais papel de presente e a respectiva quantidade de papel que será utilizada sem que haja faltas, sobras ou desperdícios de papel.
"," Pilha 1 utilizando 1,42 m² de papel de presente.","Pilha 2 utilizando 1,42 m² de papel de presente."," Pilha 3 utilizando 1,44 m² de papel de presente.","Pilha 1 utilizando 1,44 m² de papel de presente."," Pilha 2 utilizando 1,60 m² de papel de presente.","d"
"14edbd05-1cd2-4547-846d-cf7e11a8c2b9","Matemática","III - Múltiplos e Divisores","Colégio Militar de Campo Grande",2024,NA,"Fernandes e Cássio, dois professores de Matemática, resolveram criar um rotina intensa de
treinamentos, durante o ano de 2024, com o objetivo de melhorar a saúde e o condicionamento físico, iniciando já no dia 1º de janeiro. Fernandes pratica exercícios físicos por três dias seguidos e descansa um. Cássio pratica exercícios físicos por cinco dias seguidos e descansa dois. Supondo que os dois cumprirão suas rotinas de treinamento sem falha, quantas vezes no ano os dois descansarão simultaneamente?","13","26","34","45","52","b"
"59ebd211-7d6c-4000-8b66-6aa57918a8aa","Matemática","I - Sistema de Numeração","Colégio Militar de Campo Grande",2024,NA,"Enquanto estudava aritmética, Gabriela percebeu que alguns números naturais, a partir de 2, têm
uma característica específica: o produto dos seus divisores é igual ao próprio número e a soma dos seus divisores é igual ao seu sucessor. Ela resolveu chamar tais números de ""parentes"". O número 3, por exemplo, cujos divisores são 1 e 3, é um número ""parente"", pois multiplicando-se seus divisores encontra-se 3 como resultado e somando-se seus divisores encontra-se 4 como resultado, que é o sucessor de 3. Baseado na descoberta de Gabriela pode-se afirmar que:
","A quantidade de números ""parentes"" pares é igual à quantidade de números parentes ímpares entre 1 e 10","É possível somar dois números ""parentes"" quaisquer entre 10 e 20 e obter outro número ""parente""."," É possível encontrar três números consecutivos entre 1 e 20 que sejam ""parentes"".","A soma de todos os números ""parentes"" entre 1 e 40 é ímpar.","A soma de todos os números ""parentes"" entre 1 e 30 é par.","d"
"c43be2c4-64a4-42c6-aeb7-8298f04ee390","Matemática","II - As 4 Operações","Colégio Militar de Campo Grande",2024,NA,"Em uma urna estão 9 fichas numeradas de 1 a 9. Hugo retira duas fichas, forma o maior número possível com elas e anota no papel, depois forma o menor número possível com as mesmas fichas e
também anota no papel. Subtraindo-se os números que Hugo formou, pode-se afirmar que o resultado sempre será:","par."," ímpar."," múltiplo de 5.","múltiplo de 7.
"," divisível por 9.","e"
"a41df136-fff7-4999-9a77-c17836761fbd","Matemática","III - Múltiplos e Divisores","Colégio Militar de Campo Grande",2024,NA,"Helena encontrou em uma loja um dado curioso, diferente do que ela conhecia, cujo formato era de octaedro regular, com 8 faces numeradas de 1 a 8. Nesse dado, a soma das faces opostas é sempre igual a 9, ou seja, se ela lança esse dado em uma mesa e o número que fica voltado para cima é o 1, o número que fica voltado para baixo, em contato com a mesa, é o 8, pois 1 + 8 = 9. Ela, então, resolveu comprar dois dados desse tipo e os levou à escola no dia seguinte para brincar com seus amigos. Em certo momento, ela lançou os dois dados simultaneamente (ao mesmo tempo) e obteve dois números voltados para cima. Sobre tais números, sabe-se que:

I. A soma vale 10;
II. O mdc entre eles é 2; e
III. Formando-se uma fração imprópria, obtém-se um número decimal entre 1 e 3.

O produto dos números que ficaram voltados para baixo, em contato com a mesa, é:","15","16","18","21","24","a"
"c9c88c2d-d578-4003-9513-c43228418957","Matemática","II - As 4 Operações","Colégio Militar de Campo Grande",2024,NA," A tenente Maria Esther quer preparar uma surpresa para seus alunos do clube de Matemática e,
para isso, comprou um pacote de balas para dividir entre eles. Ao chegar em casa notou que, se desse a cada aluno 4 balas, sobrariam ainda 3 balas no pacote e se desse a cada aluno 5 balas, 3 alunos ficariam sem receber balas. Com base nessas informações, pode-se concluir que o pacote que a tenente Maria Esther comprou possui:"," 15 balas.","42 balas.","55 balas.","67 balas.","75 balas.","e"
"90762605-265f-474f-bfc1-4cc43ba232c0","Matemática","VI - Medidas Geométricas","Colégio Militar de Campo Grande",2024,NA,"Pedrita comprou uma moldura cujo comprimento vale 9 cm e cuja largura vale 18 cm, a fim de
colocar sua nova foto. A foto impressa tem comprimento de 5 cm e largura de 10 cm e, ao posicionar a foto na moldura, ela não gostou do resultado. Então, Pedrita voltou à loja que havia impresso a foto е pediu ao atendente que imprimisse uma nova, só que agora dobrando as medidas das duas dimensões. Nessa situação, pode-se afirmar que a nova foto impressa teve um aumento de:
"," 100% na área, mas não cabe na moldura.","200% na área, mas não cabe na moldura."," 300% na área, mas não cabe na moldura."," 200% na área e cabe na moldura.","300% na área e cabe na moldura.","c"
"5b90de02-a150-4131-9d6d-93581f8f86db","Matemática","VI - Medidas Geométricas","Colégio Militar de Campo Grande",2024,NA,"Para a construção de uma ponte, o engenheiro Lucas precisa calcular a massa de cada pilar que irá sustentar a ponte. Estudando o projeto, ele chegou a algumas conclusões sobre a obra. Observe abaixo as conclusões de Lucas e o desenho da ponte em que ele está trabalhando.

I - O projeto prevê quatro pilares menores e dois pilares maiores todos no formato de paralelepípedo reto-retângulo;
II - Os pilares menores são iguais e possuem 1,5 metros de largura, 1,5 metros de profundidade e 2,0 metros de altura;
III - Os pilares maiores são iguais e possuem 1,5 metros de largura, 1,5 metros de profundidade
e 4,0 metros de altura;
IV - Cada 1,0 metro cúbico de volume de cada pilar resulta em 1350 quilogramas na sua massa final;
V - Da massa final de cada pilar, 72% corresponde a concreto (mistura de cimento, areia e pedra) e o restante a ferro.

  ![](1761847869_Captura de tela 2025-10-30 151103.png){width=300px} 

Levando em consideração todas as conclusões de Lucas, assinale a alternativa que apresenta a
informação correta sobre a quantidade em quilograma da massa de concreto que será utilizada para a construção de todos os pilares da ponte.
","13.608 quilogramas de concreto.","17.496 quilogramas de concreto.","32.992 quilogramas de concreto.","34.992 quilogramas de concreto.","43.740 quilogramas de concreto.","d"
"e681e757-f3ee-4486-9c05-6ebc5c5d778a","Matemática","IV - Frações","Colégio Militar de Campo Grande",2024,NA,"Mara e Sara resolveram fazer um piquenique no parque e combinaram que, para comer, Sara
levaria um prato de salgados e Mara, um prato de doces. Para beber, decidiram que ambas levariam a mesma quantidade de refresco de uva. Chegando lá, elas misturaram tudo em um só recipiente. Mara, ao preparar seu refresco, misturou 1 parte de suco de uva para 3 partes de água, enquanto Sara preparou seu refresco misturando 2 partes de suco de uva para 3 partes de água. Ao juntar os refrescos das duas no mesmo recipiente, o novo refresco terá:","3 partes de suco de uva para 6 partes de água.","4 partes de suco de uva para 9 partes de água.","11 partes de suco de uva para 40 partes de água.","13 partes de suco de uva para 27 partes de água.","15 partes de suco de uva para 33 partes de água.","d"
"921867d5-1c25-4a37-a1a3-451e489e1386","Matemática","IV - Frações","Colégio Militar de Campo Grande",2024,NA," No mês de abril, os alunos do 6º ano do Ensino Fundamental ao 3º ano do Ensino Médio, do Colégio Militar de Campo Grande, participaram dos Jogos Internos, uma semana dedicada a atividades esportivas entre os discentes promovendo valores como espírito de corpo e camaradagem. Ao final pos jogos, a Seção de Educação Física do colégio divulgou a tabela abaixo com o resultado final da competição:

  ![](1761848213_Captura de tela 2025-10-30 151644.png){width=300px} 

Com base na tabela acima, ao escolher aleatoriamente um ano escolar, a probabilidade de ele ter obtido o número total de pontos superior à média geral da competição é de:
","$\frac47$","$\frac37$","$\frac27$","$\frac17$","0","a"
"154cf7be-15b2-47d6-952d-7b751b90d9f2","Português","CMCG - 2024/2025","Colégio Militar de Campo Grande",2024,NA,"  ![](1761849143_Captura de tela 2025-10-30 153208.png){width=300px} 
  ![](1761849197_Captura de tela 2025-10-30 153307.png){width=300px} 
  ![](1761849233_Captura de tela 2025-10-30 153345.png){width=300px} 

Sobre o texto III, analise as assertivas abaixo.

I. A corça-mulher, embora não falasse a língua do palácio, sentia-se bem na companhia do
príncipe e desejava viver ali com ele.
II. No trecho ""Foi assim que o príncipe **a** viu"" (1.11), o vocábulo destacado refere-se à tropa que acompanhava os caçadores.
III. Em ""Só não tinha a palavra. E o desejo de ser mulher."" (1.36), a autora quis dizer que a corça-mulher, além de não saber falar a língua do palácio, também não tinha vontade de ser
mulher.
IV. É possível afirmar que a corça-mulher, ao sair do palácio, cruzou a floresta com o desejo de encontrar sua Rainha, que desfez o feitiço, transformando-a apenas em corça.
V. A corça-mulher também se apaixonou pelo príncipe, mas depois de se transformar em apenas corça, afastou-se completamente do seu amado, passando a viver na floresta.

Estão corretas as afirmativas:
","II e V.
"," Ie III.","III, IV.","II, IV e V."," I, III e IV.","c"
"b76f487b-c95c-4171-9cd4-1d07c3951a2b","Português","CMCG - 2024/2025","Colégio Militar de Campo Grande",2024,NA,"Analise os trechos abaixo, transcritos do texto III.

Trecho 1: ""Na floresta, também ouviram a trompa e **o alarido.**"" (1.07)
Trecho 2: ""Então, o príncipe botou a flecha no arco, **retesou a corda**, atirou [...]"" (1.14)
Trecho 3: ""Metade mulher, metade corça, bebendo **no regato.**"" (1.11)

As expressões destacadas podem ser substituídas, respectivamente, sem prejuízo de sentido, por:
","a algazarra; esticou a corda; no arroio.","a taciturnidade; estirou a corda; no rio.","o resfôlego; enrolou a corda; no desfiladeiro.","a discrição; distendeu a corda; no córrego.","o remanso; amarrou a corda; na montanha.","a"
"75f54fcc-5fc4-4faa-8bf1-17fae191312e","Português","CMCG - 2024/2025","Colégio Militar de Campo Grande",2024,NA,"Analise as proposições abaixo e julgue-as como verdadeiras ou falsas.

I. No texto III, é possível observar a inexistência do elemento ""tempo"" da narrativa, pois não é possível especificar, com exatidão, a data em que os fatos aconteceram.
II. O espaço é um importante elemento que compõe os textos narrativos, sendo definido pelo local onde ocorrem os principais acontecimentos da história. Sendo assim, no conto de Marina Colassanti, o espaço da narrativa é o palácio onde o príncipe vivia, pois foram lá que aconteceram todos os fatos narrados no enredo.
III. O texto III apresenta narrador observador e, apesar de ser contado predominantemente em terceira pessoa, é possível observar que, nesse conto, o príncipe está compartilhando uma de suas aventuras vividas durante suas inúmeras caçadas.
IV. A obra apresenta, em sua composição, passagens com discurso direto, como comprovado pelo trecho: ""Ele queria dizer que a amava tanto, que queria casar com ela e tê-la para sempre no castelo"" (1.23-24).

A sequência correta, de cima para baixo, é:","F, V, F, V.","V, F, V, F.","F, F, F, F.","F, V, V, F.","V, V, V, V.","c"
"ad76a0bb-78c4-421a-8287-1c431d67bbc3","Português","CMCG - 2024/2025","Colégio Militar de Campo Grande",2024,NA,"Analise as assertivas abaixo sobre o papel das classes de palavras na composição do texto III.

I. Nos trechos ""**E** cada vez se apaixonava mais"" (1.19-20) e ""**e** o príncipe só sabia ouvir a língua do palácio"" (1.20-21), os termos destacados têm a mesma classe gramatical e a mesma função em cada frase, que é a de acrescentar novas ideias.
II. No trecho ""Ele queria dizer **que** a amava tanto, **que** queria casar com ela e tê-la para sempre no castelo, **que** a cobriria de roupas e joias [...]"" (1.23-24), as palavras destacadas, embora tenham a mesma grafia e pertençam à mesma classe gramatical, possuem diferentes usos na frase, sendo o primeiro e o segundo termos responsáveis por unir ideias e o terceiro termo responsável por retomar uma ideia apresentada anteriormente.
III. Nos trechos ""**A** mulher tão linda. **A** corça tão frágil"" (1.11-12) e ""Vieram **as** costureiras e **a** cobriram de roupas."" (1.34-35), o último termo destacado do segundo trecho exerce o papel de retomar um substantivo, enquanto que todos os demais termos destacados apenas especificam os substantivos.
IV. No trecho ""Foi assim que **o** príncipe a viu"" (1.11), a palavra em destaque é um artigo definido, que poderia ser substituído por um artigo indefinido sem causar mudança de sentido na frase original, já que continuaria sendo utilizado para se referir ao ""príncipe"".
V. Nos trechos ""**Se** chegasse perto será que ela fugia?"" (l.13) e ""E **se** pôs a pastar sob as janelas do palácio"" (1.41), as palavras em destaque pertencem à mesma classe gramatical e têm a função de indicar uma condicionalidade ao contexto em que as duas frases estão inseridas.

Estão corretas somente as afirmativas:","I e IV."," I e III.","II e IV.","I, II e V.","II, III e V.","b"
"6d631c94-f992-4148-91fd-7e664794ad3b","Português","CMCG - 2024/2025","Colégio Militar de Campo Grande",2024,NA," Em relação ao trecho ""O sol ainda brilhava quando a corça saiu da floresta"" (1.40), pode-se afirmar que não houve mudança do foco narrativo nem do sentido original do texto em:","o sol, no bosque, ainda brilhava quando a corça chegou.","quando a mulher saiu da floresta, o sol ainda brilhava.","brilhava, ainda, o sol, quando ele saiu da floresta.","o sol, quando ela saiu da floresta, ainda brilhava.","quando saí da floresta, o sol ainda brilhava.","d"
"896e0834-9a62-4eab-96ce-228733be4062","Português","CMCG - 2024/2025","Colégio Militar de Campo Grande",2024,NA," Assinale a alternativa em que os verbos presentes no trecho ""vieram os joalheiros e a cobriram de joias""  (l. 35) foram corretamente conjugados após a mudança do tempo verbal para o presente do modo indicativo.","Veem os joalheiros e a cobrem de joias."," Vêm os joalheiros e a cubram de joias.","Vem os joalheiros e a cobrem de joias.","Vem os joalheiros e a cubram de joias.","Vêm os joalheiros e a cobrem de joias.","e"
"8c8259c8-d2b9-4b3a-adc7-558f0c5c5acf","Português","CMCG - 2024/2025","Colégio Militar de Campo Grande",2024,NA," O segundo substantivo presente no trecho ""[...] que a cobriria de roupas e joias, que chamaria o melhor feiticeiro do reino [...]"" (1.24) tem a mesma classificação, quanto à posição de sua sílaba tônica, que a palavra:","lá (1.04).","mulher (1.36).","retesou (1.14).","príncipe (1.01).","ferimento (1.17).","e"
"785fc6d8-d74e-435f-9104-a4583444abe6","Português","CMCG - 2024/2025","Colégio Militar de Campo Grande",2024,NA,"  ![](1761849980_Captura de tela 2025-10-30 154610.png){width=300px} 
  ![](1761850057_Captura de tela 2025-10-30 154728.png){width=300px} 
  ![](1761850114_Captura de tela 2025-10-30 154809.png){width=300px} 

 Acerca do texto IV, pode-se afirmar que, no ponto de vista do autor:"," a troca de experiências entre as equipes é o que há de mais importante nos eventos organizados pelo CISM."," pela 27a vez, a equipe de salto livre da Brigada de Infantaria Paraquedista, Os Cometas, sagrou-se campeã e representará o Brasil no Campeonato Mundial em julho, na Hungria.","entre os dias 21 de abril e 3 de maio, foi realizado um intercâmbio entre a Seleção Militar de Paraquedismo do Brasil e a Hayabusa, que é a Seleção Militar de Paraquedismo da Bélgica.","pela primeira vez em sua história, o CISM tem um Presidente que é um militar brasileiro: trata-se do Coronel Nilton Gomes Filho, do Exército Brasileiro, que acompanhou de perto, em Piracicaba, os treinamentos das equipes.","o Conselho Internacional de Esportes Militares (CISM) é uma das maiores organizações multiesportivas do mundo, pois conta com 160 países membros e 27 esportes principais, tendo, como lema, a frase ""amizade através do esporte"".","a"
"e112d239-4cc9-4f71-9454-d257a86c47dd","Português","CMCG - 2024/2025","Colégio Militar de Campo Grande",2024,NA," Sobre o texto IV, analise as informações abaixo.

I. Estilo e Precisão são duas das três modalidades que existem no paraquedismo clássico.
II.  No trecho ""A equipe [...] sagrou-se campeã [...]"" (1.12-13), o verbo ""sagrou-se"" pode ser substituído, sem prejuízo de sentido, pelo verbo ""abdicou-se"".
III. Segundo as regras do Novo Acordo Ortográfico, é opcional o uso do hífen na palavra ""multiesportivas"" (1.28), da mesma forma que ocorre com ""paraquedismo"" (1.16).
IV. A frase ""Amizade através do esporte""(l.37) pode ser substituída, sem prejuízo de sentido ao texto,
por ""Esporte por meio da amizade”, já que essas duas frases são sinônimas. 

Assinale a alternativa CORRETA de acordo com as informações apresentadas acima."," I e III.","I e IV.","I, III e IV.","I, apenas."," IV, apenas.","d"
"fa513655-9766-47c7-b377-cd5e34cefca6","Português","CMCG - 2024/2025","Colégio Militar de Campo Grande",2024,NA,"Sabe-se que certos elementos colaboram para estabelecer relações entre partes de um texto. Partindo de tal conceito, analise as alternativas abaixo e assinale a que tenha a CORRETA explicação sobre o uso do termo ""que"" no decorrer do texto IV.","No trecho ""[...] que poderão levar as seleções à disputa pelo lugar mais alto no pódio."" (1.22-23), estabelece relação de uma possível consequência, retomando o termo ""foco"" que, segundo o texto, pode ser o responsável por futuras conquistas das seleções.","Em ""que tanto tem contribuído para a união dos paraquedistas militares pelo mundo"" (1.35-36), faz referência ao termo ""esporte"", sendo utilizado como elemento coesivo para fazer uma retomada, evitando a sua repetição no texto.","Em ""[...] que valoriza o raciocínio rápido [...]"" (1.17), exerce papel coesivo no texto ao retomar o trecho ""[...] Formação em Queda Livre [...]"" (1.17), estabelecendo relação de causa com a parte seguinte do parágrafo.","No trecho ""[...], que esteve em Piracicaba [...]"" (1.33), estabelece relação de explicação em relação ao nome da Instituição - Exército Brasileiro -, sendo tal afirmação a justificativa para o uso da vírgula.","Na frase ""[...] que ocorre em julho [...]"" (1.09), faz referência ao termo ""treinamentos"" (1.07), estabelecendo relação de consequência à informação apresentada.","b"
"34f9fc6a-e783-4123-8dd6-b39cb5abfcbd","Português","CMCG - 2024/2025","Colégio Militar de Campo Grande",2024,NA,"  ![](1761850926_Captura de tela 2025-10-30 160158.png){width=300px} 

A respeito da fala da mãe no último quadrinho, pode-se afirmar que:","se trata de uma ironia, pois a mãe percebe, na risada do filho, a tentativa de enganá-la e ela finge que está sendo enganada.","não se trata de uma ironia, pois a mãe elogia o filho por ele realmente ter tomado banho.","se trata de uma ironia, pois a mãe elogia o filho, mas na realidade ele está a enganando.","se trata de uma ironia, pois o filho enganou a mãe e a si mesmo ao tomar banho.","não se trata de ironia, pois a mãe não descobriu que o filho a enganou.","b"
"8fd53cea-2062-43f1-96b6-7670a7c804af","Português","CMCG - 2024/2025","Colégio Militar de Campo Grande",2024,NA," Muitas palavras podem, embora tenham a mesma escrita, mudar o sentido de acordo como contexto em que foram inseridas. A partir de tal afirmativa, assinale a alternativa na qual a palavra ""se"" tenha sido empregada com o mesmo sentido em que foi utilizada no texto V.","Não sabia **se** estava ferido ou não.","Não reparei, sequer, **se** ele me viu.","Jamais **se** permitiu viver aventuras por aí.","Perguntei **se** eu estava sonhando ou acordada.","Os outros poderiam entrar, **se** ele também entrasse.","e"
"d3adf6cf-efd1-4690-8a68-f14418906ed6","Português","CMCG - 2024/2025","Colégio Militar de Campo Grande",2024,NA,"Em relação ao uso dos pronomes pessoais, pode-se afirmar que, na tirinha, foram utilizados, sem considerar as repetições:","três pronomes."," seis pronomes.","dois pronomes.","cinco pronomes."," quatro pronomes","a"
"a30ce97b-8c41-4b78-9ee7-e464656e1479","Português","CMCG - 2024/2025","Colégio Militar de Campo Grande",2024,NA,"**OS POEMAS**

Os poemas são pássaros que chegam
não se sabe de onde e pousam
no livro que lês.

Quando fechas o livro, eles alçam voo
como de um alçapão.
Eles não têm pouso nem porto,
alimentam-se um instante em cada par de mãos
e partem.

E olhas, então, essas tuas mãos vazias,
no maravilhado espanto de saberes
que o alimento deles já estava em ti...

**VOCABULÁRIO**
**Alçapão:** porta, tampa.

A respeito da conjugação dos verbos presentes no texto VI, pode-se afirmar que:","o verbo presente no verso ""no livro que lês"" está conjugado no mesmo tempo, modo, número e pessoa dos verbos presentes no verso ""quando fechas o livro, eles alçam voo","o verbo presente no verso ""e olhas, então, essas tuas mãos vazias"" está conjugado no mesmo tempo, modo, número e pessoa do verbo presente no verso ""que o alimento deles já estava em ti...""","o verbo presente no verso ""eles não têm pouso nem porto"" está conjugado no mesmo tempo, modo, número e pessoa do verbo presente no verso ""alimentam-se um instante em cada par de mãos"".","os verbos presentes no verso ""não se sabe de onde e pousam"" estão conjugados no mesmo tempo, modo, número e pessoa dos verbos presentes no verso ""no maravilhado espanto de saberes""."," o verbo presente no verso  ""no livro que lês"" está conjugado no mesmo tempo, modo, número e pessoa dos verbos presentes no verso ""não se sabe de onde e pousam"".","c"
"b5620d38-eb40-4f19-826e-6344031503f6","Português","CMCG - 2024/2025","Colégio Militar de Campo Grande",2024,NA,"  ![](1761851562_Captura de tela 2025-10-30 161234.png){width=300px} 

De acordo com o contexto do texto VII, o termo ""atividade"" (1.04) se refere a:","""[...] olhando para o próprio reflexo na água"" (1.02-03).","""[...] se assustou com um forte grito"" (1.04).","""[...] sacudiu-se, delicadamente"" (1.02)."," ""[...] tomava seu banho matinal"" (1.01)."," ""[...] pentear, com o bico"" (1.03).","e"
"59ac8686-7434-4d1f-b017-ed117b8e6ead","Português","CMCG - 2024/2025","Colégio Militar de Campo Grande",2024,NA,"Considerando o contexto do texto VII, assinale a alternativa que apresenta uma sequência coerente e adequada à narrativa, além de ter sido escrita de acordo com as regras de ortografia da língua portuguesa.","Assustou-se tanto com o grito que ficou paralisado, sem reação.","Continuou na água, sem reação, pois o grito paralizou seus movimentos.","Sem olhar para trás, bateu as asas e saiu voando, fugindo do grito, seje lá o que fosse.","Acalmou-se e foi em direção às árvores, querendo descobrir o que aconteceu após o grito.","Saiu rapidamente da água e foi contar para todos os animais da floresta o que tinha acabado de acontecer.","d"
"55cc9a39-927a-49ff-9e7e-5f0db2523f1d","Português","CMCG - 2024/2025","Colégio Militar de Campo Grande",2024,NA,"Considerando o contexto da história narrada, a frase ""depois de enxuta"" (1.02) poderia ser substituída, sem alterar o sentido original do texto VII, por:"," ""depois de sair""."," ""depois de seса."""," ""depois de sacudida""."," ""depois de molhada""."," ""depois de satisfeita"".","b"
"03b44f38-598a-4037-b12b-10fb6211ca04","Português","CMCG - 2024/2025","Colégio Militar de Campo Grande",2024,NA," Considerando a sua estrutura narrativa, pode-se afirmar que o texto VII narra uma sequência de","acontecimentos, mas seu enredo está incompleto, pois é constituído somente por dois elementos: situação inicial e conflito.","atos, mas seu enredo está incompleto, pois está faltando somente o conflito, que se daria com a revelação da origem do forte grito.","acontecimentos, mas seu enredo está incompleto, pois está faltando somente o clímax, que se daria com a revelação da origem do forte grito.","eventos, mas seu enredo está incompleto, pois está faltando somente o desfecho da história, que se daria com a revelação da origem do forte grito.","eventos, mas seu enredo está incompleto, pois é constituído somente pela situação inicial: o banho matinal da Pavoa e o susto com o grito que ecoou por entre as árvores.","a"
"a01eac2c-8c97-4bb4-8107-f27d0e601066","Português","CMCG - 2024/2025","Colégio Militar de Campo Grande",2024,NA,"[...]
Brasil, um sonho intenso, um raio vívido
De amor e de esperança, à terra desce 
Se em teu formoso céu, risonho e límpido,
A imagem do Cruzeiro resplandece. 
[...]

Identifique, no texto VIII, o adjetivo que foi utilizado no sentido figurado.","Amor.","Risonho.","Límpido.","Cruzeiro.","Esperança.","b"
"c4f3d949-f482-400e-81e1-cbebac99b472","Português","CMCG - 2024/2025","Colégio Militar de Campo Grande",2024,NA,"  ![](1761852591_Captura de tela 2025-10-30 162943.png){width=300px} 

**LEGENDA**
- worm:** ataque a computadores utilizando-se ""worm"", um tipo de vírus.
- **dos** (DoS - Denialof Service): tipo de ataque no qual o atacante utiliza um computador ou um conjunto de computadores para tirar de operação um serviço, computador ou rede.
- **invasão**: um ataque bem sucedido que resulta no acesso não autorizado a um computador ou rede.
web: um caso particular de ataque visando especificamente ao comprometimento de servidores Web ou desfigurações de páginas na Internet.
- **scan**: tipo de ataque amplamente utilizado para identificar potenciais alvos, pois permite associar possíveis vulnerabilidades aos serviços habilitados em um computador.
- **fraude**: esta categoria engloba as notificações de tentativas de fraudes, ou seja, de incidentes em que ocorre uma tentativa de obter vantagem.
- **outros**: outros tipos de ataques que não se enquadram nas categorias anteriores.

  ![](1761852834_Captura de tela 2025-10-30 163342.png){width=300px} 

**Analise as assertivas abaixo sobre os textos IX e X.**

I. Em janeiro, o número de ataques do tipo ""fraude"" foi maior que os do tipo ""web"" em dezembro,
enquanto que os ataques tipo ""worm"" em dezembro foram maiores que os de tipo ""dos"" em julho.
II. Segunda-feira foi o dia da semana com mais incidentes reportados, se comparado com terça-feira e quarta-feira. E quarta-feira teve um índice menor, se comparado com quinta-feira e sexta-feira.
III. Em setembro, o número total de ataques foi o maior dentre todos os meses, assim como a quantidade de ataques tipo ""fraude"" em setembro foi menor que os do tipo ""scan"" em janeiro.
IV. Quinta-feira teve maior quantidade de incidentes que terça-feira, assim como o número de ataques ""dos"" em dezembro foi maior que os do tipo ""worm"" em agosto.
V. Terça-feira teve mais incidentes reportados que sexta-feira, e os ataques tipo ""worm"" tiveram em junho uma quantidade menor do que os ataques tipo ""web"" em setembro.

**Das assertivas acima, qual(is) está(ão) CORRETA(S)?**","I, III e V."," II, III e IV.","II, apenas."," III, apenas."," V, apenas.","e"
"aa3dfdde-c884-4130-b537-865c91bf02c7","Matemática","V - Números Decimais","Colégio Militar de Fortaleza",2024,NA,"A Inglaterra foi o primeiro país que Nicodemus decidiu visitar. Chegando lá, foi direto para o Big Ben, um grande relógio localizado em Londres, e um dos monumentos mais icônicos do mundo. Embora comumente se refira ao relógio, o nome “Big Ben”, na verdade, designa o grande sino que fica na Elizabeth Tower, anteriormente conhecida como Torre do Relógio, do Palácio de Westminster. Ao chegar em frente ao Big Ben, em Londres, Nicodemus verificou que seu relógio marcava 9h 48min, seis minutos adiantado em relação ao relógio do Big Ben. Nicodemus, então, começou a caminhar pelas ruas de Londres e, ao retornar ao Big Ben, após uma caminhada de 40% de 3 horas, verificou que o Big Ben marcava:

  ![](1761931047_Captura de tela 2025-10-31 141703.png){width=300px} ","10h 54min","11h","11h 06min","11h 12min","11h 18min","a"
"e4cbbd23-b4df-47db-866e-1042375ad4e5","Matemática","I - Sistema de Numeração","Colégio Militar de Fortaleza",2024,NA,"Nicodemus ficou encantado com a beleza do Big Ben, principalmente com suas características neogóticas, em que o uso de algarismos romanos no visor dos relógios era muito comum em substituição aos algarismos indo-arábicos. Turista admirador da história, Nicodemus, que se encontrava próximo ao Big Ben e planejava visitar o Palácio de Westminster, comprou o ingresso agendado para esse famoso ponto turístico e sabendo da importância de ser pontual, decidiu chegar com 20 minutos de antecedência ao local de visitação a fim de garantir que teria tempo suficiente para passar pela segurança e se preparar para a visita guiada. A ele foi entregue um cartão de visitação com as informações do horário de entrada, em minutos contados a partir do horário de abertura do museu, às 9 horas da manhã, escrito no sistema de numeração romano, como mostra a imagem abaixo:

  ![](1761931139_Captura de tela 2025-10-31 141852.png){width=300px} 

Assinale a alternativa que corresponde ao horário de chegada ao Palácio com a devida antecedência que Nicodemus quer chegar.","10h","10h 30 min","12h","13h","13h 40 min","e"
"42df7677-5576-4c6a-ab0f-ca32a38901e5","Matemática","I - Sistema de Numeração","Colégio Militar de Fortaleza",2024,NA,"Viajar pelo continente europeu é uma experiência fascinante, cheia de descobertas culturais, históricas e gastronômicas. No entanto, para garantir que a viagem ocorra sem problemas e seja aproveitada ao máximo, a comunicação eficiente é essencial. Pensando nisso, Nicodemus adquiriu um chip telefônico europeu assim que desembarcou no aeroporto de Londres, na Inglaterra. O chip de telefonia adquirido por Nicodemus possui 10 (dez) algarismos e duas particularidades:

- cada grupo de três algarismos consecutivos somam 18;
- o número formado por esses algarismos possui quatro classes sendo o algarismo da 2ª ordem o 9 e o algarismo da décima ordem o 3.

  ![](1761931242_Captura de tela 2025-10-31 142032.png){width=300px} 

Com base nas informações expostas acima, assinale a alternativa que mostra o produto dos valores absolutos dos algarismos correspondentes à unidade de milhão com o correspondente à centena de milhar","18","27","33","54","60","a"
"8d932efd-93cf-463a-b730-dacf4eaef097","Matemática","V - Números Decimais","Colégio Militar de Fortaleza",2024,NA,"Para viajar de Londres a Paris, Nicodemus utilizou o Eurostar, um trem de alta velocidade que liga grandes cidades da França, Holanda, Bélgica, Alemanha e Grã-Bretanha. Nicodemus comprou sua passagem ainda no Brasil, pagando com moedas de real que tinha em sua carteira. Ao todo, foram 85 moedas. As moedas eram de 25 centavos de real, 50 centavos de real e 1 real, divididas da seguinte forma:

- 20% das moedas eram de 25 centavos de real;
- Dentre as moedas de 50 centavos de real e de 1 real, se sortearmos uma ao acaso, a probabilidade de retirarmos uma moeda de 50 centavos de real é de 25%.

Considerando que no dia que Nicodemus comprou a sua passagem, 1 euro (moeda utilizada na Europa) correspondia a R$ 6,25, podemos afirmar que o valor da passagem do Eurostar, em euro, foi:
","63,75","45,65 ","37,80","12,20","10,20","e"
"4d7cd45a-495a-4462-8040-92e97e337241","Matemática","III - Múltiplos e Divisores","Colégio Militar de Fortaleza",2024,NA,"Nicodemus foi o último passageiro a embarcar no trem da Eurostar, e todos os passageiros, com exceção de Nicodemus, já estavam sentados. Nicodemus passou pelos 5 vagões do trem e contou a quantidade de pessoas sentadas, obtendo:

- vagão vermelho: havia 55 pessoas;
- vagão amarelo: havia 58 pessoas;
- vagão azul: havia 54 pessoas;
- vagão verde: havia 50 pessoas;
- vagão branco: havia 52 pessoas.

No vagão ao qual o assento de Nicodemus pertencia, havia exatamente o dobro de homens para cada mulher, contando com Nicodemus. Portanto, podemos afirmar que o vagão que Nicodemus viajou foi o:","verde.","amarelo.","azul","vermelho.","branco.","a"
"40829586-8154-4e4b-91bd-878a133fe857","Matemática","V - Números Decimais","Colégio Militar de Fortaleza",2024,NA,"Chegando à França, Nicodemus percebeu que estava próximo de ocorrer a corrida de ciclismo Le Tour de France, a mais famosa da França, um evento notável que todos os anos atrai entusiastas de ciclismo de todo o mundo e que Nicodemus sonhava participar. Nessa corrida, os ciclistas enfrentam um percurso de itinerário que passa por algumas das paisagens mais deslumbrantes da França, passando pelos Alpes, pelos Pireneus e pelas planícies da Bretanha. Nicodemus e seus primos franceses, Osório e Sampaio, participaram da corrida e cada um completou o percurso em tempos diferentes. Sabe-se que o vencedor da corrida fez o percurso em 2h e 24 min; o tempo de Sampaio foi 48 minutos a mais do que o tempo do vencedor; o tempo de Osório foi 2,5 vezes o tempo de Sampaio; e o tempo de percurso de Nicodemus foi 1h e 20 min a mais do que o tempo de Sampaio. Então, podemos afirmar que:
","o tempo que Nicodemus realizou a prova foi superior ao dobro do tempo do vencedor.","a diferença de tempo entre o primo mais lento e o vencedor é de menos de 5 horas.","o tempo que Nicodemus realizou a prova foi igual a média do tempo dos seus dois primos e do vencedor.","a diferença de tempo entre o primo mais rápido e o vencedor é de menos de meia hora.","Nicodemus foi mais lento que seu primo Osório.","c"
"c0d98eb0-959b-4e40-b3a2-9ce9710f3bf1","Matemática","V - Números Decimais","Colégio Militar de Fortaleza",2024,NA,"A Disneyland Paris, localizada na França, é um exemplo fascinante de como a Disney adapta sua magia para diferentes culturas e contextos arquitetônicos. Inaugurado em 1992, esse parque temático foi meticulosamente projetado para capturar a essência da fantasia americana, ao mesmo tempo em que se integra harmoniosamente à rica história arquitetônica europeia. Assim, Nicodemus visitou, ao lado de seus familiares, esse lindo parque em sua viagem. Para a compra dos ingressos, Nicodemus procurou uma agência de viagens que ofereceu os seguintes valores constantes na tabela abaixo:

  ![](1761932050_Captura de tela 2025-10-31 143401.png){width=300px} 

Ao todo, contando com Nicodemus, iriam ao parque 39 pessoas, um total de 16 adultos e 23 menores de idade, sendo 10 com idade superior a 12 anos. Com base nos dados apresentados na tabela acima, e sabendo que adulto só pode adquirir ingresso de adulto e menores de 12 anos só podem adquirir ingresso de criança, considerando o menor valor possível gasto pelo grupo, o total dos ingressos é de:
","𝑅$ 15.680,00","𝑅$ 16.620,00
","𝑅$ 17.910,00","𝑅$ 20.935,00","𝑅$ 22.259,00","e"
"1975b604-5a42-4536-b101-3efc34508ea7","Matemática","IV - Frações","Colégio Militar de Fortaleza",2024,NA,"Claro que, ao passar por Paris, Nicodemus não deixaria de visitar a linda Avenida Champs-Élysées, uma das ruas mais badaladas e movimentadas do mundo. A Avenida Champs-Élysées é adornada por uma série de cafeterias, e para encontrar uma grande amiga da época do CMF, Quitéria, Nicodemus escolheu uma dessas cafeterias. Brincalhão, Nicodemus mandou a seguinte mensagem para Quitéria: “Querida Quitéria, para descobrir em qual das cafeterias iremos nos encontrar, resolva a expressão numérica abaixo. O número da cafeteria é o numerador da fração irredutível do resultado.”

  ![](1761932162_Captura de tela 2025-10-31 143555.png){width=300px} 

Então, a cafeteria fica localizada no número:","263 da Avenida Champs-Élysées.
","254 da Avenida Champs-Élysées.
","218 da Avenida Champs-Élysées.","198 da Avenida Champs-Élysées.","89 da Avenida Champs-Élysées.","c"
"e0ee602e-6e1c-4618-9cc9-f05a716d2406","Matemática","VII - Tratamento da Informação","Colégio Militar de Fortaleza",2024,NA,"Para escolher o melhor mês do ano para visitar Roma, na Itália, Nicodemus consultou um site chamado “Dicas da Itália” e lá obteve todas as informações que precisava para escolher a melhor época para aproveitar Roma.

Os gráficos abaixo informam os níveis de precipitação de chuva (quantidade de chuva em milímetro) e o tempo médio (em horas) de luz solar diária em cada mês do ano

  ![](1761932471_Captura de tela 2025-10-31 144102.png){width=300px} 

Nicodemus pensou corretamente:","“se eu viajar em maio, terei menos de 8 horas diárias de luz solar e chove mais do que no mês de agosto”.","“em março chove mais do que em agosto, porém, em março, tenho 4,2 horas de luz solar por dia a mais do que em agosto”.","“novembro chove mais que outubro, porém tem 2 horas a mais de luz solar por dia do que outubro”.","“prefiro viajar em agosto porque, embora tenha 2,8 mm de chuva a mais que junho, tem 6 minutos a mais de luz solar diária”.","“em relação à luz solar diária, janeiro é o pior mês do ano para ir à Roma, pois é o mês do ano com menor tempo de luz solar diária”.","d"
"bcd31807-5c0b-4b46-b4a2-d360b324f2f2","Matemática","IV - Frações","Colégio Militar de Fortaleza",2024,NA,"Para atravessar a Itália, saindo de Roma até Pisa, Nicodemus fez $\frac23$ do trajeto de carro no primeiro dia. No segundo dia de viagem, fez $\frac34$ do restante do trajeto de ônibus, dormindo em uma antiga hospedaria. Iniciou o terceiro dia de viagem bem cedo, cumprindo o trajeto de $\frac{1}{33}$ da soma das partes realizadas no primeiro e segundo dias. Esse trajeto Nicodemus preferiu fazer de trem. Para o 4º dia, faltavam apenas 20.000 metros para chegar a Pisa, então, Nicodemus alugou uma bicicleta e foi admirando a linda paisagem do Norte da Itália. Logo, podemos afirmar que a distância de Roma a Pisa é igual a:","240 km","280 km","320 km","360 km","380 km","d"
"1abad6e7-a81a-4a2c-b9a9-38dafbcac1a5","Matemática","VII - Tratamento da Informação","Colégio Militar de Fortaleza",2024,NA,"“Em uma polêmica decisão, os gondoleiros de Veneza anunciaram nesta terça-feira, 21, que a capacidade de passageiros em seus barcos teria que ser reduzida por culpa de turistas “acima do peso”. 

Agora, apenas cinco pessoas poderão transitar pelos canais da cidade italiana em cada gôndola (barco). Antes, o limite para barcos do estilo gôndola, que navegam pelos canais mais estreitos, era uma média de 104 quilos por pessoa. Com a mudança, o limite máximo nas gôndolas é de 625 kg, ou seja, média de 125 quilos por passageiro, à medida que a associação de gondoleiros de Veneza assumiu que, na última década, turistas ficaram mais pesados.”

Nicodemus decidiu fazer um passeio de gôndola em sua visita a Veneza e, antes de seguir em direção ao local das gôndolas, ele se pesou, constatando que estava com 99 𝑘𝑔. Ao chegar no local de partida das gôndolas, havia duas embarcações disponíveis no momento e, em cada uma, o peso dos passageiros era:

- Gôndola 1: 123 kg, 139 kg, 135 kg, 149 kg.
- Gôndola 2: 117 kg, 132 kg, 150 kg, 102 kg.

Considerando os 4 turistas que já estavam nas gôndolas e Nicodemus (5 turistas) podemos afirmar que:","Nicodemus poderá ir em qualquer uma das duas gôndolas, pois, em ambas, a média de peso dos 5
turistas é inferior a 125 kg.","Nicodemus não poderá ir em nenhuma das gôndolas, pois, em ambas, a média de peso dos 5 turistas é superior a 125 kg.","Nicodemus poderá ir na gôndola 1, pois a média de peso dos 5 turistas é igual a 129 kg","Nicodemus poderá ir na gôndola 2, pois a média de peso dos 5 turistas é inferior a 125 kg.","Nicodemus poderá ir na gôndola 1, pois a média de peso dos 5 turistas é inferior a 125 kg","d"
"aa2a4b21-8c4e-414d-a8b7-dc01fb29a4da","Matemática","V - Números Decimais","Colégio Militar de Fortaleza",2024,NA,"Nicodemus e sua amiga Quitéria chegaram a Portugal, na linda cidade de Lisboa. E antes de sair para conhecer os pontos turísticos da cidade, foram a uma legítima padaria portuguesa. Para agradar os clientes brasileiros, a padaria oferece seu cardápio com os valores dos produtos da em real. Veja o cardápio abaixo:

  ![](1761932879_Captura de tela 2025-10-31 144747.png){width=300px} 

Nicodemus e Quitéria pediram dois doces iguais, um para cada. O salgado escolhido por Quitéria custou 36% a mais do que o salgado escolhido por Nicodemus; a bebida escolhida por Quitéria é a mais cara do cardápio, enquanto Nicodemus escolheu a bebida com valor 10% mais barato que o doce escolhido por eles. No final, o pedido total dos amigos foi igual a 𝑅$ 70,88. Então, podemos afirmar que o doce que Nicodemus comeu e a bebida que ele bebeu foram, respectivamente:
","Pastel de Belém e café americano.","Bolo caseiro e café americano.","Tartelete e café com leite.","Bolo caseiro e café com leite.","Tartelete e capuccino.","d"
"df1ca092-24ed-45ec-b1ad-50ca8643fc6d","Matemática","III - Múltiplos e Divisores","Colégio Militar de Fortaleza",2024,NA,"Ainda em Lisboa, Nicodemus tentou a sorte comprando uma cartela de Bingo Português, da Santa Casa da Misericórdia de Lisboa. Cada cartela contém 12 números impressos que podem ser divisíveis, simultaneamente ou não, por 4, por 5, por 6, por 9, ou por nenhum deles.

Cada número na cartela corresponde a uma pontuação, desde que sejam números divisíveis por 4, 5, 6 e 9.

Observe o exemplo:

- **O número 756** (consta na cartela) **é divisível por 4, por 6 e por 9**. Como, **por ser divisível por 4, obtemos 2 pontos** (veja a tabela); **por ser divisível por 6, obtemos 4 pontos**; e por ser divisível **por 9, obtemos 5 pontos**, observa-se que o número 756 corresponde a 11 pontos ($2 + 4 + 5 = 11$ pontos) no Bingo Português.

Finaliza-se a pontuação total da cartela com a soma dos pontos obtidos para cada número. 

  ![](1761933108_Captura de tela 2025-10-31 145139.png){width=300px} 

Nicodemus calculou a pontuação total da sua cartela e constatou que:"," a soma dos pontos dos números múltiplos de 4 com os pontos dos múltiplos de 5 corresponde ao dobro dos pontos obtidos pelos múltiplos de 9.","a pontuação obtida pelos números múltiplos de 6 é maior do que a pontuação obtida pelos múltiplos
de 9.","a pontuação total da cartela de Nicodemus foi de 70 pontos.","a diferença entre a pontuação obtida pelos números múltiplos de 4 e a pontuação obtida pelos múltiplos 5 foi de 5 pontos."," a pontuação total da cartela de Nicodemus corresponde a um número com 12 divisores.","e"
"e6d4713a-0961-4a67-a740-3adf1b110033","Matemática","IV - Frações","Colégio Militar de Fortaleza",2024,NA,"Continuando sua estada em Lisboa, Nicodemus visitou a Biblioteca Nacional de Portugal, a principal biblioteca do país. Ela é uma das mais importantes instituições culturais de Portugal, fundada em 1796, e possui um vasto acervo de livros, manuscritos e documentos históricos. Neste cenário de conhecimento histórico, a Biblioteca Nacional de Lisboa oferece um ambiente único. Suas estantes repletas não guardam apenas livros antigos, mas também preservam a rica história cultural de Portugal, desde os tempos dos descobrimentos.

Em sua visita, atraído por desafios matemáticos, Nicodemus mergulhou nas páginas empoeiradas de alguns livros históricos. Entre relatos da época do reinado da rainha Carlota Joaquina, uma curiosidade intrigante capturou sua atenção. Em tempos antigos, 49 moedas de ouro vindas do Brasil foram destinadas aos auxiliares mais próximos da rainha. O método de divisão era engenhoso: o auxiliar mais velho receberia uma moeda e um oitavo do que restasse, enquanto o próximo auxiliar receberia duas moedas e um oitavo do que restasse, a seguir o terceiro auxiliar receberia três moedas e um oitavo do que restasse, e assim por diante. Assim, podemos concluir que:","o auxiliar mais velho recebe a maior quantidade de moedas.","o auxiliar mais jovem recebe a menor quantidade de moedas.","a divisão das moedas foi equitativa para todos os auxiliares.","a divisão das moedas foi repartida entre 8 (oito) auxiliares.","o último auxiliar recebeu apenas duas moedas.","c"
"4182461e-e09d-4c6e-8576-4ec923421590","Matemática","VI - Medidas Geométricas","Colégio Militar de Fortaleza",2024,NA,"Seguindo para uma cidadezinha localizada a meia hora de Lisboa, a cidade de Queluz, Nicodemus visitou o Palácio Queluz, e ficou fascinado pela arte dos pisos do chão do palácio, uma marca da cultura portuguesa.

Logo na entrada, ele observou um piso que dava acesso a um grande salão, cujo formato era:

- retangular;
- decorado com azulejos, em sua maioria quadrados (todos do mesmo tamanho de lado);
- nas cores preto e branco; e
- ladeado por dois canteiros triangulares iguais.

O piso dava acesso a um grande salão. Os azulejos do piso estavam dispostos em padrões bem elaborados, alguns inteiros e outros em pedaços maiores e menores. Esses azulejos, que têm área de 0,5 𝑚2 cada um, não apenas decoram, mas contam a história e as tradições através de seus padrões meticulosamente elaborados, mostrando a rica herança artística que os azulejos representam em Portugal. Veja o esboço do piso do palácio abaixo:

  ![](1761933925_Captura de tela 2025-10-31 150517.png){width=300px} 

Curioso com o que via, Nicodemus analisou cuidadosamente o desenho do piso da entrada do palácio, concluindo que:","o canteiro 1 possui área igual a 4 𝑚2","a área do canteiro 2 corresponde a $\frac14$ da região com azulejos preto e branco.","a área total da entrada do palácio é 30% maior que a soma das áreas do canteiro 1 e do canteiro 2.","a área total dos azulejos pretos da entrada principal do palácio é maior que a área total dos azulejos brancos.","a área total da entrada do palácio é igual a 64 𝑚2","b"
"a1e2f51b-3451-479e-90f0-c4aa1e101fbf","Matemática","VI - Medidas Geométricas","Colégio Militar de Fortaleza",2024,NA,"Ao entrar no Palácio de Queluz, Nicodemus observou no canto do salão principal uma pilha de caixas idênticas em formato cúbico com 400 𝑚𝑚 de aresta, conforme mostra a figura abaixo. 

  ![](1761934038_Captura de tela 2025-10-31 150711.png){width=300px} 

Ele pensou: “quantas caixas faltam para formar uma pilha em formato de um paralelepípedo reto retangular com medidas de 2,4 𝑚 de comprimento, 1,2 𝑚 de largura e 1,2 𝑚 de altura?”
","35 cubinhos","48 cubinhos","54 cubinhos","68 cubinhos","72 cubinhos","a"
"330ccaf9-b1bc-45d9-9830-b8308cfda11c","Matemática","VII - Tratamento da Informação","Colégio Militar de Fortaleza",2024,NA,"Continuando sua viagem, Nicodemus seguiu para a Suíça, desembarcando em Zurique. Nicodemus hospedou-se em um Hotel confortável e charmoso com uma linda vista para o Rio Limmatt que corta toda cidade e possui uma maravilhosa ciclovia em sua borda.

Nicodemus alugou uma bicicleta e seguiu para conhecer a cidade pedalando e circundando todo o Rio Limmatt. Durante sua pedalada, Nicodemus lembrou que, no café matinal, havia tomado um copo de 200 𝑚𝑙 de suco de laranja, comido um pão de 50 𝑔 e um pacote de amendoim de 10 𝑔.

De acordo com o gráfico e a tabela abaixo, o tempo mínimo que um indivíduo precisa pedalar para gastar a energia ingerida em determinados alimentos estão assim registrados. 

  ![](1761934194_Captura de tela 2025-10-31 150944.png){width=300px} 

Analisando o gráfico e a tabela, podemos afirmar que Nicodemus terá que pedalar alguns minutos para gastar a energia dos alimentos ingeridos durante o café matinal e podemos afirmar que:","o tempo de pedalada seria o mesmo se ele tivesse consumido apenas 75 g de chocolate durante o café.","ele precisa pedalar pelo menos 33 minutos para gastar o que consumiu no café da manhã.","se ele consumisse mais um pão de 50 g no café da manhã, ele precisaria pedalar o dobro do que precisa pedalar para o que consumiu.","consumindo 150 g de batata e 250 g de cenoura ele precisaria pedalar o mesmo que ele precisa pedalar para gastar o que consumiu no café.","se tivesse consumido meio litro de refrigerante e comido 50 g de amendoim no café ele teria que pedalar pelo menos uma hora.","b"
"8204dfea-dec1-41a6-8258-d24546efa9c5","Matemática","V - Números Decimais","Colégio Militar de Fortaleza",2024,NA,"O chocolate suíço é sinônimo de excelência e tradição, e poucas regiões no mundo são tão emblemáticas para essa iguaria quanto a Suíça. O delicioso chocolate Lindt tem sua origem em Zurique, onde está localizada a sua fábrica, essa que por sua vez, recebe visita de turistas amantes de chocolate mediante pagamento de uma entrada. E é claro que Nicodemus foi visitar a fábrica da Lindt! Chegando à fábrica Nicodemus notou um fato curioso: havia dois tipos de caixa de chocolate, uma com 450 𝑔, que custava 𝑅$ 36,00 (esse valor foi convertido da moeda da Suíça para a nossa moeda), e outra caixa com 400 𝑔 vendida pelo mesmo valor da caixa de 450 𝑔. Qual foi o aumento percentual aplicado na segunda caixa em relação à primeira?","10,5%","12,5%","14%","15,15%","15,25%","b"
"3e77c02d-5d2c-4bbc-ad88-969a5c988411","Português","CMF - 2024/2025","Colégio Militar de Fortaleza",2024,NA,"A obra “A Volta ao Mundo em 80 dias”, de Júlio Verne, conta a história de Mr. Fogg, um personagem que faz a audaciosa aposta de dar a volta ao mundo em 80 dias acompanhado de seu fiel criado, Passepartout. Leia a seguir um diálogo entre os personagens Passepartout e Fix sobre essa ousada decisão.

**TEXTO 1**
**A Volta ao Mundo em 80 dias**

— Então deixaram Londres precipitadamente?
— Creio que sim! Quarta-feira passada, às oito da noite, contra todos os seus hábitos, Mr. Fogg voltou do seu clube, e três quartos de hora depois tínhamos partido.
— Mas para onde vai o seu patrão?
— Sempre em frente! Ele faz a volta ao mundo!
— A volta ao mundo?! – exclamou Fix.
— Sim, em oitenta dias! Uma aposta, diz ele, mas cá entre nós, não acredito.
Seria não ter senso comum. Há alguma coisa a mais.
— Ah! é um excêntrico, este Mr. Fogg?
— Creio que sim.
— É rico, então?
— Evidentemente, e carrega uma bela soma com ele, em bank-notes novinhas em folha! E não poupa dinheiro pelo caminho! Veja! Prometeu uma gratificação magnífica ao maquinista do Mongólia, se chegarmos a Bombaim com um bom avanço!
— E conhece há muito seu patrão?
— Eu! respondeu Passepartout, eu entrei para o seu serviço no mesmo dia de nossa partida. [...]

Considerando a decisão do personagem Mr. Fogg de dar a volta ao mundo em 80 dias, a passagem do TEXTO 1 que expressa uma opinião sobre esse fato é:","“Mr. Fogg voltou do seu clube.”","“Ele faz a volta ao mundo!”","“Seria não ter senso comum.”","“E não poupa dinheiro pelo caminho!”","“Eu entrei para o seu serviço no mesmo dia de nossa partida.”","c"
"c26013e2-2d7e-4e2f-be6f-132af0acc1f9","Português","CMF - 2024/2025","Colégio Militar de Fortaleza",2024,NA,"Releia o seguinte fragmento do TEXTO 1: “**Prometeu** uma gratificação magnífica ao maquinista do Mongólia, se **chegarmos** a Bombaim com um bom avanço!”. Os verbos destacados estão, respectivamente, nos seguintes tempos e modos:","pretérito perfeito do indicativo e futuro do subjuntivo","pretérito imperfeito do indicativo e futuro do subjuntivo.","pretérito perfeito do indicativo e futuro do presente do indicativo.","pretérito perfeito do indicativo e futuro do pretérito do indicativo.","futuro do pretérito do indicativo e futuro do presente do indicativo","a"
"056f5931-92cd-4027-ab23-8d8a3084dead","Português","CMF - 2024/2025","Colégio Militar de Fortaleza",2024,NA,"Em “Quarta-feira passada, às oito da noite, contra todos os seus hábitos, Mr. Fogg voltou do seu clube, e três quartos de hora depois tínhamos partido”, o emprego das vírgulas indica:","as ações realizadas pelos personagens da história.","uma sequência de caracterizações referentes aos personagens.","uma sucessão de informações importantes para o contexto do diálogo.","a pausa que gera suspense em relação às ações realizadas pelos três personagens.","a enumeração de questionamentos que o personagem faz depois que voltou do seu clube.","c"
"4604fd5d-acbb-46d4-bb70-6286191beb67","Português","CMF - 2024/2025","Colégio Militar de Fortaleza",2024,NA,"**O Mar como porta para o mundo**

Três irmãs, duas idades diferentes, três visões de mundo, todas no mesmo barco, de férias na Antártica. Neste livro, conhecemos o delicado equilíbrio do planeta e, de quebra, o divertido jeito de encarar o mundo das jovens Laura, Tamara e Marininha, filhas do navegador Amyr Klink e da fotógrafa Marina Bandeira Klink.

Nascidas em um mundo náutico e educadas para ver o mar não como uma limitação, mas como uma porta para o mundo, Laura, Tamara e Marininha pisaram no continente gelado muito cedo: a primeira viagem aconteceu em 2006, quando Laura e Tamara, que são gêmeas, contavam nove anos, e a caçula Marininha tinha apenas seis.

Como uma das viagens tomou um mês do período letivo, a escola onde elas estudam encontrou a seguinte solução: as três alunas deveriam anotar e fotografar tudo o que lhes chamasse a atenção, para depois dividir com os colegas em sala de aula. O sucesso da apresentação desses “diários de bordo” levou as irmãs Klink a apresentá-los muitas outras vezes, tornando-as experientes palestrantes de temas polares em diversas escolas da capital paulista.

As irmãs Klink abordam o ecossistema antártico e a necessidade da preservação das águas e das espécies, como também os problemas da poluição e do aquecimento global, com o olhar vigoroso das descobertas da infância. Outros temas também estão presentes nesta construção coletiva, entre eles as relações familiares, que ganham novos contornos em uma experiência tão singular como a vivida pela família Klink. [...]

**Prefácio, por Amyr Klink**

“Em fevereiro de 2006, concluímos a nossa primeira viagem antártica com as crianças a bordo. Experiência que surpreende: a de comandar filhos próprios e de terceiros num ambiente borbulhante, pouco previsível, onde se pode conhecer e aprender ininterruptamente. Imaginei que seria uma bela experiência para tão inquietas e curiosas criaturas. Foi. Não imaginei o quanto seria importante, para nós adultos, o ofício de, ao ensinar, aprender.

Vinte anos de viagens regulares ao continente antártico me ensinaram menos do que essas intensas, breves, semanas de andanças e convivência. Retornamos nas temporadas seguintes, em todas, pra descobrir que era muito pouco o que sabíamos, que havia tanto e tantos para ver. Tantas perguntas, luvas esquecidas, botas molhadas, espécies de nomes difíceis; tantos encontros, artistas, autores brilhantes, pesquisadores em dúvida, viajantes ousados. Tantos outros modos de ver o que eu supunha conhecer. Um desses modos é este pequeno livro que fiz questão de não abrir até que suas autoras o mostrassem já pronto. Para um pai viajante, calejado de surpresas, devorador de grandes e pequenos livros, foi uma grande surpresa. A maior que já tive.”

Considere o seguinte fragmento:

“Outros temas também estão presentes nesta construção coletiva, entre eles as relações familiares, que ganham novos contornos em uma experiência tão singular como a vivida pela família Klink”.

O fragmento acima tem a finalidade de:","ensinar sobre os diferentes trajetos do mundo náutico","argumentar sobre a importância da segurança nas viagens em família.
","apresentar um dos temas trabalhados na obra escrita pelas irmãs.","convidar o leitor a participar da próxima viagem da família Klink","descrever as características físicas das irmãs Laura, Tamara e Marininha","c"
"3e04b7d7-d360-479b-bdd0-79ccb92eb5bc","Português","CMF - 2024/2025","Colégio Militar de Fortaleza",2024,NA,"Considerando o sentido da palavra em destaque, é possível reescrever o fragmento “... uma experiência tão **singular** como a vivida pela família Klink”, sem alterar seu sentido, da seguinte forma:","“...uma experiência tão única como a vivida pela família Klink”.","“...uma experiência tão fácil como a vivida pela família Klink”.","“...uma experiência tão difícil como a vivida pela família Klink”.","“...uma experiência tão simples como a vivida pela família Klink”.","“...uma experiência tão limitada como a vivida pela família Klink”.","a"
"9a680df6-aecf-46ab-87ac-6f490f445053","Português","CMF - 2024/2025","Colégio Militar de Fortaleza",2024,NA,"“Tantos outros modos de ver o que eu supunha conhecer. Um desses modos é este pequeno livro que fiz questão de não abrir até que suas autoras o mostrassem já pronto. Para um pai viajante, calejado de surpresas, devorador de grandes e pequenos livros, foi uma grande surpresa. A maior que já tive.”

Considerando o trecho acima, sobre o pai, é possível afirmar que:","o pai pratica a leitura de, apenas, pequenos livros."," o pai apenas leu o livro quando foi finalizado pelas autoras.","para um pai viajante, a leitura de livros de aventuras é entediante.","por ser um devorador de grandes livros de aventura, o pai não ficou surpreso com a leitura do livro das filhas","depois de vivenciar tantos modos de ver o mundo e aventuras diversas, o pai encontra-se cansado de surpresas e, por isso, a obra não o surpreendeu","b"
"525ad18e-c7bf-48f8-851a-3b6ab4c2bfa7","Português","CMF - 2024/2025","Colégio Militar de Fortaleza",2024,NA,"É possível afirmar corretamente que nas expressões “luvas **esquecidas**”; “botas **molhadas**” e “espécies de nomes **difíceis**” as palavras destacadas têm a função de: ","caracterizar os substantivos “luvas”, “botas” e “nomes”, respectivamente.","estabelecer uma relação de oposição entre os substantivos “luvas” e “botas”.","caracterizar as ações dos personagens, tais como “retornar” e “descobrir”.","substituir os substantivos “luvas”, “botas” e “espécies”, respectivamente.","nomear os objetos encontrados pelos personagens ao longo da viagem.","a"
"ca646f68-d07c-43c9-afd3-8087ff45e56e","Português","CMF - 2024/2025","Colégio Militar de Fortaleza",2024,NA,"A obra “Robson Crusoé”, de Daniel Defoe, conta a história de um jovem inglês apaixonado por navegação que naufraga em uma ilha e enfrenta diversas aventuras. Leia a seguir um fragmento que apresenta algumas impressões do personagem sobre uma de suas aventuras marítimas.

**TEXTO 3**

Essa foi a única viagem que posso dar por bem-sucedida de todas as minhas aventuras, o que devo à integridade e à honestidade do meu amigo Capitão, com quem obtive ainda algum conhecimento competente da matemática e das regras da navegação, aprendi a manter um traçado da rota do navio, fazer observações e, em suma, compreender algumas coisas que qualquer marinheiro deve saber, pois, como ele se comprazia em me ensinar, eu sentia um verdadeiro deleite em aprender; e, numa palavra, essa viagem fez de mim tanto marinheiro quanto mercador, pois, em troca das minhas mercadorias, trouxe de volta para casa cinco libras e nove onças de peso em pó de ouro, que vendi ao voltar a Londres por quase trezentas libras esterlinas, o que me deixou tomado por ideias e aspirações que, a partir de então, arremataram minha ruína.

Após a leitura do TEXTO 3, é possível concluir que:","apesar da viagem bem-sucedida, o narrador não aprendeu sobre a função de marinheiro. ","o narrador do texto, que era o Capitão do navio, não teve uma viagem bem-sucedida e frustrou-se.","o Capitão, muito experiente em traçar as rotas do navio, não se comprazia em ensinar os seus
subordinados.","são aprendizados expostos pelo narrador no texto: matemática, regras de navegação, traçado da rota
do navio e mergulho.","o narrador atribuiu o sucesso da viagem ao Capitão do navio, com quem mantinha uma relação de
amizade.","e"
"0cb145d3-6335-40b0-8f29-6aaa22149961","Português","CMF - 2024/2025","Colégio Militar de Fortaleza",2024,NA,"Em “essa viagem fez de **mim**”, o termo em destaque é um pronome classificado corretamente como:","possessivo, da 1ª pessoa (plural).","possessivo, da 1ª pessoa (singular).","pessoal, da 1ª pessoa (singular) do caso reto.","pessoal, da 1ª pessoa (singular) do caso oblíquo.","pessoal, da 1ª pessoa (plural) do caso oblíquo.","d"
"24f8da13-5aba-4e6b-9cfc-94aacdb30b8f","Português","CMF - 2024/2025","Colégio Militar de Fortaleza",2024,NA,"Assinale a alternativa que apresenta, explicitamente, o tipo de narrador do TEXTO 3:","“...a partir de então...”","“...essa viagem fez de mim...”"," “...algum conhecimento competente...”"," “... à integridade e à honestidade...”","“...qualquer marinheiro deve saber...”","b"
"c8df21bf-e0c6-46ef-abd5-3e8aaeea68d0","Português","CMF - 2024/2025","Colégio Militar de Fortaleza",2024,NA,"O fragmento “o que me deixou tomado por ideias e aspirações que, **a partir de então**, arremataram minha ruína”, pode ser substituído, sem alteração de sentido entre as orações, por: ","o que me deixou tomado por ideias e aspirações que, de vez em quando, arremataram minha ruína.","o que me deixou tomado por ideias e aspirações que, desde então, arremataram minha ruína.","o que me deixou tomado por ideias e aspirações que, além disso, arremataram minha ruína.","o que me deixou tomado por ideias e aspirações que, no entanto, arremataram minha ruína.","o que me deixou tomado por ideias e aspirações que, entretanto, arremataram minha ruína.","b"
"b5536f68-1556-4452-b05c-4b9a212086d2","Português","CMF - 2024/2025","Colégio Militar de Fortaleza",2024,NA,"  ![](1761935425_Captura de tela 2025-10-31 153016.png){width=300px} 

O efeito de humor na tirinha acima (TEXTO 4) se dá por meio:","do fato de as malas não estarem prontas para a viagem que o personagem fará logo em seguida","do desânimo do personagem em arrumar suas malas de última hora para realizar uma longa viagem de avião.","da empolgação do personagem em retornar de uma longa viagem de ônibus e, logo em seguida, partir para outra.","da disposição demonstrada pela expressão do personagem de, mesmo cansado da recente viagem, marcar outra em seguida.","da quebra de expectativa das ações, uma vez que o personagem, mesmo cansado da recente viagem, logo em seguida, marca outra com duração de 16 horas. ","e"
"ff980c92-6005-49d9-be97-6b76c48637d3","Português","CMF - 2024/2025","Colégio Militar de Fortaleza",2024,NA,"É uma palavra empregada na tirinha (TEXTO 4) que, por meio do processo de derivação, dá ênfase ao estado ânimo do personagem:","volto."," recuperar.","parabéns.","viajando.","cansadaço.","e"
"be7bbaf5-3225-4d84-8f40-fa9664a78d0e","Português","CMF - 2024/2025","Colégio Militar de Fortaleza",2024,NA," No TEXTO 4, em “Marco uma viagem de **ônibus**”, a palavra em destaque está devidamente acentuada, pois:","a última sílaba é a tônica, portanto é uma palavra oxítona."," a primeira sílaba é a tônica e isso a classifica como paroxítona"," a última é a tônica, desse modo é uma palavra proparoxítona.","a penúltima sílaba é a tônica, o que a classifica como proparoxítona.","a antepenúltima sílaba é a tônica, o que a classifica como proparoxítona. ","e"
"cd91f0af-3f51-46b0-9caa-8f9118a09193","Português","CMF - 2024/2025","Colégio Militar de Fortaleza",2024,NA,"**A Vida de Viajante**
**Luiz Gonzaga**

Minha vida é andar por este país
Pra ver se um dia descanso feliz
Guardando as recordações
Das terras onde passei
Andando pelos sertões
E dos amigos que lá deixei

Chuva e sol
Poeira e carvão
Longe de casa
Sigo o roteiro
Mais uma estação
E a alegria no coração

[...]

Mar e terra
Inverno e verão
Mostro o sorriso
Mostro a alegria
Mas eu mesmo não
E a saudade no coração

A canção ‘A Vida do Viajante’ descreve a jornada incessante de um viajante que percorre o país, deixando amigos e memórias por onde passa. Nos versos “Sigo o roteiro / Mais uma estação”, comprova-se que essas viagens representam para o autor:","rotina.","alegria.","surpresa.","tristeza.","indiferença.","a"
"4df06115-047d-45a9-ad80-2e75bdfb29d1","Português","CMF - 2024/2025","Colégio Militar de Fortaleza",2024,NA,"Apesar da vida nômade do viajante, observa-se um anseio por paz e por estabilidade no seguinte verso: ","Sigo o roteiro","Andando pelos sertões.","E dos amigos que lá deixei.","Pra ver se um dia descanso feliz","Minha vida é andar por este país.","d"
"bb2b47d4-a988-4ee7-9f21-3ac97f0205f0","Português","CMF - 2024/2025","Colégio Militar de Fortaleza",2024,NA,"Observe os seguintes versos da canção A Vida de Viajante:

“Mar e terra
Inverno e verão”

Considerando o contexto da canção, nesses versos, os compositores recorrem a relações de antonímia para alcançar o efeito:","da saudade que sente das terras e dos seus amigos.","de referências físicas transformadas em climáticas.","da comparação do Nordeste com o Sudeste brasileiro.","da passagem do tempo e do movimento realizado pelo viajante.","de expressar sentimentos que não condizem com a realidade dos migrantes","d"
"cfb72584-b76b-42e5-8e78-24f5b893540c","Português","CMF - 2024/2025","Colégio Militar de Fortaleza",2024,NA,"  ![](1761935958_Captura de tela 2025-10-31 153906.png){width=300px} 

 a companhia aérea Azul constrói o seu anúncio a partir de uma alteração introduzida na ortografia da Língua Portuguesa pelo Novo Acordo Ortográfico. Marque a alternativa em que a palavra segue a mesma regra de acentuação da palavra “voo”: "," abençoou. ","álcool.","enjoo. ","órfão. ","elétron. ","c"
"e77c37e8-1f0c-4707-ae0a-9c5078542bae","Português","CMF - 2024/2025","Colégio Militar de Fortaleza",2024,NA,"  ![](1761936021_Captura de tela 2025-10-31 154013.png){width=300px} 

A pontuação é um recurso utilizado para marcar na escrita pausas, entonações e até gestos que teríamos na situação de fala. O uso das reticências, na tirinha, permite o seguinte efeito de sentido:","indicar dúvidas."," expressar terror.","indicar surpresa","prolongar a ideia ao fim de uma frase","interromper uma pergunta.","d"
"78e85fdb-5fd9-44a6-bb50-e6d00477df37","Português","CMF - 2024/2025","Colégio Militar de Fortaleza",2024,NA,"Na tirinha, a palavra que funciona como um modificador de um adjetivo é:","viagem.","meio.","ansioso.","três.","sonho.","b"
"0b7efdc8-f1f8-4a3d-af5d-fbffa1c15f15","Matemática","I - Sistema de Numeração","Colégio Militar de Curitiba",2024,NA,"Marina e Cauê querem fazer uma festa de aniversário surpresa para o amigo João. Eles realizaram uma pesquisa e concluíram que os melhores preços de salgadinhos e docinhos são:

- 1(uma) centena de salgadinhos vale R$ 70,00.
- 1(uma) dezena de docinhos vale R$ 10,00.

Sabendo que compraram **2 centenas** de salgadinhos e **10 dezenas** de docinhos, então o valor total gasto pela compra de salgadinhos e docinhos foi igual a:
","R$ 240,00","R$ 230,00","R$ 210,00","R$ 200,00","R$ 170,00","a"
"bcc66f1a-02a9-4f19-b4ac-1d1750d654fa","Matemática","I - Sistema de Numeração","Colégio Militar de Curitiba",2024,NA,"Você sabia que existem números super legais chamados PALÍNDROMOS? Eles são especiais porque quando você os lê da esquerda para a direita ou da direita para a esquerda eles continuam iguais. Por exemplo, os números 11 e 121 são PALÍNDROMOS, mas 12 e 123 não são, porque mudam quando lidos da direita para a esquerda.

O número que representa a soma do maior número PALÍNDROMO de dois algarismos e o menor PALÍNDROMO de três algarismos é igual a:","199","200","209","210","219","b"
"530c7c1e-6314-4271-ae69-5b227e8b7797","Matemática","IV - Frações","Colégio Militar de Curitiba",2024,NA,"Nos dias 27 e 28 de julho, o Clube de Orientação Gralha Azul (COGA) do Colégio Militar de Curitiba (CMC) participou da 2ª Etapa do Campeonato Paranaense de Orientação, na cidade da Lapa - PR. Os estudantes do CMC obtiveram excelentes resultados no percurso de Floresta, conforme pode-se observar na tabela abaixo.

  ![](1762192980_Captura de tela 2025-11-03 150219.png){width=300px} 

Considerando os resultados do percurso de Floresta, apresentados na tabela, a probabilidade de escolher aleatoriamente um estudante que ficou em 1º lugar em sua categoria é igual a:
","$\frac{1}{11}$","$\frac{2}{11}$","$\frac{7}{11}$","$\frac{9}{11}$","$\frac{10}{11}$","c"
"f00c6b39-e5a7-4230-98e8-fb76c59ef06b","Matemática","III - Múltiplos e Divisores","Colégio Militar de Curitiba",2024,NA,"Alguns números possuem características especiais e surpreendentes, que são observadas nas operações matemáticas. Por exemplo, nos produtos 23 × 96 e 32 × 69, em que os resultados são os mesmos e iguais a 2 208, nota-se que os algarismos que formam os números 23 e 32 são iguais, mas se apresentam em ordens diferentes. Observe que o mesmo ocorre com os números 96 e 69, que seguem o mesmo padrão matemático, constituídos pelos mesmos algarismos 6 e 9, posicionados em ordens diferentes.

Marcelo é um aluno curioso e muito aplicado em matemática. Durante a aula sobre multiplicação de números naturais, ele reconheceu o padrão matemático descrito acima e, ainda, descobriu que no produto 23 × 96 a multiplicação entre os algarismos das dezenas dava como resultado o mesmo valor da multiplicação entre os algarismos das unidades, ou seja: 2 × 9 (multiplicação dos algarismos das dezenas) = 3 × 6 (multiplicação dos algarismos das unidades) =18.

Dessa forma, baseado nas informações descritas acima e na descoberta de Marcelo, descubra os valores representados por A e B que estão faltando na igualdade entre os produtos abaixo.

$$A2 × B6 = 2A × 6B$$

Observe que os números A2, B6, 2A e 6B são diferentes e possuem duas ordens e uma classe. Com relação aos valores de A e B encontrados, é correto afirmar que são números
","pares.","primos","múltiplos de 12.","ímpares.","consecutivos","e"
"592f007a-2553-4ac8-89f6-6118d8847841","Matemática","III - Múltiplos e Divisores","Colégio Militar de Curitiba",2024,NA,"O cubo mágico é um quebra-cabeça muito interessante e divertido! Ele é formado por um cubo com seis faces quadradas, e cada face é dividida em nove quadradinhos iguais. No começo, cada face tem uma cor diferente: vermelho, azul, verde, amarelo, branco e laranja. O desafio do cubo mágico é misturar essas cores, girando as faces, e depois tentar voltar ao estado inicial, em que cada face tem apenas uma cor

  ![](1762193224_Captura de tela 2025-11-03 150655.png){width=300px} 

A Figura 1 abaixo é um desenho ilustrativo que representa uma das faces de um cubo mágico dividida em nove quadradinhos iguais. Usando apenas as cores azul e branco para pintar os quadradinhos, de quantas formas diferentes essas cores podem aparecer nessa face, considerando que quadradinhos “vizinhos” não apresentam a mesma cor?

**Observação:** quadradinhos “vizinhos” são os que possuem lados comuns.

  ![](1762193278_Captura de tela 2025-11-03 150751.png){width=300px} ","1","2","3","4","5","b"
"247672aa-8163-4816-8537-727b0de9caf5","Matemática","II - As 4 Operações","Colégio Militar de Curitiba",2024,NA,"A palavra ""PERSISTÊNCIA"" significa continuar tentando, mesmo quando algo é difícil. Em Matemática, temos algo parecido chamado ""FATOR DE PERSISTÊNCIA"" de um número. Esse fator mede quantas vezes precisamos multiplicar os algarismos de um número até que ele se transforme em um número com um único algarismo.

Para determinar o ""FATOR DE PERSISTÊNCIA"" de um número, siga os passos abaixo:

1. Multiplique todos os algarismos do número.
2. Pegue o resultado dessa multiplicação e multiplique novamente os seus algarismos.
3. Repita esse processo até obter um número com apenas um algarismo.

O ""FATOR DE PERSISTÊNCIA"" é a quantidade de vezes que você precisou multiplicar os algarismos até chegar a um número com um único algarismo. Por exemplo, o número 1234 tem um “FATOR DE PERSISTÊNCIA” igual a 2, porque você precisa multiplicar os algarismos duas vezes para chegar a um número com apenas um único algarismo, como mostra a figura.

  ![](1762193343_Captura de tela 2025-11-03 150857.png){width=300px} 

Agora é a sua vez! O “FATOR DE PERSISTÊNCIA” do número 1378 é igual a:","1","2","3","4","5","d"
"1dc8d5c0-eb5d-4d79-ac3c-e5ac710eaa90","Matemática","VI - Medidas Geométricas","Colégio Militar de Curitiba",2024,NA,"Uma loja de brinquedos embala seus produtos em caixas com diferentes formatos. As imagens ilustrativas abaixo representam as planificações dessas caixas. 

  ![](1762193418_Captura de tela 2025-11-03 151010.png){width=300px} 

Lunna comprou, nessa loja, um brinquedo para seu filho e escolheu o formato da Caixa 2 para embalar o produto.

A partir da planificação dessa caixa, a atendente montou um sólido geométrico cuja soma do número de vértices com o número de faces é igual a:
","22","20","18","17","15","d"
"4b193493-1a8a-4d62-ac0c-51c5f09ad666","Matemática","IV - Frações","Colégio Militar de Curitiba",2024,NA," Na festa junina da escola, a barraca da professora Renata ofereceu uma prenda especial composta de uma caixinha de surpresas juninas, cheia de deliciosos doces típicos como pé de moleque, canjica e cocada, além de um colorido chapéu de festa junina. Para ganhar a prenda especial os estudantes deveriam resolver um desafio: calcular a soma total dos resultados de quatro expressões numéricas e apresentar o resultado final na forma decimal. As expressões estão contidas em bandeirolas que enfeitavam a barraca, conforme a figura abaixo.

  ![](1762193516_Captura de tela 2025-11-03 151149.png){width=300px} 

A aluna Lorena resolveu corretamente o desafio e ganhou a prenda especial. Assinale a opção que representa a resposta correta que Lorena apresentou à professora Renata."," 5,50","5,75","5,80","6,00","6,25","c"
"0ab922e0-ac2c-4d3f-bbc0-1c2bbc12eca4","Matemática","V - Números Decimais","Colégio Militar de Curitiba",2024,NA,"Um canal do YouTube, focado em experiências, curiosidades e desafios divertidos, realizou uma pesquisa com seus seguidores sobre vídeos favoritos. Sabendo que dos 6,22 milhões de seguidores 8% não participaram da pesquisa, o número de seguidores que participaram da pesquisa foi igual a:","5 823 400","5 722 400","572 240","497 600","49 760","b"
"5141d524-03dc-4966-836f-285c148a4066","Matemática","V - Números Decimais","Colégio Militar de Curitiba",2024,NA,"As fortes chuvas no Rio Grande do Sul trouxeram 14,2 trilhões de litros de água para o lago Guaíba na primeira semana de maio, segundo o Instituto de Pesquisas Hidráulicas (IPH) da Universidade Federal do Rio Grande do Sul (UFRGS). Essa enorme quantidade extra de água fez o lago Guaíba transbordar, causando uma situação de emergência em Porto Alegre.

Para melhor compreensão, o volume adicional de água que o lago Guaíba recebeu corresponde a, aproximadamente, metade do volume do reservatório da usina hidrelétrica de Itaipu, a segunda maior geradora de energia do mundo, que atinge 29 trilhões de litros de água quando está em sua capacidade máxima.

Considerando as informações no texto acima, julgue as afirmativas como sendo verdadeiras ou falsas.

1ª) O número 14,2 trilhões possui 5 classes e 14 ordens.
2ª) A metade de 29 trilhões de litros de água é igual a 14.500 milhões de litros de água.
3ª) Se 1.000 litros de água ocupam o mesmo espaço que 1 metro cúbico (m³) de água, então o lago Guaíba recebeu 14,2 bilhões de m³ de água.
4ª) Se em uma piscina olímpica cabem 1.420.000 litros de água, então a quantidade extra de água que o lago Guaíba recebeu é suficiente para encher completamente 10.000.000 de piscinas olímpicas.

Assinale a quantidade de afirmativas verdadeiras acima.","0","1","2","3","4","d"
"e6a55be1-bd7f-4967-864a-78233c56e01c","Matemática","VI - Medidas Geométricas","Colégio Militar de Curitiba",2024,NA,"A **Figura 1** abaixo representa um desenho ilustrativo de uma gaveta de um armário de cozinha usada para guardar talheres. Essa gaveta é dividida em quatro compartimentos (paralelepípedos retângulos) iguais, cada um com 10 cm de altura.

  ![](1762193852_Captura de tela 2025-11-03 151724.png){width=300px} 

A **Figura 2** abaixo, composta por quatro retângulos iguais (**I, II, III e IV**), representa um desenho ilustrativo da vista superior do fundo da gaveta.


  ![](1762193917_Captura de tela 2025-11-03 151831.png){width=300px} 

Sabendo-se que o perímetro do polígono ABCD é igual a 280 cm, o volume do poliedro (paralelepípedo retângulo) que representa a gaveta é, em dm³, igual a:","12","48","120","12 000","48 000","b"
"9fc9a95e-395c-40d5-932f-f78c0de52bc8","Matemática","II - As 4 Operações","Colégio Militar de Curitiba",2024,NA,"Camila está ajudando sua mãe a arrumar os talheres na gaveta da cozinha. Ela constatou que havia 50 talheres distribuídos entre dois compartimentos da gaveta. Para melhor organizá-los, ela retirou alguns talheres de cada um. Em um dos compartimentos, retirou metade dos talheres que havia no começo, e no outro, deixou apenas um terço do que tinha no início. Quando Camila terminou, ela percebeu que os dois compartimentos ficaram com a mesma quantidade de talheres.

O número de talheres que existiam inicialmente no compartimento da gaveta do qual Camila havia retirado a metade dos talheres é igual a:","10","18","20","25","30","c"
"912f48df-f6f1-435a-bf7e-2f354d27d588","Matemática","I - Sistema de Numeração","Colégio Militar de Curitiba",2024,NA,"Nathalia e Ana Luiza adoram desafios matemáticos. Para desafiar Ana Luiza, Nathalia criou um sistema de numeração, chamado Aurélios, em que os números são representados apenas com três símbolos: $\psi , \phi , \kappa$.

Tomando como unidade o símbolo $\psi$, ela estabeleceu as seguintes regras:

• Cada número não pode ter três ou mais símbolos repetidos.
• O símbolo $\phi$ vale $\psi \psi \psi$.
• O símbolo $\kappa$ vale $\phi \phi \phi$.

Em seguida, propôs o desafio: se tivéssemos a quantidade de 25 unidades de contagem ($\psi$), a escrita no sistema Aurélios de numeração seria","$\kappa \kappa \phi \phi \psi$","$\kappa \kappa \phi \psi \psi$","$\kappa \phi \phi \psi \psi \psi$","$\kappa \kappa \phi \phi \psi \psi$","$\kappa \kappa \kappa \phi \psi$","a"
"0fb2375a-0827-4134-8c41-e50d768ec19c","Matemática","IV - Frações","Colégio Militar de Curitiba",2024,NA,"Durante a aula de Matemática, o professor Eduardo separou os alunos em grupos e distribuiu uma folha de cartolina para cada um dos grupos. Pediu que cortassem 7 quadrados de mesmo tamanho: A, B, C, D, E, F e G. Em seguida, solicitou que dividissem os quadrados B, C, D, E, F e G em partes iguais (com régua, lápis ou caneta), numerando algumas das partes de cada um dos quadrados B, C, D, E, F e G, conforme as figuras ilustrativas abaixo:

  ![](1762194472_Captura de tela 2025-11-03 152744.png){width=300px} 

O professor Eduardo, ao explicar para os grupos do que se tratava a atividade, afirmou que cada parte numerada de 1 a 6 representa uma fração do quadrado A (conforme figura ilustrativa acima). Assim, solicitou aos grupos que cortassem as partes numeradas dos quadrados B, C, D, E e G (partes 1, 2, 3, 4 e 6), conforme as figuras ilustrativas a seguir:

  ![](1762194441_Captura de tela 2025-11-03 152714.png){width=300px} 

Ao final, o professor Eduardo pediu aos grupos que calculassem a soma das frações que representam as respectivas partes escolhidas, de acordo com as figuras ilustrativas acima.

O grupo da aluna Cristina conseguiu realizar a atividade proposta corretamente e no menor tempo possível. Como representante do grupo, Cristina respondeu ao professor Eduardo que o seu grupo encontrou como resultado da soma das frações relativas às partes 1, 2, 3, 4 e 6 do quadrado A uma fração","imprópria de denominador 16.","imprópria com denominador 4."," aparente com denominador 8.","própria com denominador 4","própria de denominador 16.","a"
"83e7d8e7-df75-493a-a573-464e46b59a1e","Matemática","IV - Frações","Colégio Militar de Curitiba",2024,NA,"Paula é uma menina criativa que decidiu vender colares com pingentes. Depois de fazer uma pesquisa, ela escolheu 7 tipos diferentes de pingentes para usar na montagem de cada colar: caranguejo, tartaruga, estrela, cavalo-marinho, polvo, concha e golfinho.

Para fazer os colares, Paula usou uma corrente comprida e colocou os pingentes sempre na mesma ordem: caranguejo, tartaruga, estrela, cavalo-marinho, polvo, concha e golfinho. A figura ilustrativa abaixo mostra a corrente e os dois primeiros colares produzidos por Paula, cada um com 7 pingentes.

  ![](1762194718_Captura de tela 2025-11-03 153150.png){width=300px} 

O pingente que ocupará a 158º posição na corrente, mantendo-se a ordem descrita acima, é a(o)"," tartaruga.","estrela.","polvo.","concha","cavalo-marinho.","e"
"301fd657-eda9-4e15-8746-e50f6ac29757","Matemática","VII - Tratamento da Informação","Colégio Militar de Curitiba",2024,NA,"O Colégio Militar de Curitiba organizou a primeira fase de uma competição de hipismo, chamada Copa Garança 2024, que aconteceu em Ponta Grossa – PR entre os dias 2 e 4 de agosto deste ano.

Participaram da competição várias equipes formadas por alunos de Colégios Militares de todo o Brasil, incluindo Curitiba (CMC), Porto Alegre (CMPA), Santa Maria (CMSM), Fortaleza (CMF) e Belo Horizonte (CMBH). Nos três dias, os alunos competiram nas categorias **séries 60 cm, 80 cm e 90 cm**, aberta e por equipe.

O gráfico de barras abaixo apresenta a pontuação final das cinco equipes mais bem classificadas dentre as que competiram na categoria **série 80 cm**.

  ![](1762194848_Captura de tela 2025-11-03 153402.png){width=300px} 

Considerando os dados apresentados no gráfico, julgue as afirmativas como sendo verdadeiras ou falsas.

1ª) A equipe do CMBH terminou a competição em 4º lugar.
2ª) A pontuação final obtida pela equipe do CMF é maior que 20% da pontuação final obtida pela equipe do CMPA.
3ª) Três das cinco melhores equipes que competiram na categoria série 80 cm alcançaram uma pontuação final inferior à média aritmética das pontuações dessas cinco equipes.
4ª) Mesmo que a equipe do CMC perdesse 42 pontos, a equipe do CMF ganhasse mais 25 pontos e a equipe do CMBH tivesse obtido mais 17 pontos, a média aritmética das pontuações das cinco melhores equipes não mudaria.

Assinale a quantidade de afirmativas verdadeiras acima","0","1","2","3","4","c"
"4c86b642-96aa-4c93-9552-fb0c9282d671","Matemática","III - Múltiplos e Divisores","Colégio Militar de Curitiba",2024,NA,"Um grupo de crianças decidiu organizar uma brincadeira de caça ao tesouro no bairro onde moram. Elas numeraram as casas do bairro de 1 a 280 e colocaram uma “dica” em frente de cada casa. Para tornar a brincadeira mais divertida, decidiram colocar “dicas especiais” em frente às casas cujos números tivessem pelo menos um algarismo 6 em alguma posição, como, por exemplo, nas casas 16, 66 ou 106. Nas outras casas, cujos números não têm o algarismo 6 em nenhuma posição, elas colocaram “dicas normais”.

O número de fatores primos diferentes que aparecem na decomposição do número que representa a diferença entre a quantidade de casas com “dicas normais” e a quantidade de casas com “dicas especiais’ é igual a:

**GLOSSÁRIO:** “dica” = informação boa ou importante","1","2","3","4","5","c"
"ea91388f-468a-4bd0-8f62-5df831d25e4e","Matemática","VI - Medidas Geométricas","Colégio Militar de Curitiba",2024,NA,"A quadra de esportes de uma escola tem a forma de um retângulo com 20 metros de comprimento e 12 metros de largura. Pretende-se realizar uma reforma nessa quadra em que o novo comprimento seja igual a 27 metros e a nova largura, 16 metros. Sendo assim, três novas áreas extras retangulares serão acrescentadas à quadra, como mostra a figura abaixo.

  ![](1762195199_Captura de tela 2025-11-03 153952.png){width=300px} 

Sabe-se que as três áreas extras serão pintadas e que o custo para pintar cada metro quadrado é R$ 80,00. Para calcular esse custo, Maurício, que adora matemática, escreveu uma expressão numérica cujo resultado representa corretamente o custo total, em real, para pintar essas três áreas extras. Dessa forma, assinale a única alternativa que apresenta a expressão numérica escrita por Maurício.","(20 + 7) × (12 + 4) – (12 × 20) × 80","80 × [(20 × 12) + 7 × (4 + 12)]"," [(20 + 7) × (12 + 4)] × 80"," 80 × (20 × 12) + (7 × 12)","[4 × (20 + 7) + (12 × 7)] × 80","e"
"fc0bae7f-3a7b-4e5f-a1be-64fff1a6c1ce","Matemática","VI - Medidas Geométricas","Colégio Militar de Curitiba",2024,NA,"Na malha quadriculada abaixo, todos os quadradinhos são iguais. Nela está representado um paralelogramo de vértices A, B, C e D dividido em quatro regiões poligonais: I, II, III e IV. A região II é um quadrilátero e as demais são triângulos. Sabendo que os vértices dos polígonos I, II, III e IV coincidem com vértices de quadradinhos da malha, julgue as afirmativas como sendo verdadeiras ou falsas.

1ª) A área da região I é a metade da área da região III.
2ª) A área da região II é $\frac{5}{16}$ da área da região IV.
3ª) A soma das áreas das regiões II e IV é igual a 81,25% da área do paralelogramo ABCD.
4ª) A área do triângulo DEF é igual a área da região I.

  ![](1762195354_Captura de tela 2025-11-03 154201.png){width=300px} 

Assinale a quantidade de afirmativas verdadeiras acima.","0","1","2","3","4","d"
"f1936f7a-a09b-401c-b2ec-0f129853509e","Matemática","III - Múltiplos e Divisores","Colégio Militar de Curitiba",2024,NA,"Júlia é uma menina muito curiosa. Certo dia, teve uma ideia diferente e bem interessante: construir um cubo de madeira com vários buracos. Para construí-lo, executou os seguintes passos:

**PASSO 1**: construiu um cubo de madeira com 27 cm de aresta (Figura 1).
**PASSO 2**: dividiu cada face do cubo em 9 quadradinhos iguais.
**Observação**: o cubo ficou subdividido em 27 cubos menores (Figura 2).
**PASSO 3**: removeu o cubo localizado no meio de cada face e o cubo central no interior do cubo original.
**Observação**: restaram 20 cubos menores (Figura 2).
**PASSO 4**: repetiu os passos 2 e 3 para cada um dos 20 cubos menores restantes, determinando então um cubo de madeira cheio de buracos (Figura 3).

  ![](1762195529_Captura de tela 2025-11-03 154516.png){width=300px} 

O volume do cubo, em cm³, cheio de buracos (Figura 3) construído pela Júlia é um número cuja soma dos algarismos vale:","9","18","27","36","45","a"
"0c61d5fb-45b3-447f-8726-aa0d1d8353b2","Português","CMC - 2024/2025","Colégio Militar de Curitiba",2024,NA,"TEXTO I

**Meu diário**
**7 de julho**

Pai é um negócio complicado, o meu, o do Toninho, do Mauro, do Joca, do Zé Luís e do Beto são mais ou menos. O meu deixa jogar na rua, mas nada de chegar perto da avenida. O Toninho está terminantemente proibido de ir ao bar do Seu Porfírio. O do Beto é bem brabo, só que nunca está em casa: por isso, o Beto é o maior folgado e faz o que quer. Também, quando o pai chega, mixou a brincadeira. O do Joca é que nem o meu. O do Zé Luís deixa, mas é obrigatório voltar às seis em ponto e o do Mauro às vezes deixa tudo, outras dá bronca que Deus me livre, tudo na tal língua estrangeira que ele inventou.

**De acordo com a leitura e interpretação do texto “Meu diário”, é correto afirmar que este texto tem como objetivo:**","Criticar todos os pais apresentando seus inúmeros defeitos.","Instruir o leitor sobre o modo de tratar os pais, mesmo com seus defeitos.","Contar sobre a necessidade de entender como os pais são e o que fazem."," Informar uma história fantasiosa sobre o cotidiano dos pais e suas relações familiares.","Mostrar as características paternas e como os pais agem com seus filhos. ","e"
"f2fadbf9-0dc0-42bf-b0ff-cfb26d50f64c","Português","CMC - 2024/2025","Colégio Militar de Curitiba",2024,NA,"Na oração “o Beto é o maior folgado”, o que significa a expressão “folgado”?","Beto usa roupas largas.","Beto gosta de lugares amplos.","Beto tem menos restrições.","Beto não tem medo do pai.","Beto brinca raramente.","c"
"2b0f58c7-c1e4-4a38-8579-f4fb84443121","Português","CMC - 2024/2025","Colégio Militar de Curitiba",2024,NA,"Analise o tipo de narrador empregado no texto. É correto afirmar que:","Há narrador-personagem em 3ª pessoa.","Há narrador-personagem em 1ª pessoa.","Há narrador-observador em 3ª pessoa","Há narrador-onisciente em 2ª pessoa."," Há narrador-personagem em 2ª pessoa","b"
"13e14f1b-af66-4793-8887-14be65d706fc","Português","CMC - 2024/2025","Colégio Militar de Curitiba",2024,NA,"No período “Também, quando o pai chega, **mixou** a brincadeira”, o termo “mixou” pode ser corretamente substituído, sem prejuízo de sentido no contexto, por:","misturou","começou","consolidou","encerrou","fortaleceu","d"
"22d0195e-75b3-492a-b25c-b91af3beccd4","Português","CMC - 2024/2025","Colégio Militar de Curitiba",2024,NA,"Conforme interpretação do TEXTO I, analise o seguinte período: “O [pai] do Beto é bem brabo, só que nunca está em casa: por isso, o Beto é o maior folgado e faz o que quer.”. Nesse período, o sinal de dois pontos indica","uma contradição","uma adversidade","uma oposição","uma explicação","uma exclusão","d"
"943d4aa1-e16b-4842-9cc5-ccf2c125c1e5","Português","CMC - 2024/2025","Colégio Militar de Curitiba",2024,NA,"Na oração “**quando** o pai chega”, a expressão destacada transmite a ideia de:","Lugar.","Tempo.","Modo.","Dúvida.","Espaço.","b"
"8105983c-d3ce-478b-8a96-7c5bec0157e6","Português","CMC - 2024/2025","Colégio Militar de Curitiba",2024,NA,"**Harry Potter e a Câmara Secreta**

Harry, Rony e Hermione sempre souberam que Hagrid tinha uma lamentável queda por criaturas
grandes e monstruosas. Durante o primeiro ano de Hogwarts, ele tentara criar um dragão em sua casinha de madeira e levaria muito tempo para os garotos esquecerem o gigantesco cachorro de três cabeças a que ele dera o nome de “Fofo”. Se quando criança, Hagrid tivesse ouvido falar que havia um monstro escondido em algum lugar do castelo, Harry tinha certeza de que ele teria feito o possível para dar uma espiada. E provavelmente pensaria que era uma vergonha o monstro ficar preso tanto tempo e que merecia uma oportunidade de esticar as pernas.

**No período “Se quando criança, Hagrid tivesse ouvido falar que havia um monstro escondido em algum lugar do castelo, Harry tinha certeza de que ele teria feito o possível para dar uma espiada.”, o termo “ele” se refere a:**","Harry.","Hermione.","Rony.","Hagrid.","Hogwarts.","d"
"4fb29cf6-1c95-413a-a2b6-5daa914b5740","Português","CMC - 2024/2025","Colégio Militar de Curitiba",2024,NA,"No trecho “o gigantesco cachorro de três cabeças a que ele dera o nome de ‘Fofo’”, o nome do cachorro “Fofo” foi dado por se tratar de uma:","Coincidência.","Honraria.","Semelhança.","Maldição.","Ironia.","e"
"7da19b7c-d442-4efd-90e1-f521b4380643","Português","CMC - 2024/2025","Colégio Militar de Curitiba",2024,NA,"No período “Harry, Rony e Hermione sempre souberam que Hagrid tinha uma **lamentável** queda por criaturas grandes e monstruosas.”. O termo “lamentável” pode ser corretamente substituído, sem prejuízo de sentido no contexto, por:","Infeliz.","Bendita.","Apreciável.","Divertida.","Notável.","a"
"e200e050-c31f-4a64-9e74-31303e298d76","Português","CMC - 2024/2025","Colégio Militar de Curitiba",2024,NA,"No período “Harry tinha certeza de que ele teria feito o possível para dar uma **espiada.**”, o termo “espiada” pode ser classificado como um:","Verbo.","Substantivo.","Adjetivo.","Pronome","Conjunção","b"
"f2175f64-5560-418b-bf12-78b87b366562","Português","CMC - 2024/2025","Colégio Militar de Curitiba",2024,NA,"No período “e que merecia uma oportunidade de **esticar as pernas.**”, a expressão destacada significa que:","Ele iria morrer, esticar as canelas","Ele iria crescer, pois ainda era criança.","Ele iria ficar livre, ter mais espaço.","Ele iria fugir, pois era solitário.","Ele sentaria para encolher as pernas.","c"
"5ac9d687-3c06-4b07-9d79-3495ba4d3971","Português","CMC - 2024/2025","Colégio Militar de Curitiba",2024,NA,"**BILHETE**

Se tu me amas, ama-me baixinho
Não o grites de cima dos telhados
Deixa em paz os passarinhos
Deixa em paz a mim!
Se me queres,
enfim,
tem de ser bem devagarinho, Amada,
que a vida é breve, e o amor mais breve ainda...

O título, lido em conjunto com o conteúdo do TEXTO III, revela que:","Trata-se de um texto do gênero textual diário.","Trata-se de um bilhete para o autor deste texto.","Em vez de escrever um bilhete, o autor prefere gritar.","É um poema em que o eu poético escreve um bilhete para os leitores","É um poema que apresenta um bilhete dirigido à Amada do eu poético. ","e"
"06b236f6-aa2e-4b48-8b7b-3078168c549e","Português","CMC - 2024/2025","Colégio Militar de Curitiba",2024,NA,"No TEXTO III, o autor utiliza o recurso da antonímia ao contrastar as palavras:","Baixinho/ grites.","Paz/ devagarinho.","Vida/ amor.","Passarinho/ devagarinho.","Queres/ grites.","a"
"6fc82e02-14d7-42d8-a114-d3275301b423","Português","CMC - 2024/2025","Colégio Militar de Curitiba",2024,NA,"**A RÃ SÁBIA**

A onça estava para se casar, e os animais todos andavam aos pulos, radiantes, com olho na festa prometida. Só uma velha e sábia rã torcia o nariz para aquilo. O marreco, observando-a, disse:

– Grande enjoada! Que cara feia é essa, quando todos nós estamos alegres com os preparativos para a festança?
– Por um motivo muito simples – respondeu a rã. – Porque nós, como vivemos quietas, a filosofar, sabemos muito da vida e enxergamos mais longe do que vocês.

Responda-me a isto: se o Sol se casasse e em vez de torrar o mundo sozinho o fizesse ajudado por Dona Sol e por mais vários sóis filhotes? Que aconteceria?

– Secavam-se todas as águas, é claro.
– Isso mesmo. Secavam-se as águas e nós, rãs e peixes, levaríamos a pior. Pois calamidade semelhante vai cair sobre vocês. Casa-se a onça, e já de começo será ela e mais o marido a perseguirem os animais.

Depois aparecem as oncinhas – e os animais terão de aguentar com a fome de toda a família. Ora, se um só apetite já nos faz tanto mal, que será quando forem três, quatro e cinco?

O marreco refletiu e concordou:

– É isso mesmo...

Pior que um inimigo, dois; pior que dois, três...

**O conflito inicial gerador desta fábula é:**","A alegria de todos os animais com o casamento.","O marreco era o único que estava feliz com o casamento.","A desaprovação da velha e sábia rã com o casamento.","A velha rã fala sobre a seca dos rios, caso existisse mais de um sol.","A conclusão que o marreco teve depois que a velha rã falou","c"
"54f296ce-655e-4505-8974-9008a05767a1","Português","CMC - 2024/2025","Colégio Militar de Curitiba",2024,NA,"No trecho “ O marreco, observando-**a**” , a palavra em destaque, “**a**”, faz referência a (ao):","Festa","Casamento","Onça","Velha rã","Marreco","d"
"78367019-2fba-49ee-bff3-4fadfe118919","Português","CMC - 2024/2025","Colégio Militar de Curitiba",2024,NA,"O texto tem como finalidade","Despertar no leitor o interesse pelas onças.","Transmitir um ensinamento com base na personificação dos animais.","Desacreditar a sabedoria e orgulho da rã diante do marreco.","Convencer o leitor, com argumentos, a ter pena da velha e sábia rã.","Apresentar a floresta imaginária para o leitor.","b"
"5dada2dd-8e2f-4c45-b7d2-40f6fa608a78","Português","CMC - 2024/2025","Colégio Militar de Curitiba",2024,NA,"Quanto à tonicidade, a palavra “oncinhas” classifica-se como:","Monossílaba tônica.","Oxítona.","Paroxítona.","Proparoxítona.","Monossílaba átona.","c"
"f281b62c-253b-4cf6-9a63-637f6d19611c","Português","CMC - 2024/2025","Colégio Militar de Curitiba",2024,NA,"No trecho: “[...] e os animais todos andavam aos pulos, **radiantes**, com olho na festa prometida.”, a palavra destacada tem como antônimo:
","Alegres","Felizes","Animados","Exultantes","Abatidos","e"
"337c5bf4-8be8-4873-9daf-e01b26a9af8f","Português","CMC - 2024/2025","Colégio Militar de Curitiba",2024,NA,"No trecho: ""Grande enjoada!"", o uso do ponto de exclamação foi usado para expressar:","Mal estar da rã","Ênfase na contrariedade do marreco","Espanto da rã com o casamento","Alegria do marreco","Ordem dada à rã pelo marreco","b"
"dc299e9a-1b65-46bd-8b72-957ac724c0a6","Matemática","V - Números Decimais","Colégio Militar de Juiz de Fora",2024,NA,"Pedro, Paulo, Maria, Marcos e Joana são cinco amigos apaixonados por Matemática. Eles fizeram um desafio que consiste em escrever operações que resultem no mesmo valor, conforme mostrado na tabela abaixo. Um desses amigos elaborou uma expressão cujo resultado ficou diferente dos demais.

   ![](1762267155_Captura de tela 2025-11-04 113854.png){width=300px} 

Quem elaborou a expressão com resultado diferente dos demais?"," Pedro","Paulo"," Maria","Marcos","Joana","e"
"346febd7-c5ec-490e-95a6-87e9583ecbcf","Matemática","I - Sistema de Numeração","Colégio Militar de Juiz de Fora",2024,NA,"Considere as seguintes afirmações:

I – Ao somar 5 centenas com 20 dezenas e 100 unidades, obtém-se 800.
II – O número 787328 possui 6 classes.
III – O maior número de 3 algarismos múltiplo de 7 dividido por 7 é o resultado de 1207 ÷ 8,5.
IV – O número 1889 em algarismo romano é MDCCCLXXXlX.
V – O número 9379 em algarismo romano é V̅MMMMCCCLXXIX.

Associando-se “V”, quando verdadeiras, ou “F”, quando falsas, às afirmações I, II, III, IV e V, nessa ordem, temos
","V – F – V – V – V","V – F – F – F – V","V – F – V – V – F","V – F – V – F – V","V – V – F – V – F","c"
"371bade8-2895-4ed3-a048-0ddda6945e11","Matemática","VI - Medidas Geométricas","Colégio Militar de Juiz de Fora",2024,NA,"Arthur ganhou uma piscina no formato de paralelepípedo com 2 m de comprimento, 1,5 m de largura e 55 cm de profundidade. Quando foi encher a piscina, não encontrando uma mangueira, resolveu utilizar um galão de 20 litros. O garoto enchia o galão em uma torneira e, posteriormente, despejava todo o conteúdo na piscina. Qual o número mínimo de viagens que Arthur precisou fazer para encher a piscina completamente?","83 viagens.","82 viagens.","75 viagens.","76 viagens.","90 viagens.","a"
"09757da0-d57d-47e9-ac58-ae1d191a1bf9","Matemática","IV - Frações","Colégio Militar de Juiz de Fora",2024,NA," O professor de Matemática levou uma caixa, que continha um presente, para a sala de aula. A caixa estava fechada com um cadeado que possuía uma senha composta por 5 algarismos. Ele escreveu algumas expressões no quadro, dividiu a turma em grupos e lançou um desafio: o grupo que resolvesse as expressões no menor tempo conseguiria abrir a caixa e resgataria o presente para si, já que os resultados das expressões representavam os algarismos que compunham a senha do cadeado.

  ![](1762267587_Captura de tela 2025-11-04 114613.png){width=300px} 

O grupo que resolveu as expressões e resgatou o presente encontrou a seguinte senha:","64514","63514","33541","63517","64517","a"
"5d6a7a69-c5c2-4935-a86f-796b0a6be481","Matemática","V - Números Decimais","Colégio Militar de Juiz de Fora",2024,NA,"Marcos possui um veículo cuja capacidade do tanque combustível é de 44 litros. Quando foi abastecê-lo, o tanque apresentava 25% de sua capacidade total. Nessa ocasião, o litro do combustível custava R$ 5,89. Para completar o tanque, quanto ele pagará?
","R$ 259,16","R$ 64,79
"," R$ 129,58","R$ 67,89","R$ 194,37","e"
"11f9ed99-4e46-4d7c-9405-e32761f32766","Matemática","IV - Frações","Colégio Militar de Juiz de Fora",2024,NA,"Observe as figuras,   ![](1762267859_Captura de tela 2025-11-04 115051.png){width=300px} que representam as expressões numéricas que se seguem, e assinale a alternativa correta.

  ![](1762267920_Captura de tela 2025-11-04 115150.png){width=300px} ","  ![](1762268124_Captura de tela 2025-11-04 115515.png){width=300px} ","  ![](1762268143_Captura de tela 2025-11-04 115533.png){width=300px} ","  ![](1762268162_Captura de tela 2025-11-04 115553.png){width=300px} ","  ![](1762268182_Captura de tela 2025-11-04 115612.png){width=300px} ","  ![](1762268203_Captura de tela 2025-11-04 115635.png){width=300px} ","d"
"fccb2756-f510-4366-a84c-c4098587cfd6","Matemática","VII - Tratamento da Informação","Colégio Militar de Juiz de Fora",2024,NA,"Segundo a Agência de Notícias do Instituto Brasileiro de Geografia e Estatística (IBGE), “em 1º de agosto de 2022, o Brasil tinha 203.062.512 habitantes. Desde 2010, quando foi realizado o Censo Demográfico anterior, a população do país cresceu 6,5%, o que equivale a 12.306.713 pessoas a mais”. O gráfico abaixo apresenta a quantidade de habitantes em cada uma das grandes regiões do Brasil.

  ![](1762268247_Captura de tela 2025-11-04 115719.png){width=300px} 

De acordo com as informações acima, pode-se afirmar que, entre 2010 e 2022, a região que apresentou maior percentual de crescimento populacional foi a região","Sudeste.","Nordeste.","Sul.","Norte.","Centro-Oeste.","e"
"69ac235c-94ba-42f0-86c6-fd4891718ab6","Matemática","IV - Frações","Colégio Militar de Juiz de Fora",2024,NA,"Manuella propôs um desafio a seus colegas de classe: resolver a expressão abaixo.

  ![](1762268443_Captura de tela 2025-11-04 120037.png){width=300px} 

Ao resolver, deveriam encontrar o número","31","32","33","34","35","b"
"3b4668c3-9553-452b-ab4f-1c12bc5e37b5","Matemática","VII - Tratamento da Informação","Colégio Militar de Juiz de Fora",2024,NA,"Em uma escola há 520 alunos e cada um deles pratica, no máximo, um esporte. Os alunos que praticam algum esporte foram categorizados, por modalidade, conforme o gráfico abaixo.

  ![](1762268527_Captura de tela 2025-11-04 120153.png){width=300px} ","  ![](1762268566_Captura de tela 2025-11-04 120237.png){width=300px} ","  ![](1762268587_Captura de tela 2025-11-04 120258.png){width=300px} ","  ![](1762268609_Captura de tela 2025-11-04 120319.png){width=300px} ","  ![](1762268629_Captura de tela 2025-11-04 120340.png){width=300px} ","  ![](1762268650_Captura de tela 2025-11-04 120359.png){width=300px} ","b"
"916faa31-2afc-48c9-af19-eb3b72cc527d","Matemática","V - Números Decimais","Colégio Militar de Juiz de Fora",2024,NA,"A figura abaixo mostra uma régua que possui como menor e maior valores, respectivamente, X = 8,51 e Z = 9,95. Ela se encontra dividida em 6 partes iguais. 

  ![](1762268736_Captura de tela 2025-11-04 120525.png){width=300px} 

O número Y corresponde à quarta divisão a partir do menor valor X. Então, o valor de **X + Y + Z** é igual a","27,00","28,46","27,80","27,93","28,90","d"
"e1186640-1215-4ce6-9213-8413580635d2","Matemática","V - Números Decimais","Colégio Militar de Juiz de Fora",2024,NA,"Uma fábrica de camisetas estabelece o preço de seus produtos de acordo com a quantidade de tinta necessária na produção das peças. Quanto mais tinta for utilizada, mais cara fica a camiseta, conforme o padrão de valores apresentado na figura abaixo. Os preços das camisetas tipo 4 e 5 também seguem esse mesmo padrão.

  ![](1762268867_Captura de tela 2025-11-04 120739.png){width=300px} 

Maria possui R$ 200,00 e deseja comprar, nessa fábrica, uma camiseta do tipo 2, duas camisetas do tipo 4 e uma camiseta do tipo 5. É correto afirmar que, na realização do pagamento de suas compras, Maria","perceberá que faltará R$ 2,10 para concluir a compra.","receberá de troco a quantia de R$ 1,85.","perceberá que faltará R$ 1,85 para concluir a compra.","perceberá que faltará R$ 1,15 para concluir a compra.","receberá de troco a quantia de R$ 1,15.","d"
"048468f6-b56b-45f7-98b8-918084491b98","Matemática","V - Números Decimais","Colégio Militar de Juiz de Fora",2024,NA,"Pedro e Paulo são dois amigos que gostam muito de Matemática. Pedro lançou o seguinte desafio para Paulo: se $\frac23$, de uma fita utilizada por uma costureira de roupas, custam R$ 36,00, qual o valor de $\frac25$  dessa fita?","R$ 22,00","R$ 23,40","R$ 21,60","R$ 20,30","R$ 21,00","c"
"59d3159f-774f-49f5-a2d5-86157d9fd1b5","Matemática","V - Números Decimais","Colégio Militar de Juiz de Fora",2024,NA,"Maria e João estudam em uma escola em que o ano letivo é divido em três trimestres e a nota máxima em cada um deles é 10,0 pontos. A média final, isto é, a média aritmética das notas dos trimestres, deve ser, no mínimo, igual a 7,0 pontos para que o aluno seja aprovado. A tabela abaixo, que está incompleta, mostra as notas de Maria e João na disciplina Matemática.

  ![](1762269110_Captura de tela 2025-11-04 121141.png){width=300px} 

No 3° trimestre, as notas de Matemática de Maria e João foram ![](1762269151_Captura de tela 2025-11-04 121221.png){width=300px} , respectivamente.

Considerando que 6,5 é a média aritmética das notas ![](1762269151_Captura de tela 2025-11-04 121221.png){width=300px} , pode-se afirmar corretamente, em relação à disciplina de Matemática, que  ","não existe a possibilidade de Maria ser reprovada.","não existe a possibilidade de João ser reprovado.","a média final de João será aproximadamente 7,93 pontos.","a média final de Maria será aproximadamente 8,0 pontos.","a maior média final possível para Maria é 9,2 pontos.","a"
"09a1f790-09e9-4f74-8c6a-8162c9920fa6","Matemática","VI - Medidas Geométricas","Colégio Militar de Juiz de Fora",2024,NA,"Um atleta precisa percorrer quinze doze avos de uma pista de corrida que possui 2,4 km de comprimento. Sabendo que ele consegue correr 4 dam a cada 10 segundos, em quanto tempo o atleta terminará a corrida?","12 minutos e 50 segundos","11 minutos e 50 segundos","12 minutos e 30 segundos","12 minutos e 00 segundos","11 minutos e 30 segundos","c"
"7a9a0bc9-8424-452d-9185-5506d489049d","Matemática","VII - Tratamento da Informação","Colégio Militar de Juiz de Fora",2024,NA,"Ana e Bento, enquanto caminhavam até a escola, encontraram um dado de 20 faces, numeradas de 1 a 20, conforme a figura abaixo. 

  ![](1762269336_Captura de tela 2025-11-04 121526.png){width=300px} 

Eles ficaram muito animados, pois sequer sabiam que existia um dado com tantas faces. Como ambos queriam ficar com o dado, Ana propôs que o lançassem e se este caísse com um número múltiplo de 6 voltado para cima, ela venceria a disputa. Se o dado caísse com um número múltiplo de 7 voltado para cima, Bento seria o vencedor.

Considerando que o dado será lançado apenas uma vez, marque a alternativa correta.","A probabilidade de Ana vencer a disputa é menor que a probabilidade de Bento vencer.","A probabilidade de Ana vencer a disputa é de dez por cento. ","A probabilidade de Bento vencer a disputa é de quinze por cento.","Nessa disputa, é impossível haver vencedor.","A probabilidade de Bento vencer é de dois vinte avos.","e"
"9a6be74a-c69d-4698-a1ae-f0dd4145d8af","Matemática","VII - Tratamento da Informação","Colégio Militar de Juiz de Fora",2024,NA,"José representou o projeto de sua granja em uma malha quadriculada. O terreno foi ilustrado pelo polígono A, enquanto a área destinada à construção da casa foi indicada pelo polígono B. José planeja cobrir toda a área externa do terreno com gramado, que custa R$ 4,50 o metro quadrado. Sabendo que a área da casa (polígono B) possui 220 metros quadrados e não será coberta por grama, quanto José gastará na compra do gramado?

  ![](1762269427_Captura de tela 2025-11-04 121700.png){width=300px} ","R$ 2520,00","R$ 2392,50","R$ 2871,00","R$ 2610,00","R$ 2160,00","d"
"fcc0b7ca-543a-43ea-a987-609d5a830915","Matemática","II - As 4 Operações","Colégio Militar de Juiz de Fora",2024,NA,"João gosta muito de suas aulas de Matemática. Ele pensou em um número que, ao ser dividido por 4, não sobra nada, se dividido por 5 sobram 2 unidades e ao ser dividido por 7 sobram 4 unidades. Em qual número João pensou?","28","32","35","30","40","b"
"0b9e7bb1-0b84-467c-a729-718f23c6c1a3","Matemática","VI - Medidas Geométricas","Colégio Militar de Juiz de Fora",2024,NA,"Guilherme queria calcular o peso de seu cordão de prata sem a utilização de uma balança. Para isso, ele elaborou o seguinte experimento: primeiramente, pegou um pequeno copo de vidro com formato de paralelepípedo, com base de 5 cm de largura por 5 cm de comprimento e altura  de 15 cm. Após isso, com a ajuda de uma régua, encheu o copo com água até a altura de 10 cm, mergulhou o cordão no copo e observou que o nível da água subiu para 10,5 cm. Sabendo que cada cm³ de prata pesa aproximadamente 10,5 gramas, qual o peso estimado do cordão?

  ![](1762269699_Captura de tela 2025-11-04 122130.png){width=300px}","131,25 g","127,25 g","125,25 g","130,25 g","144,25 g","a"
"224b3e19-c1ce-4498-9cf1-a1b8ccaccb44","Matemática","VI - Medidas Geométricas","Colégio Militar de Juiz de Fora",2024,NA,"Os polígonos A e B foram inseridos em uma malha quadriculada, conforme ilustrado na figura abaixo. Deseja-se criar dois novos polígonos, C e D, aplicando um fator de ampliação de 2 vezes sobre as medidas dos lados de A e B, respectivamente. Considerando que cada quadrado da malha tem 1 cm de lado, avalie as seguintes afirmações: 

  ![](1762269766_Captura de tela 2025-11-04 122239.png){width=300px} 

I) O perímetro de C terá o dobro do perímetro de A.
II) A área de D será o triplo da área de B.
III) O perímetro de D será 8 cm maior que o de C.
IV) O polígono D possuirá 36 cm².
V) A área de D será 18 cm² maior que a de C.

As afirmativas corretas sobre os novos polígonos C e D são:","II, III e IV","I, II e IV","I, III e IV"," I, III e V","Todas estão corretas","c"
"76d74638-43ec-4580-bbf4-f46b39dc6ad1","Matemática","VI - Medidas Geométricas","Colégio Militar de Juiz de Fora",2024,NA,"A caçamba de um caminhão, cujas dimensões estão descritas na figura abaixo, será preenchida com espigas de milho em dois quintos de sua capacidade. Considere que as espigas de milho possuem densidade de 720 kg por m³.

  ![](1762269838_Captura de tela 2025-11-04 122351.png){width=300px} 

Se cada espiga tem 180 g de massa, quantas espigas serão colocadas na caçamba do caminhão?","14 000","28 000","70 000","110 000","175 000","b"
"136a2a03-707c-4eda-b080-3920406ed94a","Português","CMJF - 2024/2025","Colégio Militar de Juiz de Fora",2024,NA,"  ![](1762269959_Captura de tela 2025-11-04 122548.png){width=300px} 
  ![](1762269998_Captura de tela 2025-11-04 122630.png){width=300px} 
  ![](1762270023_Captura de tela 2025-11-04 122657.png){width=300px} 
  ![](1762270047_Captura de tela 2025-11-04 122720.png){width=300px} 

O objetivo principal do Texto 1 é","evidenciar ao leitor a importância e a relevância da empatia em atitudes.","detalhar dois casos em que não se notaram comportamentos empáticos.","priorizar a manifestação empática dos alunos nos instantes finais do texto.","condenar situações em que não se percebam comportamentos empáticos.","justificar a importância da utilização dos óculos mágicos para ser empático.","a"
"cc84cc73-50e3-4be9-b231-264050c714f0","Português","CMJF - 2024/2025","Colégio Militar de Juiz de Fora",2024,NA,"De acordo com o Texto 1,","as crianças rapidamente começaram a acusar-se mutuamente, pois identificaram os verdadeiros ladrões entre os colegas.","o professor pediu que os alunos estivessem atentos nos dias seguintes, já que deveriam averiguar como a situação se repetia.","as crianças foram atrás da cadela, por descobrirem que o animal havia parido seis cãezinhos na floresta e precisava alimentá-los.","o professor foi conversar com os pais de um dos alunos, por estar preocupado com os atrasos e a diminuição do rendimento desse discente. ","as crianças passaram a usar os óculos mágicos, os quais demonstravam ações empáticas, por terem a visão das ideias do usuário refletidas neles.","d"
"45bf3238-4799-4894-b660-2d2e69802c0e","Português","CMJF - 2024/2025","Colégio Militar de Juiz de Fora",2024,NA,"No trecho “... as crianças se deram conta de que era uma cadela que entrava **sorrateiramente** na escola...” (l. 10 e l. 11 – Texto 1), a palavra destacada poderia ser substituída, mantendo-se o mesmo sentido, por","lentamente.","furtivamente.","morosamente.","delicadamente.","apreensivamente.","b"
"b43614e2-0469-4c54-9de3-5e681c443199","Português","CMJF - 2024/2025","Colégio Militar de Juiz de Fora",2024,NA,"No que diz respeito aos elementos essenciais da narrativa, no Texto 1, há","narrador personagem, o qual figura como expectador dos feitos narrados, perceptível pelo uso de 3ª pessoa.","narrador observador, o qual se posiciona durante toda a narrativa, perceptível em seus comentários opinativos.","delimitação espacial, a qual dialoga com as marcas temporais, presentes na caracterização dos personagens.","delimitação temporal, a qual pode ser percebida por advérbios de tempo, presentes em todos os parágrafos do texto.","enredo, o qual representa o guia para as ações dos personagens, perceptível na exploração da temática da empatia. ","e"
"2cf59d37-812d-467b-a67f-bc3655c32208","Português","CMJF - 2024/2025","Colégio Militar de Juiz de Fora",2024,NA,"A respeito dos recursos de coesão presentes no Texto 1, julgue as afirmações seguintes.

I. O pronome **lhes** (em “o professor, envaidecido com os seus meninos, disse-**lhes**” – l. 46) e o pronome **os** (em “punham-n**os** para serem capazes de ver as coisas com os olhos do outro” – l. 43) possuem, no texto, os mesmos elementos como referentes.
II. A palavra **cadela** (l. 10) foi substituída por dois vocábulos posteriormente, da mesma forma
que a palavra **cãezinhos** (l. 12).
III. O pronome **consigo** (em “e se perguntasse como seria a situação se fosse **consigo**” – l. 21) retoma o termo **outro** (l. 20).

Está(ão) correta(s)","apenas I.","apenas II.","apenas III.","apenas I e II.","apenas II e III.","b"
"0c6ef25c-cc6b-43a5-a973-958dace3f695","Português","CMJF - 2024/2025","Colégio Militar de Juiz de Fora",2024,NA,"  ![](1762270436_Captura de tela 2025-11-04 123349.png){width=300px} 

A respeito do uso dos sinais de pontuação na tirinha, é correto afirmar que","o emprego das aspas, nos três primeiros quadrinhos, tem a ver com a reprodução da opinião de Armandinho.","o uso das reticências, nos três primeiros quadrinhos, está relacionado à finalidade de supressão de texto anterior.","a utilização das aspas, nos três primeiros quadrinhos, vincula-se à ideia de transcrição do texto lido por Armandinho. ","as aspas, no primeiro quadrinho, deveriam aparecer somente delimitando a expressão “abrir a mente”, para chamar a atenção do leitor.","a vírgula, no quarto quadrinho, tem finalidade equivalente à da seguinte frase: “Empatia, compreensão e aceitação são essenciais”.","c"
"e25e5c86-ce16-41d0-a12c-19a1f52ab565","Português","CMJF - 2024/2025","Colégio Militar de Juiz de Fora",2024,NA,"Com base no segundo quadrinho da tirinha, no qual não aparece o personagem Armandinho, objetivou-se","ilustrar, pelas imagens, parte do sentido transmitido no texto lido por Armandinho.","destacar outros personagens que participam ativamente da conversa na tirinha.","questionar a ideia de empatia, por Armandinho ser substituído por diferentes indivíduos.","mostrar o interesse por outras culturas, para retratar o tema do preconceito.","enfatizar a opinião de Armandinho sobre indivíduos fisicamente iguais a si.","a"
"0b985989-6b74-4f75-b221-41fda3efa96e","Português","CMJF - 2024/2025","Colégio Militar de Juiz de Fora",2024,NA,"  ![](1762270557_Captura de tela 2025-11-04 123548.png){width=300px} 
  ![](1762270580_Captura de tela 2025-11-04 123613.png){width=300px} 

Observe a passagem do Texto 3 que pode ser interpretada como uma expressão de empatia.

“Eu te dei um pouco de entendimento, e você me deu um pouco de você.” (l. 12 e l. 13)

Levando-se em consideração que ditados populares indicam sentidos figurados, a passagem transcrita anteriormente pode ser relacionada, de modo oposto, ao ditado popular","“Águas passadas não movem moinhos”.","“Um dia é da caça; o outro é do caçador”.","“Pimenta nos olhos dos outros é refresco”.","“De grão em grão, a galinha enche o papo”.","“Água mole em pedra dura, tanto bate até que fura”.","c"
"be56f53e-725d-4cb1-91ff-d2d90e933e3c","Português","CMJF - 2024/2025","Colégio Militar de Juiz de Fora",2024,NA,"Sobre os elementos linguísticos que compõem o Texto 3, julgue as afirmações.

I. Em “**Logo**, a boneca de sal timidamente encostou no mar...” (l. 8), o vocábulo logo apresentaria emprego similar se fosse deslocado, nessa frase, para depois de encostou.
II. Nas passagens “**mas também** sentiu que acabara de perder o pé” (l. 9) e “**mas ainda** faltava algo” (l. 16), as expressões destacadas representam sentidos distintos.
III. Em “**Após** peregrinar por terras áridas...” (l. 1) e ”... **antes** de diluir-se completamente na água...’” (l. 18), os vocábulos após e antes delimitam valores semânticos de tempo. 

Está(ão) correta(s)","apenas I.","apenas II.","apenas III.","apenas I e III.","apenas II e III.","e"
"3f36e385-a712-48c5-ad48-c70800730866","Português","CMJF - 2024/2025","Colégio Militar de Juiz de Fora",2024,NA,"**Laços**
Nando Reis

Quem cuida com carinho de outra pessoa
Se importa com alguém que nem conheceria
Quem abre o coração e ama de verdade
Se doa simplesmente por humanidade
Se coloca no lugar do outro, sente empatia
Você que vai à luta e segue sempre em frente
Enfrenta os desafios que o destino traz
A vida é preciosa, todo mundo sente
Afeto e compaixão a gente sempre entende
Máximo respeito a você que faz

Laços de ternura e aliança
Hão de ser a diferença
O impossível pode acontecer

Só amor é capaz de dar a vida
E encontrar uma saída
Pra esperança vir de novo a cada novo amanhecer

**Nos textos 3 e 4, é possível perceber a abordagem do tema “empatia” em determinados momentos. Leia o quadro abaixo, com pares de frases retiradas desses textos.**

  ![](1762270802_Captura de tela 2025-11-04 123955.png){width=300px} 

**O(s) par(es) em que há semelhança na abordagem do tema “empatia” é(são)**","apenas I.","apenas II.","apenas III","apenas I e II.","apenas II e III.","a"
"60b1e349-856e-4942-84fe-91602e9c8fef","Português","CMJF - 2024/2025","Colégio Militar de Juiz de Fora",2024,NA,"Quanto à tonicidade das palavras retiradas do Texto 4, é correto afirmar que","“máximo” deve ser classificada como proparoxítona, pelo fato de a sílaba tônica ser a penúltima da palavra.","“conheceria” e “empatia” têm de ser categorizadas como palavras paroxítona e oxítona, respectivamente.","“frente” e “entende” são oxítonas, já que as sílabas finais “te” e “de”, respectivamente, são as mais fortes na pronúncia.","“amanhecer” e “coração” são palavras cujas sílabas tônicas estão presentes na última sílaba de cada uma, sendo, pois, oxítonas.","“alguém” e “é” são acentuadas, por apresentarem a última sílaba como tônica em relação às demais, sendo, por conseguinte, oxítonas.","d"
"c9fd4798-2085-4975-9e24-d32b206af8b0","Português","CMJF - 2024/2025","Colégio Militar de Juiz de Fora",2024,NA,"  ![](1762270951_Captura de tela 2025-11-04 124223.png){width=300px} 

Sobre as ilustrações presentes no Texto 5, pode-se afirmar que","complementam as ideias presentes no texto em cada item abordado, pois apresentam uma versão distinta para o que foi inicialmente enunciado.","destacam a relevância do texto não verbal sobre o texto verbal, já que as imagens, neste tipo de texto, tornam desnecessário o enunciado.","introduzem o que será discutido durante o texto, a fim de antecipar a abordagem temática a ser negada posteriormente às imagens.","cumprem a função de deixar o texto mais apresentável e atrativo, para que se desperte o interesse de mais pessoas por lê-lo.","introduzem dicas aos leitores que demonstram interesse pelo tema desse gênero textual, a fim de confundi-los sobre ele.","d"
"da8ca2ec-8606-411d-a8dc-18de38ea0dee","Português","CMJF - 2024/2025","Colégio Militar de Juiz de Fora",2024,NA,"Ainda sobre as ilustrações presentes no Texto 5, julgue os itens.

I. O martelo (dica 1) representa, de modo mais direto, a palavra “pré-conceitos” (dica 1).
II. O muro (dica 1), grafado com a palavra “pré-conceitos”, representa um empecilho que vai de encontro à proposição principal do texto.
III. O aperto de mãos (dica 2) se vincula, mais especificamente, à palavra “conexões” (dica 2).
IV. A noção de desaprovação (dica 5) é representada, exclusivamente, por um elemento não verbal – a imagem do menino cortado por um “X”.

Estão corretas
","apenas II e IV.","apenas I, II e III.","apenas II e III.","apenas I, III e IV.","apenas II, III e IV.","c"
"5565b678-4a70-47b9-9b8e-22b657e1fa51","Português","CMJF - 2024/2025","Colégio Militar de Juiz de Fora",2024,NA,"A respeito dos elementos relacionados à linguagem do Texto 5, é fato que","a preposição “para”, presente no título, sinaliza a causa da importância de se seguir as 6 dicas para desenvolver a empatia com o objetivo de ser um grande comunicador.","os pronomes “algo” e “alguém”, presentes na dica 3, não apresentam referentes específicos, relacionando-se, por sua vez, a elementos indeterminados, imprecisos.","o vocábulo “muro”, presente na primeira dica, foi empregado em sentido não figurado, a fim de estabelecer conexão entre a imagem e o sugerido ao leitor pelo texto.","a palavra “livre”, presente na segunda dica, apresenta, como possíveis sinônimos, “negligente” e “autônomo”, os quais não alterariam o sentido daquela textualmente","os verbos no modo imperativo, presentes nas dicas do texto (“livre”, “crie”, “elogie”, “faça”, “compare” e “converse”), cumprem a finalidade de indicar determinação.","b"
"e83d7a53-9661-403c-a00c-98dbda3398ff","Português","CMJF - 2024/2025","Colégio Militar de Juiz de Fora",2024,NA,"  ![](1762271259_Captura de tela 2025-11-04 124731.png){width=300px} 
  ![](1762271282_Captura de tela 2025-11-04 124756.png){width=300px} 
  ![](1762271334_Captura de tela 2025-11-04 124846.png){width=300px} 
  ![](1762271369_Captura de tela 2025-11-04 124921.png){width=300px} 

**Narcisismo:** adoração de si mesmo.

 Observe a passagem, extraída do Texto

“A cada pequeno gesto diário, a cada decisão que tomamos, estamos interferindo na vida alheia: sejamos mais empáticos que simpáticos.” – l. 32, l. 33 e l. 34

Na passagem anterior, é possível notar uma relação semântica (de sentido) entre os enunciados, separados por dois-pontos. Reescrevendo a frase, a única alternativa abaixo que mantém o sentido presente no trecho é:","A cada pequeno gesto diário, a cada decisão que tomamos, estamos interferindo na vida alheia; entretanto, sejamos mais empáticos que simpáticos.","A cada pequeno gesto diário, a cada decisão que tomamos, estamos interferindo na vida alheia; portanto, sejamos mais empáticos que simpáticos.","A cada pequeno gesto diário, a cada decisão que tomamos, estamos interferindo na vida alheia, todavia sejamos mais empáticos que simpáticos.","A cada pequeno gesto diário, a cada decisão que tomamos, estamos interferindo na vida alheia; contudo, sejamos mais empáticos que simpáticos.","A cada pequeno gesto diário, a cada decisão que tomamos, estamos interferindo na vida alheia, não obstante sejamos mais empáticos que simpáticos.","b"
"035d302d-501d-4487-b196-9b052ef7c5cd","Português","CMJF - 2024/2025","Colégio Militar de Juiz de Fora",2024,NA,"No segundo parágrafo do Texto, o questionamento “Nada impede?” cumpre a função de","antecipar a ressalva a ser contemplada e esclarecida posteriormente no texto.","realizar uma pergunta a ser respondida pelo leitor durante sua leitura do texto.","negar a veracidade do enunciado expresso em seguida, defendido textualmente.","indicar consentimento a respeito de informação transmitida no parágrafo anterior.","condenar uma ideia a ser discutida posteriormente pela autora no decorrer do texto.","a"
"18ffe57a-bc69-47f0-acb3-639bb260abff","Português","CMJF - 2024/2025","Colégio Militar de Juiz de Fora",2024,NA,"Observe o trecho destacado do Texto 6.

“... enfim, aquelas **‘coisinhas’** que são feitas no automático sem pensar que há alguém do outro lado do balcão que irá se sentir prejudicado ou magoado.” – l. 26 e l. 27

No trecho, percebe-se o uso do diminutivo na palavra “coisinhas”, com determinado sentido. 
Porém, não se nota o mesmo tipo de emprego semântico em:","Ele é poliglota, mas ela ainda está na **aulinha** de inglês.","Não suporto mais este **assuntozinho** sem importância.","Tive de me conter no trato com aquela **empregadinha**.","Conheci o **franguinho** da academia em que malharei."," O menino bagunçou a casa inteira. Que **amorzinho**!","e"
"10c6b5fe-a452-4285-a255-1fe7cbc194d2","Português","CMJF - 2024/2025","Colégio Militar de Juiz de Fora",2024,NA,"Sinônimos são vocábulos de significado similar. De posse dessa informação, considerando os sentidos das palavras extraídas do Texto 6, a única alternativa que apresenta uma relação de sinonímia possível é","empatia (l. 02) – desprezo.","ignorância (l. 15) – percepção.","barbárie (l. 38) – transformação.","narcisismo (l. 08) – empolgação.","polidez (l. 31) – cortesia.","e"
"9a96fd0b-1315-48b5-9475-e1ace40c8980","Português","CMJF - 2024/2025","Colégio Militar de Juiz de Fora",2024,NA,"Levando-se em consideração informações explícitas e implícitas presentes no Texto 6, é correto afirmar que","o motivo de as pessoas serem empáticas tem a ver com o fato de se preocuparem em ser simpáticas.","a interferência na vida alheia se restringe, de fato, a cada pequeno gesto diário, a cada decisão a ser tomada.","a ênfase nos próprios interesses, em detrimento do bem público, legitima uma postura considerada de mau-caráter.","a compreensão do modo como alguém se comporta é o que determina a existência de sintonia entre pessoas.","a estreiteza da essência de uma pessoa tem a ver com a busca contundente pela ampliação de seu horizonte.","c"
"e2539d46-ea70-4f74-bdb6-5e7053de7954","Português","CMJF - 2024/2025","Colégio Militar de Juiz de Fora",2024,NA,"  ![](1762271711_Captura de tela 2025-11-04 125504.png){width=300px} 
  ![](1762271747_Captura de tela 2025-11-04 125540.png){width=300px} 

Depois de ler os textos da questão, julgue as afirmações a seguir, a respeito das linguagens verbais e não verbais do Texto 7.

I. As palavras “endereço”, “mundo” e “lugar” foram selecionadas pelo autor do texto para representar um mesmo campo semântico (significativo).
II. Há, no Texto 7, dois elementos visuais que estabelecem relação com a palavra “mundo”.
III. O vocábulo “lugar” teve seu sentido ampliado ao ser especificado por “do outro”.
IV. Pelo fato de os personagens do Texto 7 estarem ajoelhados, há a simbologia da devoção religiosa – essencial para a composição de sentido textual.

Estão corretas","apenas I e II.","apenas II e III.","apenas II, III e IV.","apenas I, II e III.","todas estão corretas.","d"
"7a1cf2d4-e12a-417d-88d6-57c655f275d8","Matemática","II - As 4 Operações","Colégio Militar de Porto Alegre",2024,NA,"Os anéis (ou aros) olímpicos formam o símbolo mais reconhecido das Olimpíadas. Esse símbolo consiste de cinco anéis circulares entrelaçados, como ilustra a Figura 1 abaixo. Eles simbolizam a união dos cinco continentes, sendo cada um deles representado por um anel de cor diferente: o azul representa a Europa, o amarelo a Ásia, o preto a África, o verde a Oceania e o vermelho a América. 

  ![](1762281016_Captura de tela 2025-11-04 152957.png){width=300px} 

Com a finalidade de decorar um ambiente para o período das Olimpíadas, anéis olímpicos luminosos foram dispostos em forma de uma corrente, ao longo de uma parede comprida, como na Figura 2, sempre respeitando a seguinte sequência de cores:

Azul - Amarelo - Preto - Verde - Vermelho - Azul - Amarelo - Preto - Verde - Vermelho - Azul - ... 

  ![](1762281169_Captura de tela 2025-11-04 153231.png){width=300px} 

Foi constatado, no entanto, um defeito na corrente de anéis luminosos: os três primeiros anéis acendiam corretamente e o quarto permanecia apagado. Esse comportamento se repetiu ao longo de toda a corrente: sempre a cada três anéis acesos, o seguinte permanecia apagado.

De acordo com o descrito acima, È correto afirmar que o 2024º anel da corrente era de cor ","azul e estava aceso","verde e estava apagado","amarela e estava aceso","azul e estava apagado","verde e estava aceso","b"
"fea05cc5-9c54-4b70-8569-1eb6a0266f03","Matemática","I - Sistema de Numeração","Colégio Militar de Porto Alegre",2024,NA,"  ![](1762281305_Captura de tela 2025-11-04 153458.png){width=300px} 

A escolha da cidade que ir· sediar os Jogos Olímpicos é sempre um momento muito aguardado. Igualando-se à cidade de Londres, os Jogos Olímpicos já foram realizados em Paris em três diferentes anos: **1900, 1924** e, mais recentemente, **2024**.

Utilizando somente os algarismos que aparecem na escrita dos anos destacados em negrito acima, e sem considerar repetições, é possível formar números de cinco algarismos diferentes. Considerando o maior desses números, È correto afirmar que ","o algarismo 9 pertence à classe dos milhões.","sua quarta ordem é ocupada pelo algarismo 1. ","a ordem das unidades de milhar é ocupada pelo algarismo 0","o valor absoluto do algarismo que ocupa a primeira ordem é 1","o valor relativo do algarismo que ocupa a terceira ordem é 200. ","e"
"80a48ae8-87ad-44a8-94d3-abc845b4dd42","Matemática","V - Números Decimais","Colégio Militar de Porto Alegre",2024,NA,"Assistir presencialmente a uma competição olímpica pode ser muito legal!

O anúncio abaixo informa os dois tipos de desconto que foram oferecidos na compra de ingressos para um jogo de basquete dos Jogos Olímpicos:

![](1762282162_Captura de tela 2025-11-04 154915.png){width=300px} 

Uma família, composta por um pai de 45 anos, uma mãe de 42 anos, um filho estudante de 11 anos e um avô de 73 anos, foi assistir a um desses jogos. Para isso, cada um deles comprou um ingresso, utilizando um dos descontos oferecidos, caso tivessem direito. 

Nessa situação, qual foi o percentual total de desconto obtido por essa família na compra de todos os ingressos? ","81,25%"," 75%","32,5%","25%","18,75%","e"
"03daae83-4f37-4eb6-9184-48d13eb16a69","Matemática","V - Números Decimais","Colégio Militar de Porto Alegre",2024,NA,"A cada edição dos Jogos Olímpicos, há uma grande expectativa em relação a como serão as medalhas, objeto de desejo de todo atleta. Na edição de 2024, as medalhas olímpicas de ouro, prata e bronze foram projetadas para exibirem elementos que fazem referência à cidade de Paris. Uma das características mais interessantes dessas medalhas é a presença, na face frontal de cada medalha, de um hexágono de 18 gramas, composto de ferro extraído da Torre Eiffel.

Além do ferro presente em todas as medalhas, cada medalha de ouro é composta de 505 gramas de prata e 6 gramas de ouro; cada medalha de prata é composta de 507 gramas desse metal; e cada medalha de bronze é composta de 415 gramas de cobre e 22 gramas de zinco.

 ![](1762282331_Captura de tela 2025-11-04 155204.png){width=300px} 

Em uma mala contendo apenas medalhas dos Jogos Olímpicos de 2024, sabe-se que há exatamente:

- 522 gramas de ferro;
- 42 gramas de ouro;
- 4,15 quilogramas de cobre;
- 0,22 quilograma de zinco.

Com base nessas informações, é possível afirmar que a quantidade de prata contida nas medalhas que estavam nessa mala está entre ","6 kg e 7 kg","7 kg e 8 kg","8 kg e 9 kg","9 kg e 10 kg","10 kg e 11 kg","d"
"0917de7a-a830-47e3-971e-776b7ac13039","Matemática","I - Sistema de Numeração","Colégio Militar de Porto Alegre",2024,NA,"As medalhas olímpicas costumam ter em seu verso a indicação, em algarismos romanos, do número da edição dos jogos a que se referem. No verso das medalhas dos jogos de 2024, por exemplo, há a seguinte inscrição em francês:

 ![](1762282743_Captura de tela 2025-11-04 155855.png){width=300px} 

**""Jeux de la XXXIII Olympiade – Paris 2024""**

Essa expressão significa ""Jogos da 33ª Olimpíada – Paris 2024"".

Assumindo que, daqui em diante, os Jogos Olímpicos venham a ocorrer sempre a cada quatro anos, considere os números referentes às edições dos Jogos Olímpicos dos próximos 30 anos, escritos em algarismos romanos.

Quantos deles terão, no máximo, dois algarismos romanos diferentes em sua escrita? ","Quatro","Três","Dois ","Um","Nenhum","b"
"e3be84ae-669b-44a3-8076-06a0d8c32fb1","Matemática","III - Múltiplos e Divisores","Colégio Militar de Porto Alegre",2024,NA,"Um dos grandes desafios de quem assistiu às Olimpíadas pela televisão foi administrar os horários para acompanhar as modalidades nas quais os atletas brasileiros estavam competindo, pois muitas vezes havia mais de uma prova, de modalidades diferentes, ocorrendo ao mesmo tempo.

Sabe-se que, em determinado dia, a diferença de tempo entre lutas consecutivas envolvendo atletas de judô brasileiros foi sempre de 28 minutos. Além disso, a diferença de tempo entre corridas envolvendo corredores brasileiros foi sempre de 24 minutos.

Considere que, nesse mesmo dia, judocas (atletas de judô) e corredores brasileiros competiram simultaneamente às 10h 52min. Qual foi o primeiro horário, após as 17h desse dia, em que algum judoca e algum corredor brasileiros competiram simultaneamente?","17h 16min ","18h 04min","19h 16min","20h 12min","22h 04min","c"
"063d49c3-3daf-40e3-b62b-8f31d98b719f","Matemática","V - Números Decimais","Colégio Militar de Porto Alegre",2024,NA,"Diferentes lugares do mundo possuem horários diferentes, devido aos chamados Fusos Horários. Em um mesmo instante, o horário em qualquer região do mapa ao lado está adiantado em relação ao horário de regiões à esquerda.

  ![](1762283140_Captura de tela 2025-11-04 160527.png){width=300px} 

As provas de surf das Olimpíadas de 2024 foram realizadas em Teahupo'o, no Taiti, uma ilha da Polinésia Francesa, localizada no Oceano Pacífico e distante mais de 15.000 km de Paris. Por essa razão, num mesmo instante, os relógios em Teahupo'o marcam 12 horas a menos do que em Paris, e os relógios em Paris marcam 5 horas a mais do que os relógios em Porto Alegre.

Uma prova estava marcada para iniciar oficialmente em determinado horário, segundo os relógios de Paris. Porém, essa prova foi adiada e iniciou às 19h 13min, no horário de Teahupo'o. Se a prova tivesse iniciado às 19h 13min no horário de Porto Alegre, ela teria começado 171 minutos antes do horário oficialmente marcado.

Assinale a alternativa que contém o horário oficialmente marcado para a realização da prova, nos relógios de Teahupo'o.","  ![](1762283178_Captura de tela 2025-11-04 160609.png){width=300px} ","  ![](1762283196_Captura de tela 2025-11-04 160628.png){width=300px} ","  ![](1762283214_Captura de tela 2025-11-04 160648.png){width=300px} ","  ![](1762283235_Captura de tela 2025-11-04 160706.png){width=300px} ","  ![](1762283252_Captura de tela 2025-11-04 160725.png){width=300px} ","e"
"071e7d9c-0736-4d01-a10b-3d241d812810","Matemática","VI - Medidas Geométricas","Colégio Militar de Porto Alegre",2024,NA,"A ginasta Rebeca Andrade é fenômeno no Brasil e no mundo. Tendo participado de apenas duas edições dos Jogos Olímpicos, ela é a atleta brasileira que possui o maior número de medalhas olímpicas da história.

Nos Jogos de Paris 2024, Rebeca conquistou medalha de ouro na modalidade Solo da Ginástica Artística, que consiste em uma apresentação com acrobacias e piruetas ao longo de um tablado quadrado, com lado medindo 12 metros.

  ![](1762283389_Captura de tela 2025-11-04 160942.png){width=300px} 

Na figura abaixo, sobre uma malha quadriculada, está ilustrado um tablado de ginástica artística. Nele, uma atleta realiza uma apresentação de Solo, iniciando no ponto A, percorrendo as linhas que conectam os pontos, em ordem alfabética, e terminando no ponto H.

Qual é a área da região pintada de cinza na figura?

  ![](1762283509_Captura de tela 2025-11-04 161139.png){width=300px} ","$18 \text{ m}^2$","$22 \text{ m}^2$","$36 \text{ m}^2$","$44 \text{ m}^2$","$87 \text{ m}^2$","c"
"ddc89bb9-b121-4579-8c68-c635073d6189","Matemática","VII - Tratamento da Informação","Colégio Militar de Porto Alegre",2024,NA,"Na ginástica artística, as notas finais de cada apresentação são dadas pela soma de duas notas parciais: a nota por dificuldade (D) e a nota por execução (E). Os critérios para cada uma delas são os seguintes:

- Nota D: dada através do consenso entre dois juízes e baseada no índice de dificuldade da apresentação.
- Nota E: média aritmética entre três das cinco notas de execução atribuídas individualmente por cinco juízes (são desconsideradas a maior e a menor delas).

Considere que $E_1, E_2, E_3, E_4$ e $E_5$ sejam as notas de execução atribuídas pelos cinco juízes, individualmente. Em uma competição com cinco atletas (nomeadas por $A_1, A_2, A_3, A_4$ e $A_5$), suponha que todas elas já tenham concluído suas apresentações. Resta, no entanto, ser revelada a nota $E_5$ da última atleta. Os resultados parciais constam na tabela abaixo.

![](1762283845_Captura de tela 2025-11-04 161717.png){width=300px} 

Para que a competição termine sem empates e a atleta $A_5$ conquiste o $2^{\text{o}}$ lugar, sem receber notas de execução repetidas, o valor da nota $E_5$ deverá ser  ","maior do que 6,599 e menor do que 7,601.","maior do que 7,701. ","maior do que 6,501 e menor do que 6,599. ","menor do que 6,499. ","maior do que 7,601 e menor do que 7,699. ","a"
"530ca1b0-db66-4250-a520-bf9759ec0edc","Matemática","IV - Frações","Colégio Militar de Porto Alegre",2024,NA,"Um dos principais objetivos do comitê organizador dos Jogos Olímpicos de Paris foi incentivar ações para promover hábitos saudáveis. Por esse motivo, essas foram as primeiras Olimpíadas sem opções de fast-food, como hambúrguer e batata frita, nos alojamentos dos atletas. Além disso, a redução do consumo de carne animal também foi incentivada nesses jogos, que contaram com a oferta de diversas opções vegetarianas em seus restaurantes.

Considere que o número de integrantes da delegação de certo país seja igual a 120, sendo 60% homens e 40% mulheres. Dentre as mulheres, $\frac{3}{8}$ são vegetarianas, enquanto apenas $\frac{2}{9}$ dos homens fizeram a mesma opção.

Em determinado dia, almoçaram juntos 25% do total de mulheres e 50% de todos os integrantes vegetarianos dessa delegação. Sabendo que quatro das mulheres que estavam almoçando não eram vegetarianas, qual a quantidade de homens vegetarianos da delegação que foram almoçar juntos no dia mencionado?","4","8","9","12","15","c"
"69b6e94a-a719-45bc-9394-5716687311ba","Matemática","VII - Tratamento da Informação","Colégio Militar de Porto Alegre",2024,NA,"Rayssa Leal, conhecida como a ""fadinha do skate"", tornou-se a mais jovem medalhista olímpica brasileira, por conquistar aos 13 anos de idade, em 2021, uma medalha olímpica de prata.

Nos Jogos de Paris 2024, já com 16 anos de idade, Rayssa segue sendo a mais jovem dentre as atletas que competiram nas modalidades Skate Park e Skate Street. Nas categorias de skate do sexo feminino, disputaram as Olimpíadas as seis atletas abaixo:

- Dora Varella
- Gabriela Mazetto
- Isadora Pacheco
- Pâmela Rosa
- Raicca Ventura
- Rayssa Leal

 ![](1762284091_Captura de tela 2025-11-04 162123.png){width=300px} 

Durante os jogos de Paris 2024, desconsiderando a atleta mais jovem do grupo acima, a média aritmética das idades das outras cinco era de 22 anos. Por outro lado, se considerarmos o grupo completo, com as seis atletas, pode-se afirmar que a nova média aritmética das idades, comparando com a média aritmética anterior, ","aumenta em 0,5 ano","aumenta em 1 ano.","aumenta em 1,5 anos","diminui em 1 ano.","diminui em 1,5 anos. ","d"
"5654b4d6-a746-48a2-9f26-9b39a425a204","Matemática","V - Números Decimais","Colégio Militar de Porto Alegre",2024,NA,"As piscinas olímpicas utilizadas para as provas de natação devem ter 50 metros de comprimento, 25 metros de largura e água atingindo, no mínimo, 2 metros de profundidade.

  ![](1762284248_Captura de tela 2025-11-04 162359.png){width=300px} 

Considere que a profundidade de uma piscina olímpica, quando vazia, seja de $2,4$ metros e que ela já esteja com água até $25\%$ de sua capacidade. A fim de colocá-la em condições de uso para os Jogos Olímpicos de Paris, é necessário colocar mais água na piscina. Para isso, serão acionadas algumas torneiras. Inicialmente, serão acionadas 50 torneiras com vazão de 15 litros por minuto cada. Após 12 horas, outras 50 torneiras também serão acionadas, cada uma delas com $\frac{5}{3}$ da vazão das anteriores.

Desde o momento em que foram acionadas, nenhuma das torneiras teve sua vazão modificada. Sabendo que $1 \text{ m}^3$ corresponde a $1000$ litros de água, qual será o tempo mínimo necessário, a partir do início do processo de enchimento, para que a piscina esteja em condições de ser utilizada nos Jogos Olímpicos?","32 horas","28 horas e 08 minutos ","22 horas e 05 minutos","16 horas e 08 minutos","12 horas e 05 minutos","c"
"747ba739-cb92-446b-b7c1-70bde4cc8b21","Matemática","II - As 4 Operações","Colégio Militar de Porto Alegre",2024,NA,"A atleta de judô Bia Souza foi a primeira brasileira a conquistar uma medalha de ouro nas Olimpíadas de 2024. Além disso, ela é a primeira mulher brasileira estreante a se tornar campeã em uma prova individual de Jogos Olímpicos.[Imagem: Judoca Bia Souza. 

  ![](1762284622_Captura de tela 2025-11-04 163015.png){width=300px} 

Além de Bia, outros três atletas do judô conquistaram uma medalha nas Olimpíadas deste ano, tornando o Brasil o quinto país com maior número de medalhas na modalidade, com o total de 28. Dessa forma, o Brasil fica atrás somente do Japão, da França, da Coreia do Sul e de Cuba, com 104, 67, 50 e 37 medalhas cada um, respectivamente.

Considere as operações entre dois números definidas a seguir:

- $\ominus$ fornece o resto da divisão entre dois números. Por exemplo, $27 \ominus 5 = 2$.
- $\otimes$ fornece o algarismo das unidades do produto entre dois números. Por exemplo, $12 \otimes 3 = 6$.
- $\square$ fornece o primeiro múltiplo de 10 maior do que a diferença entre dois números. Por exemplo, $74 \square 32 = 50$.

Utilizando as quantidades de medalhas olímpicas de judô dos cinco países citados, efetue:

$$[ (\text{""medalhas do Japão""} \ \square \ \text{""medalhas da França""}) \ \ominus \ \text{""medalhas da Coreia do Sul""} ] \ \square \ [ (\text{""medalhas do Brasil""} \ \otimes \ \text{""medalhas de Cuba""}) ]$$

O resultado é igual a","0","1","2","3","4","a"
"f1c4ba4a-f5f6-4fef-b38c-7473b5e755f5","Matemática","VI - Medidas Geométricas","Colégio Militar de Porto Alegre",2024,NA,"Um dos grandes pontos turísticos da cidade-sede dos Jogos Olímpicos deste ano é o Museu do Louvre. No pátio desse museu, é possível observar a presença de uma grande pirâmide de base quadrada, cercada por outras três menores, todas elas construídas em vidro e metal. É na maior das quatro pirâmides que se localiza a entrada do museu.

![](1762284768_Captura de tela 2025-11-04 163241.png){width=300px} 

Na imagem abaixo, encontra-se uma representação da maior pirâmide, gerada por meio do empilhamento de cubos iguais, formando um sólido geométrico.

  ![](1762284798_Captura de tela 2025-11-04 163310.png){width=300px} 

Suponha que alguns cubos tenham sido removidos da representação acima, de modo que o novo sólido tenha as seguintes vistas frontal, lateral e superior, respectivamente:

  ![](1762284825_Captura de tela 2025-11-04 163338.png){width=300px} 

Qual a quantidade de cubos que foi removida da representação inicial da pirâmide?","29","34","40","50","57","d"
"0e8d6be6-cc39-43af-9fc9-539b158a874d","Matemática","VII - Tratamento da Informação","Colégio Militar de Porto Alegre",2024,NA,"O futebol é o esporte mais praticado no mundo e foi também uma modalidade esportiva disputada nos Jogos Olímpicos de Paris. Um dos times que estava na disputa apresentou uma característica interessante: os seus goleiros usavam camisetas com números compostos apenas pelo algarismo 1; já os atacantes, usavam camisetas com números múltiplos de 6; os meio-campistas, números múltiplos de 7; os laterais, números múltiplos de 8; e, finalmente, os zagueiros, números múltiplos de 9.

Na figura abaixo estão ilustradas as camisetas dos jogadores reservas do time.

![](1762284924_Captura de tela 2025-11-04 163517.png){width=300px} 

O técnico do time irá escolher algum dos reservas para substituir um jogador machucado.

Qual a probabilidade de o jogador escolhido ser um atacante?","20%","30%","40%","50%","60%","a"
"19a3f311-2fa8-46e7-a198-3234d142ad96","Matemática","VI - Medidas Geométricas","Colégio Militar de Porto Alegre",2024,NA,"Na tabela abaixo, estão ilustradas três figuras geométricas, semelhantes a elementos que
foram vistos ao longo dos Jogos Olímpicos de Paris 2024. 

  ![](1762285078_Captura de tela 2025-11-04 163749.png){width=300px} 

Qual é o resultado da soma entre a quantidade de faces da Figura 1, de vértices da Figura 2
e de lados da Figura 3?","19","21","22","24","25","b"
"f7b084ad-969c-4bdb-af6b-50050fde6cc1","Matemática","VI - Medidas Geométricas","Colégio Militar de Porto Alegre",2024,NA,"O boxe também rendeu ao Brasil uma medalha de bronze nos Jogos Olímpicos de Paris, conquistada por Beatriz Ferreira. Essa modalidade olímpica é disputada em um ringue no formato de um quadrado de $36 \text{ m}^2$.

Além disso, o ringue de boxe é cercado por 4 voltas de corda, paralelas à base, sem sobreposição e igualmente espaçadas, conforme a Figura 1.

Considere o comprimento total das 4 cordas juntas, desprezando a espessura delas e também dos postes que as sustentam. Com essa mesma quantidade de corda, é possível cercar um outro ringue quadrado, com o dobro de voltas do primeiro, conforme a Figura 2.

![](1762285452_Captura de tela 2025-11-04 164334.png){width=300px} 

A área do ringue da Figura 2 é igual a ","$3 \text{ m}^2$","$9 \text{ m}^2$","$12 \text{ m}^2$","$16 \text{ m}^2$","$18 \text{ m}^2$","b"
"ae20518b-5e58-4c7e-aa2c-f7e5baa6af60","Matemática","VII - Tratamento da Informação","Colégio Militar de Porto Alegre",2024,NA,"O gráfico de barras a seguir apresenta a quantidade de medalhas de ouro, de prata e de bronze conquistadas pelo Brasil em Jogos Olímpicos, em diferentes modalidades esportivas, desde 1900 até 2024.

 ![](1762285772_Captura de tela 2025-11-04 164920.png){width=300px} 

A respeito das informações contidas no gráfico, é possível afirmar que ","$\frac{3}{2}$ das medalhas conquistadas na natação correspondem a $\frac{1}{3}$ das medalhas de bronze conquistadas na vela.","a soma dos números de medalhas de ouro e de bronze conquistadas no boxe com o número de medalhas de prata conquistadas na ginástica representa $\frac{4}{7}$ das medalhas conquistadas no vôlei de praia.","o número de medalhas de prata conquistadas no vôlei de praia é maior do que $\frac{2}{5}$ do total de medalhas conquistadas no atletismo.","$\frac{2}{7}$ das medalhas conquistadas no judô correspondem à soma do número de medalhas de prata conquistadas no futebol com o número de medalhas de bronze conquistadas na ginástica.","das medalhas de prata conquistadas em todas as modalidades, $\frac{5}{6}$ delas representam mais do que $\frac{3}{2}$ do total de medalhas das cinco modalidades com menor número total de medalhas.","d"
"2f310679-4872-4ec6-b471-de91ee32284b","Matemática","II - As 4 Operações","Colégio Militar de Porto Alegre",2024,NA,"Logo após cada edição dos Jogos Olímpicos, são disputados os Jogos Paralímpicos (ou Paralimpíadas). Nesses jogos, atletas com deficiência disputam medalhas em diversas modalidades esportivas.

No quadro abaixo, são apresentadas as quantidades de medalhas conquistadas pelo Brasil nas cinco últimas edições dos Jogos Paralímpicos.

![](1762286042_Captura de tela 2025-11-04 165347.png){width=300px} 

Com base nas informações acima, preencha com V os parênteses das afirmações verdadeiras e com F os parênteses das afirmações falsas.

( ) O ano em que o Brasil conquistou o menor número total de medalhas foi o mesmo ano em que o país conquistou o maior número de medalhas de ouro.
( ) O total de medalhas de prata das últimas cinco edições é maior do que o total de medalhas de ouro conquistadas nessas mesmas edições.
( ) O total de medalhas conquistadas nos jogos do Rio de Janeiro foi maior do que o total conquistado nos jogos de Tóquio.

A alternativa que contém a sequência que preenche corretamente os parênteses, de cima para baixo, é  ","V V F","V F V","F F V","V F F","F V F","e"
"8b2a78b4-e873-4893-9a15-9bd0b036e2f6","Matemática","VI - Medidas Geométricas","Colégio Militar de Porto Alegre",2024,NA,"O clima olímpico já deixa saudade... Por isso, uma pessoa que mora em Paris e vivenciou as Olimpíadas deste ano deseja repetir a experiência e ir a Los Angeles, próxima cidade-sede dos Jogos Olímpicos, em 2028.

Dentre as opções de transporte aéreo disponíveis, no mapa abaixo estão representadas duas delas.

Opção 1: viagem direta de Paris a Los Angeles, em voo único.
Opção 2: viagem com parada no Panamá, composta por um voo de Paris ao Panamá e outro do Panamá a Los Angeles.

![](1762286226_Captura de tela 2025-11-04 165659.png){width=300px} 

O voo de Paris ao Panamá percorre uma distância de $870.000$ decâmetros. O voo do Panamá até Los Angeles tem duração de 6 horas, e o avião utilizado percorre $800$ quilômetros a cada hora.

Qual a distância percorrida, em hectômetros, na Opção 1, sabendo que ela equivale a $\frac{2}{3}$ da distância percorrida na Opção 2?  "," 9.000","13.500","90.000","119.000","135.000","c"
"dc50bb67-8ead-4a51-b4f9-e80d3d450c92","Português","CMPA - 2024/2025","Colégio Militar de Porto Alegre",2024,NA,"  ![](1762286307_Captura de tela 2025-11-04 165809.png){width=300px} 
  ![](1762286343_Captura de tela 2025-11-04 165848.png){width=300px} 
  ![](1762286367_Captura de tela 2025-11-04 165921.png){width=300px} 
  ![](1762286404_Captura de tela 2025-11-04 165957.png){width=300px} 

Considerando a leitura e a estrutura do texto 1, È correto afirmar que

","na apresentação, há a descoberta da primeira ideia da vida do Rei, que o deixou maravilhado, mas também, naquele momento, apavorado.","o elemento causador do conflito é o temor do Rei de que a sua ideia fosse roubada da sala acolchoada.","o clímax se dá quando o Rei reencontra a ideia, ainda adormecida; como naquele dia, uma ideia menina.","a conclusão da história se dá com a demissão do Rei e a sua busca pela ideia que o esperava, ansiosa, na Sala do Sono.","o desfecho da narrativa apresenta o Rei, já aposentado, levando a ideia toda azul novamente para a Sala do Sono e a trancafiando lá.","c"
"eeff8374-232e-43d3-83e0-d156b4bbd2dc","Português","CMPA - 2024/2025","Colégio Militar de Porto Alegre",2024,NA,"Acerca da leitura do texto 1, julgue as afirmações a seguir verdadeiras (V) ou falsas (F):

( ) A autora narra a trajetória de um rei que usufrui, inconformado e infeliz, o poder absoluto e de forma violenta em um país monárquico.

( ) Com o passar dos anos, o Rei envelheceu e, quando finalmente poderia usufruir de sua ideia, percebeu que não poderia mais viver a alegria daquele dia do passado com ela.

( ) A informação ""chorou suas duas últimas lágrimas"" (l. 33), no contexto, deixa claro que o Rei já chorara, sentado na beira daquela cama, em outras ocasiões.

( ) A linguagem empregada no texto remete ao universo da magia dos contos maravilhosos, por meio de expressões como Rei, coroa e castelo.

( ) A narrativa é voltada apenas para o público infantil, uma vez que permite às crianças compreenderem o mundo real, a partir do mundo da fantasia.

A opção que preenche os parênteses à esquerda corretamente, de cima para baixo, é","V - V - F - V - F","F - V - V - V - F","V - F - F - F - V","F - V - F - V - F","F - F - V - F - V","d"
"f53878ce-2258-402a-a851-afd02b37e7e5","Português","CMPA - 2024/2025","Colégio Militar de Porto Alegre",2024,NA,"Para a construção de uma narrativa, é importante usar palavras e/ou expressões que estabeleçam relações lógicas entre as diferentes partes do texto. Nesse sentido, a respeito da seleção vocabular do texto 1, é correto afirmar que","a expressão ""Um dia"" (l. 01) indica um período de tempo determinado, informando o leitor sobre o momento exato em que se passa a narrativa.","a palavra destacada em ""[...] **que** não quis saber de contar aos ministros"" (l. 02) estabelece uma relação de consequência entre as ideias da frase.","a palavra ""ela"" (l. 02) é repetida intencionalmente, no 1º parágrafo, uma vez que não pode ser substituída por outro termo ou expressão sem que se desrespeitem as normas gramaticais.","o vocábulo ""até"" (l. 05; 11; e 13), nessas três ocorrências, indica uma referência vaga, não sendo possível identificar o tempo nem o espaço exatos a que cada emprego se refere no contexto.","a palavra ""como"" (l. 28) direciona o texto para uma conclusão, podendo ser substituída, sem prejuízo de sentido, pela expressão mais do que.","b"
"5caea0e6-1bb1-4ef1-bdc8-3421517626cc","Português","CMPA - 2024/2025","Colégio Militar de Porto Alegre",2024,NA,"No trecho ""Bastaria esse alguém pegá-**la**"" (l. 08), o pronome em destaque","indica o lugar dos seres, relativamente à pessoa do discurso.","atribui ideia de posse ao termo a que se refere.","é usado como recurso linguístico para substituir a palavra ""ideia"" (l. 07).","retoma a palavra ""coroa"" (l. 06).","expressa uma possibilidade, uma incerteza do Rei em relação à ideia.","c"
"b36cf8ec-89ff-494a-8af4-bac939ef8cfb","Português","CMPA - 2024/2025","Colégio Militar de Porto Alegre",2024,NA,"A respeito do enredo do texto 1, é correto afirmar que","no terceiro parágrafo, há uma justificativa e uma explicação objetivas sobre a organização do castelo.","o Rei não desfrutou de sua ideia, mas, ainda que com muita cautela, permitiu que as crianças se beneficiassem dela.","a narrativa se constrói de forma lúdica, apresentado a ideia como um ser vivo.","a vida do Rei, a partir de suas funções e deveres, consistia em desfrutar de muitos momentos na natureza.","a passagem do tempo foi fundamental para que o Rei pudesse, como é esclarecido nos dois últimos parágrafos, reviver a alegria de sua juventude.","c"
"085722bf-c27d-4fc4-a0b3-a8b91ffd715c","Português","CMPA - 2024/2025","Colégio Militar de Porto Alegre",2024,NA,"O termo destacado no trecho ""a ideia **poderia ter chamado** a atenção de alguém"", (l. 07), expressa","uma ordem duvidosa","um fato certo","uma proibição","um fato hipotético","um conselho","d"
"6910cd5f-73e8-49cb-8150-424596e5b064","Português","CMPA - 2024/2025","Colégio Militar de Porto Alegre",2024,NA,"No trecho ""Sentado na beira da cama o Rei chorou suas duas últimas lágrimas, as que **tinha guardado** para a maior tristeza"" (ls. 33 e 34), a forma verbal destacada poderia, sem alteração do tempo verbal original e sem prejuízo para a estrutura gramatical do texto, levando-se em conta a norma-padrão da Língua Portuguesa, ser substituída por","guardou.","guardara.","guardaras.","guardaria.","guardavam.","b"
"69bbf722-cb83-4655-ba5b-efe21eae6075","Português","CMPA - 2024/2025","Colégio Militar de Porto Alegre",2024,NA,"A opção em que todas as palavras, **respectivamente**, têm a mesma classificação, quanto à tonicidade, que as palavras ""maravilhado"" (l. 01), ""brincou"" (l. 03), ""até"" (l. 05) e ""árvore"" (l. 05), retiradas do texto 1, é","""lágrimas"" (l. 33), ""ninguém"" (l. 26), ""véus"" (l. 15), ""silêncio"" (l. 12).","""silêncio"" (l. 12), ""fácil"" (l. 08), ""já"" (l. 09), ""últimas"" (l. 33).","""brincaram"" (l. 05), ""brincar"" (l. 22), ""salões"" (l. 11), ""fácil"" (l. 08).","""silêncio"" (l. 12), ""brincaram"" (l. 05), ""tão"" (l. 08), ""últimas"" (l. 33).","""fácil"" (l. 08), ""alguém"" (l. 08), ""brincar"" (l. 22), ""lágrimas"" (l. 33).","e"
"644f2788-f09a-4916-bf0f-40f99c96c762","Português","CMPA - 2024/2025","Colégio Militar de Porto Alegre",2024,NA,"Os **textos poéticos** (como as canções e os poemas), ao contrário dos textos narrativos, que têm um narrador, apresentam uma voz, que ""fala"" para os leitores o conteúdo do texto. Essa voz se chama **eu lírico** e não coincide, necessariamente, com a voz do/a poeta e/ou do/a compositor/a. Essa informação é importante para a leitura e para a compreensão dos **textos 2 e 3.**

  ![](1762287523_Captura de tela 2025-11-04 171837.png){width=300px} 

Relacionando os textos ""Uma ideia toda azul"" e ""Castelos de Areia"", pode-se inferir que","ambos abordam o plano dos pensamentos e da imaginação.","somente o texto 2 trabalha com a imaginação em seu desenvolvimento","somente o texto 1 traz, em seu conteúdo, o aspecto da imaginação.","o tempo, em ambos os textos, age favoravelmente aos elementos construídos pela imaginação.","os dois textos organizam-se a partir de um mesmo tipo de narrador.","a"
"7e529b62-b9ef-4bc8-b28e-cfc48b507308","Português","CMPA - 2024/2025","Colégio Militar de Porto Alegre",2024,NA,"Sobre o texto 2, pode-se afirmar que, para o eu lírico,","o seu castelo é comparado a sonhos construídos com solidez.","as pessoas da sua cidade nascem com suas dores e alegrias já conhecidas por elas e pelo eu lírico","o seu castelo encantado é, literalmente, destruído pelas noites durante o sono dele.","a passagem do tempo é registrada, de maneira objetiva, por elementos da natureza, como areia, vento e sal.","as suas ilusões são construídas sem alicerce, então desmanchadas como castelos de areia pelo mar.","e"
"1d6a5b88-3164-4cfd-8757-c120f9e59648","Português","CMPA - 2024/2025","Colégio Militar de Porto Alegre",2024,NA,"  ![](1762287847_Captura de tela 2025-11-04 172400.png){width=300px} 

A respeito do poema ""Impressionismo"", pode-se afirmar que o eu lírico","faz uma reflexão sobre a brevidade da vida.","detalha uma cena familiar ocorrida em um tempo passado recente dos leitores.","revela a memória nostálgica e triste do tempo em que vivia em uma casa de cor vibrante.","descreve detalhadamente o dia da pintura de sua casa, o que causou estranhamento na família.","manifesta a capacidade de encontrar beleza e significado nos eventos mais corriqueiros da vida.","e"
"3d0356a8-5824-4524-adf1-67739f6b07bd","Português","CMPA - 2024/2025","Colégio Militar de Porto Alegre",2024,NA,"Julgue os itens, a seguir, referentes ao texto 3:

I – A forma verbal ""amanhecendo"" (v. 06) expressa ideia de continuidade, no contexto do poema.

II – O advérbio ""constantemente"" (v. 06) modifica o substantivo ""casa"" (v. 04), enfatizando ainda mais a ideia de uma residência vibrante e arejada.

III – A expressão ""constantemente amanhecendo"" (v. 06) significa que, na visão do pai do eu lírico, a cor da casa dava a ideia de que, apenas pela manhã, ela apresentava o tom brilhante da luz solar.

É correto o que se afirma em","I, apenas.","II, apenas.","III, apenas.","I e II, apenas.","I, II e III.","a"
"a90f52f3-01c6-4a26-b214-426c9dd87707","Português","CMPA - 2024/2025","Colégio Militar de Porto Alegre",2024,NA,"Nos textos 1 e 3, as cores ""azul"" e ""alaranjado"", respectivamente, configuram-se como importantes elementos, contribuindo para compor significados. Nesse sentido, pode-se inferir que","os textos 1 e 3 tratam do mesmo tema, mas apresentam argumentos e cores diferentes para a construção desse tema.","no texto 1, atribui-se a cor azul à ideia, associando-se essa cor à alegria e à beleza; e, no texto 3, a cor alaranjada remete à ideia de luz brilhante.","no texto 3, a cor alaranjada representa o pôr do sol por ele ser, também, brilhante; e por ele representar o início de mais uma possibilidade de vida.","o texto 1 organiza-se em parágrafos; o texto 3, em versos; por isso, apenas o texto 3 explora emoções e subjetividade.","nos textos 1 e 3, o narrador e o eu lírico sonham em viver em lugares cuja atmosfera seja constantemente provocada pelas cores azul e alaranjado.","b"
"4111a8a6-d6ff-4880-9a22-72bdce7fd8c4","Português","CMPA - 2024/2025","Colégio Militar de Porto Alegre",2024,NA,"Considere a seguinte proposta de reescrita para o Texto 3, atentando para a nova pontuação sugerida:

Uma ocasião, meu pai pintou a casa toda... de alaranjado brilhante! Por muito tempo moramos numa casa, como ele mesmo dizia: — Constantemente amanhecendo!

A respeito do **emprego da pontuação** na proposta de reescrita, julgue os itens a seguir:

I – O uso das reticências pode denotar uma reflexão do eu lírico, que busca na memória o marcante acontecimento.

II – Os dois sinais de exclamação acrescidos somam envolvimento emocional ao conteúdo apresentado.

III – O emprego do travessão insere uma fala do eu lírico diretamente no texto, demonstrando que ele tem a mesma opinião que o pai sobre a casa.

É correto o que se afirma em","I, apenas.","II, apenas.","III, apenas.","I e II, apenas.","I, II e III.","d"
"dee67bb6-37fc-4cbd-a2f6-57ffde7f73e1","Português","CMPA - 2024/2025","Colégio Militar de Porto Alegre",2024,NA,"  ![](1762288312_Captura de tela 2025-11-04 173131.png){width=300px} 

No texto 4, a menina Fê narra ao amigo Armandinho um determinado acontecimento. Em relação ao conteúdo da tira, levando-se em conta o contexto discursivo, é correto afirmar que","Armandinho, após ter ouvido a amiga relatar o acidente, passará a ter medo de andar em veículos conduzidos por pessoas que falam ao telefone enquanto dirigem, conforme sua expressão facial denota.","além de entreter o leitor, a tirinha tem por finalidade noticiar, de forma objetiva, um acontecimento atual de interesse público, seguindo os elementos composicionais do gênero notícia.","usar o telefone, enquanto se dirige, infelizmente é algo necessário — conforme apresentado pela personagem Fê —, em razão da falta de tempo das pessoas.","o ritmo frenético da vida moderna leva as pessoas a adotarem comportamentos cautelosos, como o descrito na tira, com o objetivo de não perderem tempo.","a pessoa que usava o telefone, enquanto dirigia, teve sorte por não ter se ferido, nem ferido a outras pessoas, quando bateu o carro contra o poste.","e"
"82aadbd4-2707-4624-8fe2-087ace8c4a49","Português","CMPA - 2024/2025","Colégio Militar de Porto Alegre",2024,NA,"A respeito da tirinha, é correto afirmar que","a ironia, forma de expressão em que se comunica o oposto do que se quer dar a entender, revela-se no último quadrinho, quando a personagem menciona a contradição relacionada ao fato expresso no primeiro quadrinho.","além de entreter o leitor, a tirinha tem por finalidade apresentar um acontecimento atual, de interesse público, de maneira lúdica e fantasiosa, como acontece no texto 1.","o texto tem por finalidade apresentar humor aos leitores, a partir da construção da ironia por meio da contradição entre as informações do primeiro e do último quadrinhos, ainda que não aborde um tema de relevância social para isso.","tem seu efeito de humor solidificado quando, no segundo quadrinho, a personagem aponta uma imprevisibilidade sobre o fato em questão, levando em conta a temática desenvolvida no texto.","não segue a estrutura, muito comum no gênero textual em questão, de apresentar um efeito de humor no último quadrinho, concentrando-se apenas em uma crítica de teor social em relação ao fato noticiado.","a"
"7da62082-2972-4f6d-ac9d-94c20b9da455","Português","CMPA - 2024/2025","Colégio Militar de Porto Alegre",2024,NA,"No trecho ""**Só** perdeu dinheiro"", do último quadrinho, o termo destacado poderia, mantendo o mesmo sentido que está no texto 4, ser substituído por","""apenas"".","""sozinho"".","""a sós"".","""felizmente""","""infelizmente""","a"
"2314ce32-f77c-4dd7-9476-383e3c6c1418","Português","CMPA - 2024/2025","Colégio Militar de Porto Alegre",2024,NA,"  ![](1762288602_Captura de tela 2025-11-04 173624.png){width=300px} 

O cartaz foi produzido pelo escritório da Disney Pixar do Brasil para divulgar uma animação. Nele, o título do filme, estreado em junho de 2024, Divertida Mente 2, é bastante expressivo, aproximando duas palavras que, juntas, sonoramente podem constituir um **terceiro vocábulo, com função distinta**, observe:

(1) Divertida Mente
(2) Divertidamente

Supondo a existência dos formatos (1) e (2) acima — e levando em consideração as diferentes classes de palavras — ter-se-ia, nesses dois formatos, respectivamente,","o modo como algo é realizado; e uma caracterização para a palavra ""mente"".","uma caracterização para a palavra ""mente""; e uma condição sobre como algo é realizado.","uma caracterização para a palavra ""divertida""; e o modo como algo é realizado.","uma caracterização para a palavra ""mente""; e o modo como algo é realizado.","uma finalidade para a palavra ""mente""; e uma caracterização para a palavra ""mente"".","d"
"f79e5089-7f16-4b65-9717-24abaa8b6cdf","Português","CMPA - 2024/2025","Colégio Militar de Porto Alegre",2024,NA,"Sobre a frase de impacto apresentada no alto do cartaz, ""Libere o espaço para novas emoções"", é correto afirmar que","contradiz a imagem, estabelecendo uma oposição entre a linguagem verbal e a não verbal.","juntamente com a imagem, sugere qual é o tema do filme.","desconsidera a relevância das emoções para o filme em questão.","está em oposição com a imagem, estabelecendo ambiguidade intencional com o título do filme.","cumpre o objetivo de criticar o filme, apresentando forte juízo de valor.","b"
"d150446d-9074-4f78-bf64-c75d9cd6730a","Português","CMPA - 2024/2025","Colégio Militar de Porto Alegre",2024,NA,"O Texto 5 tem por finalidade","alertar os espectadores sobre o comportamento a ser adotado nas sessões de cinema do filme ""Divertida Mente 2""","antecipar aos espectadores revelações detalhadas sobre o enredo do filme.","informar dias, locais e horários das sessões nos cinemas do Brasil, bem como o valor dos ingressos.","apresentar a ficha técnica do filme, com destaque para informações relevantes dos bastidores.","divulgar o filme ""Divertida Mente 2"", despertando interesse nos possíveis espectadores.","e"
"114d7c00-8c69-4ce9-863e-314d80328509","Matemática","VII - Tratamento da Informação","Colégio Militar do Recife",2024,NA,"Na construção do mosaico abaixo, falta apenas uma peça no formato de um quadrado cujo lado mede 0,5 cm. O artista dispõe de outros cinco quadrados cujos lados medem $\frac{203}{40}$ mm,
$\frac{51}{10}$ mm, $\frac{99}{20}$ mm, $\frac{127}{25}$ mm e $\frac{4099}{1000}$ mm. 

  ![](1762345564_Captura de tela 2025-11-05 092546.png){width=300px} 

Dentre os cinco quadrados que o artista dispõe, marque a alternativa que mais se aproxima da medida do lado do quadrado faltante.","$\frac{203}{40}$ mm","$\frac{51}{10}$ mm","$\frac{99}{20}$ mm","$\frac{127}{25}$ mm","$\frac{4099}{1000}$ mm","c"
"ec1db8c8-2603-4de2-a660-3ddd129fd6f8","Matemática","III - Múltiplos e Divisores","Colégio Militar do Recife",2024,NA,"A soma de três números naturais consecutivos quaisquer é sempre um número","par","ímpar","primo","múltiplo de 3","quadrado perfeito","d"
"382a9b9e-729d-4276-8e4c-fa7d4d39cfed","Matemática","II - As 4 Operações","Colégio Militar do Recife",2024,NA,"A professora de Artes, Florisbela, fez uma atividade na qual cada um dos 28 alunos da turma deveria produzir um trabalho, dentre as quais: uma música ou um poema ou uma pintura ou uma escultura ou um vídeo. Os alunos Amanda, Bernardo e Carlos foram os únicos três alunos que escolheram produzir vídeo.

A nota da atividade de produção de vídeo foi calculada considerando o julgamento realizado pelos demais alunos que não produziram vídeos. Cada um desses 25 alunos escreveu em um papel a ordem de classificação do vídeo que julgou estar em primeiro, segundo e terceiro lugar, escrevendo “A” para Amanda, “B” para Bernardo e “C” para Carlos. Assim, por exemplo, um aluno que votou BCA considerou que o vídeo do Bernardo ficou em primeiro lugar, o do Carlos em segundo e o da Amanda em terceiro.

O resultado da votação está resumido na tabela 1 abaixo.

  ![](1762345831_Captura de tela 2025-11-05 093025.png){width=300px} 

Perceba, na tabela, que cinco alunos votaram ABC, três votaram ACB e assim por diante.

A professora calculou a nota da seguinte forma: O aluno ganhou 4 pontos por voto quando foi escolhido em 1º lugar, 3 pontos por voto quando foi escolhido em 2º lugar e 2 pontos por voto se foi escolhido em 3º lugar.

Considerando as informações contidas no texto e na tabela 1, podemos concluir corretamente que","Bernardo e Carlos obtiveram a mesma nota.","a maior nota foi a da Amanda.","Amanda, Bernardo e Carlos obtiveram a mesma nota.","a menor nota foi a do Bernardo.","a menor nota foi a do Carlos. ","a"
"11c3cefe-96cd-4225-84c4-5ef8ba0f220e","Matemática","II - As 4 Operações","Colégio Militar do Recife",2024,NA,"O carro do Sr. Alfredo pode trafegar utilizando qualquer mistura entre gasolina e etanol. Suponha que cada litro de gasolina contido no tanque do carro do Sr. Alfredo permita percorrer uma distância de 10 km, enquanto que cada litro de etanol no tanque permita percorrer apenas 70% dessa distância. O tanque do carro do Sr. Alfredo tem capacidade de 50 litros. Ele iniciou uma viagem com o tanque cheio de gasolina e, após percorrer 200 km, parou em um posto de combustíveis e reabasteceu o tanque do carro com etanol, passando a ter 50 litros da mistura de etanol e gasolina.

Qual seria a distância máxima que o Sr. Alfredo poderia percorrer com essa mistura de etanol e gasolina?","500 km.","440 km.","400 km.","350 km.","300 km.","b"
"a8f00634-3f85-4688-a6e6-a1bfefc01c75","Matemática","VI - Medidas Geométricas","Colégio Militar do Recife",2024,NA,"Na figura 2, abaixo, temos um quadrado ABCD, cuja área é 36 m2, no interior de um retângulo EFGH. Considerando as dimensões mostradas na figura, temos que a área da região pintada na cor cinza, em m2, é

  ![](1762346038_Captura de tela 2025-11-05 093351.png){width=300px} ","71,25.","65,75.","57.","45,25.","35,25. ","e"
"666a32be-fa22-497b-93ba-e888d1be88c9","Matemática","VII - Tratamento da Informação","Colégio Militar do Recife",2024,NA,"Em uma turma de judô, há 20 atletas, sendo 12 meninas e os demais, meninos. A média das idades das meninas é de 15 anos, e a média das idades dos meninos é de 10 anos. Qual é a média das idades dos 20 atletas dessa turma?","11 anos.","12 anos.","13 anos.","14 anos.","15 anos. ","c"
"abd599f1-44d1-43f2-ac60-7c46541c7528","Matemática","I - Sistema de Numeração","Colégio Militar do Recife",2024,NA,"A Praça Vittorio Veneto, na Itália, é um ponto turístico muito procurado por ser próxima ao local de uma batalha decisiva da Primeira Guerra Mundial. O nome da cidade onde ela está localizada foi oficialmente mudado para Vittorio Veneto em julho do ano mostrado em algarismos romanos, na figura 3 abaixo.

  ![](1762346173_Captura de tela 2025-11-05 093605.png){width=300px} 

O nome da cidade foi oficialmente mudado para Vittorio Veneto há quantos anos?","101.","100.","102.","900.","901.","a"
"9e62d34a-0a8d-474b-a9ac-e37ef29f46a3","Matemática","V - Números Decimais","Colégio Militar do Recife",2024,NA,"O corpo humano é uma “máquina” incrível. Nosso coração bate em velocidades variadas. Quando estamos dormindo, ele fica mais lento e, quando nos exercitamos, bate mais rápido. A frequência cardíaca é o número de vezes que o coração bate por minuto.

Considere que a frequência cardíaca máxima pode ser verificada por meio de uma subtração entre um valor numérico e a idade da pessoa. A tabela 2, abaixo, ilustra como deve ser feito o cálculo.

  ![](1762346973_Captura de tela 2025-11-05 094927.png){width=300px} 

Pessoas que desejam emagrecer devem se exercitar mantendo a frequência cardíaca numa faixa que varia entre 60% e 75% da frequência cardíaca máxima

O Sr. Aranha é um homem de 40 anos e deseja emagrecer realizando corridas. Durante os exercícios, ele deverá manter 75% da sua frequência cardíaca máxima.

Qual a frequência cardíaca, em batimentos por minuto, que o Sr Aranha deverá manter nas suas corridas?","220","165","108","132","135","e"
"b9e18b57-5d53-4192-934c-efa4405629f9","Matemática","VI - Medidas Geométricas","Colégio Militar do Recife",2024,NA,"Os pontos A, B, C e D de uma reta estão representados na figura 4 abaixo.

 ![](1762347094_Captura de tela 2025-11-05 095126.png){width=300px} 

A distância entre A e D é de 4 m, entre A e C é de 3230 mm e, entre B e D é de 293 cm. Qual a distância entre B e C, em dm?"," 30,8","21,6","10,8","54","30.","b"
"c5275985-2bd9-4cde-91ad-18e4f7322da1","Matemática","II - As 4 Operações","Colégio Militar do Recife",2024,NA,"O número de matrícula de uma escola é composto por seis algarismos seguidos de mais um algarismo chamado de dígito verificador. Esse dígito verificador serve para evitar fraudes. Veja os exemplos abaixo:

  ![](1762347228_Captura de tela 2025-11-05 095341.png){width=300px} 

O dígito verificador é calculado da seguinte forma:

1. Somam-se os seis algarismos do número de matrícula.
2. Se a soma for menor do que 10, o dígito verificador será o valor dessa soma.
3. Se a soma for igual a 10, o dígito verificador será zero.
4. Se a soma for maior do que 10, o dígito verificador será o resto da divisão dessa soma por 11, como no exemplo 2, abaixo. Caso esse resto seja 10, o dígito verificador será zero, como no exemplo 1, acima.

  ![](1762347305_Captura de tela 2025-11-05 095458.png){width=300px} 

Nessas condições, qual deve ser o algarismo das unidades para que o número de matrícula abaixo esteja correto?

  ![](1762347335_Captura de tela 2025-11-05 095525.png){width=300px} ","5","6","7","8","9","d"
"0dc9fb9f-8a7a-4ae1-92e7-e203db121017","Matemática","IV - Frações","Colégio Militar do Recife",2024,NA,"O Sr. Epaminondas tem três geradores de energia movidos a combustível diesel. Para descobrir qual é o gerador mais econômico, ele fez o seguinte teste: após encher completamente o tanque de combustível, o Sr. Epaminondas ligou apenas o gerador (1), por uma hora, e verificou que ele consumiu 1/4 do tanque de combustível. Em seguida, ligou apenas o gerador (2), por uma hora, e verificou que ele consumiu 1/3 do que restou no tanque de combustível. Finalmente, ligou apenas o gerador (3), também por uma hora, e verificou que este consumiu 1/3 do que ainda restava no tanque de combustível.

  ![](1762347406_Captura de tela 2025-11-05 095636.png){width=300px} 

O Sr. Epaminondas concluiu corretamente que","todos os geradores consumiram a mesma quantidade de combustível.","o gerador 2 consumiu mais que o gerador 1.","o gerador 3 consumiu mais que o gerador 2.","o gerador 2 consumiu o mesmo que o gerador 3.
","o gerador 3 consumiu menos que o gerador 1. ","e"
"0030658b-02c2-4bf7-a291-b511b0f94ab4","Matemática","III - Múltiplos e Divisores","Colégio Militar do Recife",2024,NA,"A figura abaixo representa uma estrada em linha reta e quatro postes de luz distribuídos na lateral dela. 

Mais postes serão instalados nessa estrada e colocados lado a lado entre os quatro postes já existentes. Qual é o menor número de novos postes que podem ser instalados entre o primeiro e o último de modo que a distância entre quaisquer dois postes consecutivos sejam iguais? (Desconsidere a largura do poste de luz).

  ![](1762347591_Captura de tela 2025-11-05 095944.png){width=300px} ","13","14","15","16","17","a"
"71744fa8-1197-4c4c-a031-de57305f40ce","Matemática","II - As 4 Operações","Colégio Militar do Recife",2024,NA,"Uma piscina, inicialmente vazia, pode ser cheia por duas torneiras diferentes. A primeira torneira demora 2 horas para, sozinha, encher a piscina inicialmente vazia. Já a segunda torneira demora 3 horas para realizar, sozinha, o mesmo serviço. Quanto tempo as duas torneiras abertas, ao mesmo tempo, levam para encher a piscina, inicialmente vazia?","1h","1h10min","1h12min","1h30min","5h","c"
"9a94c7ae-fad7-44aa-a81c-1a19c901ef08","Matemática","VI - Medidas Geométricas","Colégio Militar do Recife",2024,NA,"O Palácio do Congresso Nacional é um dos pilares da arquitetura monumental de Niemeyer que dão forma à capital inaugurada em 1960. Sede das duas Casas do Poder Legislativo e um dos mais famosos cartões postais do Brasil, o Palácio do Congresso Nacional é composto por duas cúpulas e duas torres de 28 andares que abrigam a Câmara dos Deputados e o Senado Federal.

  ![](1762347779_Captura de tela 2025-11-05 100249.png){width=300px} 

Um aluno fez uma maquete das duas torres, com 5 cubos idênticos em cada, que são interligadas no meio por uma passagem em forma de paralelepípedo reto retângulo conforme ilustra a figura 8. A altura do paralelepípedo é metade da medida da aresta (lado) de um dos cinco cubos que formam cada torre. A largura e o comprimento do paralelepípedo são iguais à aresta (lado) desse mesmo cubo. 

  ![](1762347820_Captura de tela 2025-11-05 100334.png){width=300px} 

Se o perímetro da vista frontal da maquete, representada na figura 9, é 150 cm, podemos afirmar que o volume da maquete, em cm³, é","378","756","1378","2178","2268","e"
"e1f283ae-05f5-42eb-ae18-ef0278ed5dc8","Matemática","III - Múltiplos e Divisores","Colégio Militar do Recife",2024,NA,"Uma árvore de natal possui uma estrela de seis pontas fixada na parte superior. Veja a figura 10 abaixo. A figura 11 traz uma visão ampliada da estrela que possui uma pequena lâmpada colorida em cada ponta.

  ![](1762347916_Captura de tela 2025-11-05 100508.png){width=300px} 

Quando a estrela é ligada, a lâmpada branca acende por dois segundos e apaga. Imediatamente após, a lâmpada amarela acende por dois segundos e apaga. A seguir, o mesmo ocorre com as lâmpadas vermelha, azul, verde e rosa, nessa ordem, uma de cada vez, acendendo por dois segundos e apagando em seguida. Após a lâmpada rosa apagar, todas as seis lâmpadas piscam por dois segundos e o processo reinicia-se com a lâmpada branca acendendo por dois segundos e apagando em seguida.

Se a estrela for ligada às 23h 00min 00seg do dia 24/12/2024, o que ocorrerá à 00h 00min 00seg do dia 25/12/2024 (dia de Natal)?","A lâmpada branca acenderá.","A lâmpada amarela acenderá.","A lâmpada vermelha acenderá.","A lâmpada azul acenderá.","Todas as lâmpadas piscarão.","b"
"5dc83f5c-eca0-4711-9f98-d57b25fd61fe","Matemática","III - Múltiplos e Divisores","Colégio Militar do Recife",2024,NA,"Um professor realiza, em média, 30 atendimentos por dia, no plantão de dúvidas, trabalhando 20 dias por mês. O objetivo do professor é realizar 3000 atendimentos por mês.

Para que o professor consiga atingir o seu objetivo, a média de atendimentos por dia deve ser aumentada em?","70","90","100","120","150","d"
"b3d28ec5-c760-44b1-aa39-50080eee56c9","Matemática","III - Múltiplos e Divisores","Colégio Militar do Recife",2024,NA,"Em um livro, cada uma de suas folhas tem duas páginas numeradas. A primeira página do livro é numerada com o número 1, e as demais seguem a ordem crescente de numeração. Ao multiplicarmos os números das páginas, grafados na folha que está exatamente no meio desse livro, obtemos como resultado o valor 462.

Desse modo, a quantidade total de páginas numeradas desse livro é","36","38","40","42","44","d"
"0017095b-3967-4819-a95f-2bbef4970bcf","Matemática","IV - Frações","Colégio Militar do Recife",2024,NA,"Resolvendo a expressão numérica abaixo, obtém-se:

  ![](1762348133_Captura de tela 2025-11-05 100847.png){width=300px} ","$\frac{2}{3}$","1","$\frac{26}{7}$","$\frac{46}{7}$","8","e"
"8d654f25-c925-4deb-8577-b3aedec0fd82","Matemática","II - As 4 Operações","Colégio Militar do Recife",2024,NA,"Ao compararem os horários marcados em seus relógios, Pedro afirmou para João:

- Daqui a 15 minutos o meu relógio marcará a mesma hora que o seu marcou há 8 minutos. Se no Relógio de Pedro marcava 09h52min, no momento dessa conversa, que horas estava marcando o relógio de João?
","10h 15min","10h 30min","09h 59min.","09h 52min.","09h 45min.","a"
"db6b6281-8323-4c3f-8da6-011738ecb1b0","Matemática","IV - Frações","Colégio Militar do Recife",2024,NA,"Dona Maria comemorou o seu aniversário em março de 2024. Na ocasião, ela fez um pequeno relato de vida, dizendo o seguinte:

- Nasci no sítio e vivi lá o primeiro quinto da minha vida. Quando casei, saí de lá para morar na cidade. Após 12 anos de casada, nasceu o meu último filho. Depois disso, vieram netos e bisnetos e, desde o nascimento do meu último filho até o dia de hoje, foram passados dois terços de minha idade.

Considerando verdadeiro o relato de Dona Maria, pode-se concluir que ela nasceu no ano de","1924","1934","1938","1944","1948","b"
"2d7d88fb-dafc-4beb-a8d2-94a74d412f30","Português","CMR - 2024/2025","Colégio Militar do Recife",2024,NA,"Na era da informação, enquanto o Sol doura os campos e prédios do Colégio Militar do Recife, e a brisa sussurra segredos entre os jardins da instituição, um carneirinho de alvura imaculada, batizado como Nicodemus, convive feliz com as crianças. Sempre pastando nos verdes do interior do colégio, onde os sons marciais dos brados de guerra, dos coturnos e da corneta do soldado entrelaçam-se com o canto dos sabiás, Nicodemus é o mascote querido deste colégio. No entanto, ele não está sozinho. Ao seu lado, há uma turminha de amiguinhos, cada qual com sua peculiaridade: um coelhinho astuto, uma coruja sábia e um calanguinho travesso. Sempre que julgavam necessário, unidos pela amizade e pela busca da justiça, eles formavam a Confraria dos Bichinhos.

Certa manhã, quando o orvalho ainda beijava a relva, Nicodemus testemunhou algo que abalou sua
serenidade: Juanito, um jovem aluno do colégio, de semblante tímido e coração compassivo, cometeu um erro. Por brincadeira, escondeu o sapato de Fabito, um coleguinha que fazia atividade física. Uma brincadeira que parecia insignificante aos olhos dos adultos, mas pesava como chumbo na alma de Juanito, porque ele não devolveu o sapato do coleguinha e negou que tivesse escondido. Juanito ficou constrangido ao ver Fabito chorando pela perda dos sapatos, assim, decidiu ocultar sua falta, e isso o atormentou por dias. Ele voltou várias vezes ao local para pegar os sapatos, mas não os encontrou, haviam sumido e seu amiguinho estava sem essa peça do uniforme.

Nicodemus, com sua intuição aguçada, percebeu a angústia da criança. Os outros bichinhos também notaram e reuniram-se protegidos do Sol, à sombra de uma mangueira que ficava entre um anfiteatro e a  casinha de Nicodemus. A coruja, sempre sábia, iniciou a conversa:

– Amigos, o segredo é como uma pedra no sapato: por mais que a criança tente continuar sua caminhada, a dor persistirá. Devemos ajudá-lo!
– Sim, mas como? Ele teme a repercussão. – disse o coelhinho.

O calanguinho, com um aceno de cabeça, também concordou e, nesse momento, Nicodemus, com sua voz suave e melodiosa, propôs:

– Devemos guiá-lo à verdade. A honestidade é o antídoto para a angústia de quem está sufocado pelo silêncio de um erro. Só a verdade dará ao menino a paz que ele precisa.

E, assim, fizeram. Como Juanito estava angustiado, muitas vezes sozinho, isolado, Nicodemus aproveitou um desses momentos, aproximou-se da criança e sussurrou:

– Pequeno amigo, a sombra cresce quando escondemos a luz. Compartilhe o acontecimento com seus pais e verá como esse peso se dissolverá.

O menino ficou surpreso pelo carneirinho falante, mas não se assustou, eles conversaram alguns minutos, e Juanito seguiu o conselho do novo amiguinho. Em casa, ele confessou sua falta aos pais, que, em sua infinita bondade, repreenderam-no pela brincadeira que causara problemas a outra criança, mas o abraçaram com amor e resolveram o problema. Eles compraram um par de sapatos novos e fizeram com que Juanito os entregasse a Fabito, pedindo-lhe desculpas. Seu amigo aceitou o pedido, os pais das crianças tornaram-se grandes amigos e a verdade dissipou a angústia.

**Na linha 1 do texto “Nicodemus e a Confraria dos Bichinhos”, o narrador apresenta**","tempo e espaço","espaço e clímax","tempo e personagem.","desfecho e personagem","clímax e desfecho","a"
"de34b545-4448-42a8-a86b-b85d5270afbc","Português","CMR - 2024/2025","Colégio Militar do Recife",2024,NA,"Em “eles formavam a **Confraria** dos Bichinhos”, é possível substituir a palavra destacada, sem mudança de sentido, por","festa.","congregação.","disputa.","brincadeira.","balada.","b"
"1f32449d-d255-40a7-b44e-40c4ab0e17e1","Português","CMR - 2024/2025","Colégio Militar do Recife",2024,NA,"De acordo com o texto, o que atormentou Juanito?","Ele haver perdido seu sapato e estar sem essa peça do uniforme.","Ele ter medo de que os colegas descobrissem sua brincadeira.","Ele ter falado com Nicodemus, que não é uma pessoa e sim um carneirinho.","Ele ter sido aconselhado por Nicodemus a falar com seus pais.","Ele não ter desfeito a brincadeira, prejudicando o seu coleguinha.","e"
"e9ebc79c-8d41-4cd6-91c7-7c67e0e2fa47","Português","CMR - 2024/2025","Colégio Militar do Recife",2024,NA,"Que mensagem Nicodemus transmitiu a Juanito quando disse a seguinte frase: “a sombra cresce quando escondemos a luz”? ","A escuridão aumenta à sombra da mangueira, nos momentos de confraria.","A verdade torna-se mais evidente quando a escondemos, pois todos descobrem.","A sombra é como a angústia, e a verdade é como a luz que dissolve a sombra.","A sombra da mangueira protegia-os do sol nos momentos de confraria.","Juanito deveria manter o segredo para não se prejudicar.","c"
"b2441545-6ec8-4a5c-9659-0ae8791a0087","Português","CMR - 2024/2025","Colégio Militar do Recife",2024,NA,"O texto “Nicodemus e a Confraria dos Bichinhos” é um exemplo de fábula. Assinale a alternativa que contém uma finalidade dos textos desse **gênero textual**.","Informar sobre as regras do Colégio Militar.","Apresentar um conjunto de regras de convivência.","Criar uma reflexão por meio da moral da história.","Noticiar a diferença entre a verdade e a mentira.","Defender um ponto de vista sobre as regras do Colégio.","c"
"8bb96a1e-bc0e-4219-aa1c-8851d0bc151a","Português","CMR - 2024/2025","Colégio Militar do Recife",2024,NA,"Sobre o foco narrativo e o tipo de narrador do texto “Nicodemus e a Confraria dos Bichinhos”, assinale a alternativa correta.","Texto em terceira pessoa – narrador personagem.","Texto em primeira pessoa – narrador observador.","Texto em primeira pessoa – narrador personagem.","Texto em terceira pessoa – narrador observador.","Texto em primeira-pessoa – narrador onisciente.","d"
"35301103-ee7a-48ae-b855-36cde1918375","Português","CMR - 2024/2025","Colégio Militar do Recife",2024,NA,"Observe este trecho: “enquanto o Sol doura os campos e prédios do Colégio Militar do Recife.”, considerando a forma verbal, assinale a alternativa em que a reescrita do trecho modifica o tempo verbal para o pretérito imperfeito do modo indicativo.","“[...] enquanto o Sol dourou os campos e prédios do Colégio Militar do Recife,...”","“[...] enquanto o Sol dourava os campos e prédios do Colégio Militar do Recife,...”","“[...] enquanto o Sol dourara os campos e prédios do Colégio Militar do Recife,...”","“[...] enquanto o Sol douraria os campos e prédios do Colégio Militar do Recife,...”","“[...] enquanto o Sol doure os campos e prédios do Colégio Militar do Recife,...”","b"
"6359275a-7186-427d-88f6-e156664eee36","Português","CMR - 2024/2025","Colégio Militar do Recife",2024,NA,"Assinale a alternativa que contém uma paroxítona e uma oxítona, nessa mesma ordem. ","sabiá – sábia.","sábia – sabia.","sabia – sabiá.","sabia – sábia.","sabia – sabia.","c"
"51d1d735-1452-4014-9e42-44b300fc875c","Português","CMR - 2024/2025","Colégio Militar do Recife",2024,NA,"No trecho “**– Pequeno amigo, a sombra cresce quando escondemos a luz.**“, foi usada uma vírgula para dar sentido à frase, isolando um (a)
","chamamento.","dúvida.","reciprocidade.","definição.","restrição.","a"
"16a7fdff-eb1b-429c-8df4-6cdd980c9533","Português","CMR - 2024/2025","Colégio Militar do Recife",2024,NA,"**Planeta Água – Guilherme Arantes**

Água que nasce na fonte serena do mundo
E que abre um profundo grotão
Água que faz inocente riacho
E deságua na corrente do ribeirão

Águas escuras dos rios
Que levam a fertilidade ao sertão
Águas que banham aldeias
E matam a sede da população

Águas que caem das pedras
No véu das cascatas, ronco de trovão
E depois dormem tranquilas
No leito dos lagos
No leito dos lagos

Água dos igarapés
Onde Iara, a mãe d'água
É misteriosa canção
Água que o sol evapora
Pro céu vai embora
Virar nuvens de algodão

Gotas de água da chuva
Alegre arco-íris sobre a plantação
Gotas de água da chuva
Tão tristes, são lágrimas na inundação

Águas que movem moinhos
São as mesmas águas que encharcam o chão
E sempre voltam humildes
Pro fundo da terra
Pro fundo da terra

Terra! Planeta Água
Terra! Planeta Água
Terra! Planeta Água

A repetição do vocábulo **água**, em todas as estrofes do texto 2, atua atribuindo-lhe progressão, bem como acentuando um(a)","dúvida","tom sarcástico","instrução","tom reflexivo","teor pejorativo","d"
"507106ce-a46f-43ef-b953-1542ac727073","Português","CMR - 2024/2025","Colégio Militar do Recife",2024,NA,"No verso do texto 2 “Água que nasce na fonte **serena** do mundo”, o termo destacado pode ser substituído, sem mudança de sentido, por","tranquila.","turva.","completa.","inodora.","atuosa.","a"
"738a6ee6-9b06-45a9-ae48-b84c85415d7d","Português","CMR - 2024/2025","Colégio Militar do Recife",2024,NA,"Assinale a alternativa que contém um verso no qual a água apresenta característica própria do ser humano","“Águas que movem moinhos”","“São as mesmas águas que encharcam o chão”","“E sempre voltam humildes”","“Pro fundo da terra”","“Terra! Planeta Água”","c"
"5556e8e7-0c4c-497d-a3ba-8ffbe668f321","Português","CMR - 2024/2025","Colégio Militar do Recife",2024,NA,"Releia estes versos para responder à questão 33.

“Águas que movem moinhos
São as mesmas águas que **encharcam** o chão”

Considerando os processos de flexão e derivação que afetam a palavra em destaque, qual das alternativas a seguir explica os efeitos de sentido que esses processos produzem no texto?","A palavra ""encharcam"" resulta da derivação sufixal de ""charco"", intensificando a ideia de algo que está pouco molhado.","A palavra ""encharcam"" é uma flexão do verbo encharcar, reforçando a ideia de que as águas inundam o chão.","A palavra ""encharcam"" é um adjetivo flexionado em número, enfatizando que o chão está seco, mas prestes a ser molhado","A palavra ""encharcam"" é um substantivo derivado por sufixação de ""charco"", que sugere a criação de novos rios no chão.","A palavra ""encharcam"" é um verbo no infinitivo, indicando uma ação que será realizada futuramente pelas águas","b"
"26e83bef-281e-4f2c-b4eb-188d24e5273f","Português","CMR - 2024/2025","Colégio Militar do Recife",2024,NA,"  ![](1762349785_Captura de tela 2025-11-05 103618.png){width=300px} 

Relacionando os textos 2 e 3, é possível concluir que ambos dialogam quanto à temática ambiental, uma vez que sugerem, respectivamente,","degradação da natureza e preservação da natureza.","combate aos incêndios e exaltação da natureza.","preservação do planeta e conservação dos rios.","destruição do ecossistema e preservação do meio ambiente.","exaltação da água e preservação do planeta.","e"
"33c3d96c-ab14-48ff-afdd-b6c41a8cfd33","Português","CMR - 2024/2025","Colégio Militar do Recife",2024,NA,"  ![](1762349852_Captura de tela 2025-11-05 103725.png){width=300px} 

O texto 4, uma charge, destaca um problema ambiental da contemporaneidade, a saber:","extinção dos animais marinhos.","acúmulo de lixo nos rios","fatores que extrapolam a caça de animais.","escassez das águas dos mares.","emissão de gases e aquecimento global.","e"
"b21855c6-0bac-4ea0-b012-a28989287cb6","Português","CMR - 2024/2025","Colégio Militar do Recife",2024,NA,"Marque a alternativa que contém, entre parênteses, a classificação correta do pronome destacado.","Falo por **mim** (pessoal do caso reto).","**Eu** não falarei (pessoal do caso oblíquo)"," **Eu** sairei (demonstrativo)","Meu livro é **este** (possessivo).","**Esse** livro é meu (demonstrativo).","e"
"a49ae5ac-7aa6-4076-847d-a645b8455807","Português","CMR - 2024/2025","Colégio Militar do Recife",2024,NA,"  ![](1762350021_Captura de tela 2025-11-05 104015.png){width=300px} 

Os dois pontos, no segundo quadrinho, foram utilizados para introduzir","uma discussão. ","um discurso indireto.","uma enumeração.","um esclarecimento","uma citação.","d"
"5d45f5da-d503-4f4b-8fcf-d8fc94ac6a6e","Português","CMR - 2024/2025","Colégio Militar do Recife",2024,NA,"Marque a opção que identifica, de acordo com o texto, a dificuldade de Filipe para imaginar um presente que sua mãe gostaria de ganhar","O único presente que ele recebeu é uma coleção do Cavaleiro Solitário.","O amigo de Mafalda não consegue se colocar no lugar de sua mãe.","O garoto não conversa com sua mãe.","O garotinho não gostou do método da Mafalda.","Ele não ouviu a explicação da Mafalda.","b"
"53abe752-3332-46de-a630-02648c6bc51b","Português","CMR - 2024/2025","Colégio Militar do Recife",2024,NA,"Com base na tirinha da Mafalda, assinale a opção que contém um pronome demonstrativo.","“o” (fala da Mafalda no segundo quadrinho).","“um” (fala de Mafalda no segundo quadrinho).","”já” (fala de Filipe no terceiro quadrinho).","“com” (fala de Filipe no quarto quadrinho).","“você” (fala de Filipe segundo quadrinho).","a"
"2af06c71-085e-4a08-8a04-b23be03c4be1","Português","CMR - 2024/2025","Colégio Militar do Recife",2024,NA,"Marque a opção que contém a flexão verbal necessária para que, mantendo modo e tempo verbal, a reescrita da frase seja feita em terceira pessoa do singular.

“EU HEI DE VENCER!”","Ele haverá de vencer.","Tu hás de vencer.","Tu haverás vencer.","Ele há de vencer.","Eu haverei de vencer.","d"
"98b1d90c-9173-45cc-8e85-6819d8120c6e","Matemática","VII - Tratamento da Informação","Colégio Militar do Rio de Janeiro",2024,NA,"Observe o gráfico abaixo que apresenta a quantidade de clientes em dois restaurantes, durante seis dias.

  ![](1762366433_Captura de tela 2025-11-05 151336.png){width=300px} 

A média diária de clientes no Bistrô Carioca, nesses seis dias, foi de 513 e no Família Tijucana, de 518. 

Com base nessas informações, é correto afirmar que
","o Bistrô Carioca e o Família Tijucana tiveram mais clientes no mesmo dia.","no ""Dia 4"", houve a menor diferença no número de clientes entre os dois restaurantes.","o número de clientes do Família Tijucana foi abaixo de sua média diária em, no máximo, um dia.","se no ""Dia 2"", o Família Tijucana tivesse recebido mais dez clientes, o número de clientes, nesse dia, seria maior que sua média diária nesses seis dias.
","o Bistrô Carioca teve menos clientes que o Família Tijucana em quatro dias.","e"
"ed4e98ed-5bae-4ef1-89e6-e05fe48297a2","Matemática","IV - Frações","Colégio Militar do Rio de Janeiro",2024,NA,"Atualmente, no colete usado pelos jogadores profissionais de futebol, existe um aparelho que funciona como GPS (Global Positioning System) e que pode informar a distância que o jogador correu durante a partida.
Considerando um campo de futebol, em formato retangular, com 105 metros de comprimento por 45 metros de largura, quantas voltas daria, em torno desse campo, um jogador que correu 9400 metros durante a partida?
","$\frac{2821}{99}$","$\frac{282}{9}$","$\frac{299}{9}$","$\frac{3389}{99}$","$\frac{319}{9}$","b"
"6a724aa8-1912-497c-92e1-6e83ac2738e3","Matemática","I - Sistema de Numeração","Colégio Militar do Rio de Janeiro",2024,NA,"Segundo reportagem do site UOL, de 25/04/2021, existem histórias que contam que o biscoito da sorte, comum em restaurantes chineses, tem sua origem na China; outras, no Japão e algumas, nos Estados Unidos. Com uma massa sequinha e oco por dentro, esse biscoito possui, em seu interior, um papel com uma frase, contendo uma mensagem, a partir de provérbios com lições de vida.

No biscoito da sorte que se encontra no Brasil, além da frase, é possível encontrar, no verso, sugestões de seis números para a loteria.

Observe os números nas imagens a seguir.

  ![](1762367105_Captura de tela 2025-11-05 152456.png){width=300px} 

Considere dois numerais: o primeiro, formado pelos seis números da Imagem 1, escritos um ao lado do outro, na ordem em que aparecem; e o segundo, formado da mesma maneira, porém com os seis números da Imagem 2.

Com base nesses dois numerais formados, é correto afirmar que","os dois numerais possuem a mesma quantidade de classes e ordens.","o primeiro numeral é maior que o segundo.","três algarismos de um numeral possuem o mesmo valor relativo que três algarismos do outro numeral.","a soma dos valores absolutos dos algarismos da segunda classe de um dos numerais é igual à soma dos valores absolutos dos algarismos da última classe do outro numeral.","um dos numerais possui uma classe com os mesmos algarismos de uma classe do outro numeral.","c"
"631d7a86-b491-4731-a1ba-5213f8436572","Matemática","V - Números Decimais","Colégio Militar do Rio de Janeiro",2024,NA,"No fim do ano passado, as mães das crianças da creche Pula-Pula resolveram fazer um ""feirão de trocas"" de brinquedos e livros, de modo a darem um destino mais sustentável aos materiais que seus filhos não usavam mais. Elas combinaram que

- 10 livros equivaleriam a 4 kits de blocos de montar;
- 3 kits de blocos de montar equivaleriam a 7 bonecos e
- 6 bonecos equivaleriam a R$ 240,30.

Nesse sistema de trocas, cada livro custou","R$ 36,20.","R$ 37,38.","R$ 37,80.","R$ 38,24.","R$ 38,50.","b"
"f6679166-5c43-4dea-9b66-4c7cca4fb8bb","Matemática","III - Múltiplos e Divisores","Colégio Militar do Rio de Janeiro",2024,NA,"A fim de arrecadar dinheiro para sua formatura, Leca decidiu rifar uma cesta de chocolates e disponibilizou os 60 números da tabela abaixo para vender entre seus amigos.

  ![](1762367328_Captura de tela 2025-11-05 152842.png){width=300px} 

Quando Dani foi escolher o seu número, resolveu que ele deveria satisfazer as seguintes condições:

• O número escolhido deveria ter 2 algarismos: um deles sendo par e o outro, ímpar.
• O número escolhido não deveria ser divisível por 6, nem por 7.
• Quando fosse dividir o número escolhido por 5, o resto deveria ser 2 ou 4.
• Ao trocar a ordem dos algarismos, o número escolhido deveria continuar sendo um número contido na tabela.

Ao perceber que três números dessa tabela satisfaziam suas condições, Dani comprou os três. A soma desses três números é","66","84","86","118","124","d"
"fd53bd9d-0ad9-4049-8847-3928209ac3b9","Matemática","III - Múltiplos e Divisores","Colégio Militar do Rio de Janeiro",2024,NA,"Ricardo estava no parque de diversões, e os seus três brinquedos favoritos (Brinquedos 1, 2 e 3) tinham filas de tamanhos diferentes. Em cada um desses brinquedos, um grupo de crianças da fila entrava, brincava e saía, dando lugar para um novo grupo de crianças entrar.

Ricardo contou quantas crianças havia na fila de cada brinquedo. Como ele sabia quantas crianças
entravam em cada grupo e quanto tempo levava a brincadeira, montou a seguinte tabela.

  ![](1762367435_Captura de tela 2025-11-05 153029.png){width=300px} 

Para decidir o brinquedo que iria, Ricardo considerou o tempo de espera, em minutos, para chegar a sua vez de brincar.

Escolhendo o brinquedo ______, o tempo de espera de Ricardo será um número ___________.

Assinale a alternativa que completa corretamente as duas lacunas da afirmativa acima.","3- divisível por 7","2- divisível por 9","1- múltiplo de 13","3 - múltiplo de 11","1- divisível por 15","c"
"4cb0d8d1-cb9e-46bd-8fc6-4d0864d4bccd","Matemática","II - As 4 Operações","Colégio Militar do Rio de Janeiro",2024,NA,"Na gravação de uma cena de um filme de faroeste, foi contratada uma quantidade mínima de figurantes. Todos deveriam usar uma calça, uma camisa, um par de botas e um chapéu. Esses vestuários chegavam ao set de filmagens embalados em caixas. Cada caixa de calças atendia a 90 figurantes; de camisas, a 120 figurantes; de botas, a 25 figurantes e de chapéus, a 180 figurantes.

Considerando que não houve sobras de vestuário em nenhuma das caixas e todos os figurantes ficaram vestidos de acordo com o previsto, qual a quantidade total de caixas necessárias para atendê-los?
","83","90","117","155","180","c"
"b43b17b0-3d22-490f-9347-9e937d9e6eb3","Matemática","VII - Tratamento da Informação","Colégio Militar do Rio de Janeiro",2024,NA,"Durante a Feira das Nações, realizada no CMRJ em 2024, os professores de cada uma das cinco disciplinas envolvidas atribuíram uma nota de 0,0 a 10,0 para cada turma. A nota final da turma corresponde à média aritmética dessas cinco notas. Uma das turmas ficou com nota final 8,3, mas esperava ter ficado com uma nota final maior. Por isso, solicitou revisão das notas dadas pelos professores de cada disciplina.

Ficou constatado que, de fato, uma delas havia sido digitada incorretamente. Após a correção, a nota final da turma passou a ser 9,7.

A partir dessas informações, conclui-se que a diferença entre as notas digitadas correta e incorretamente é","1,4","3,6","5,0","7,0","8,4","d"
"e689086c-a7be-49d8-936f-f3ab8b7cba79","Matemática","II - As 4 Operações","Colégio Militar do Rio de Janeiro",2024,NA,"Um dos atributos do aluno do Colégio Militar é jamais faltar a verdade, ou seja, jamais mentir. Para isso, é necessário ter **HONRA**.

O aluno Fábio, do CMRJ, resolveu fazer um teste com a aluna Jaqueline, sua amiga. Ele montou a tabela abaixo com as letras ""C"", ""M"", “R"" e ""J"" e as associou às letras ""H, “O"", ""N"", ""R"" e ""A"", da seguinte forma:

  ![](1762367731_Captura de tela 2025-11-05 153523.png){width=300px} 

Fábio perguntou se sua amiga saberia qual letra da palavra HONRA estaria relacionada à letra J que apareceria pela 2024ª vez.

Jaqueline acertou. Qual foi a resposta dela?","H","O","N","R","A","a"
"42ee2a3d-bfb2-44b6-b265-0112c64f8534","Matemática","II - As 4 Operações","Colégio Militar do Rio de Janeiro",2024,NA,"Nicole vai fazer uma festa de 15 anos e deseja enfeitar cada mesa do salão com um pequeno vaso de flores, contendo tulipas e rosas. Ela deseja fazer o maior número de vasos, todos idênticos, e com a mesma quantidade de tulipas e a mesma quantidade de rosas em cada um deles. Sabendo que a floricultura fará a entrega de 108 tulipas e 72 rosas para a confecção desses vasos e que todas as flores serão usadas, é correto afirmar que","cada vaso possuirá 6 tulipas.","serão montados 5 vasos com 36 flores cada.","cada vaso possuirá 5 flores.","serão montados 18 vasos com 10 flores cada.","cada vaso possuirá 8 rosas.","c"
"994d1cb6-f491-4002-a7a0-7b0050cb5b66","Matemática","II - As 4 Operações","Colégio Militar do Rio de Janeiro",2024,NA," Dois corredores A e B percorreram um trajeto de 10 quilômetros e combinaram alcançar juntos a linha de chegada. Ambos saíram juntos do ponto de largada. Em 1 hora, o corredor A conseguiu correr 8 quilômetros e seguiu nesse ritmo até completar o trajeto. O corredor B, inicialmente, fez a primeira metade do trajeto em 1 hora. Neste momento, ao perceber que estava muito atrás do corredor A, o corredor B aumentou seu ritmo de corrida para chegarem juntos à linha de chegada.

Se o corredor B tivesse mantido sempre o mesmo ritmo dessa segunda metade do trajeto, teria sido capaz de correr, em 1 hora, a distância de","10 km.","13 km.","16 km.","20 km.","24 km.","d"
"1170ee9c-14a4-4be4-878c-478466ec17be","Matemática","II - As 4 Operações","Colégio Militar do Rio de Janeiro",2024,NA,"Em uma partida de vôlei entre o Colégio Militar do Rio de Janeiro (CMRJ) e o Colégio Militar de Juiz de Fora (CMJF), foi distribuída uma camisa para cada um dos torcedores presentes nas seguintes condições:

- Cada um dos 56 torcedores do CMRJ ganhava uma camisa com as letras ""C"", ""M"", ""R"" ou ""J"".
- Cada um dos 28 torcedores do CMJF ganhava uma camisa com as letras ""C"", ""M"", ""J"" ou ""F"".
- Cada um dos 126 torcedores neutros, isto é, que não torcia nem para o CMRJ nem para o CMJF, ganhava uma camisa com as letras ""C"" ou ""M"".

Entre os torcedores do CMRJ, foi distribuída a mesma quantidade de camisas com as letras ""C"", ""M"", ""R"" e ""J"". O mesmo aconteceu entre os torcedores do CMJF e entre os torcedores neutros.

No fim da partida, a bola do jogo foi sorteada entre os torcedores. Qual a probabilidade de o sorteado ter recebido a camisa com a letra ""C""?","10%","16%","32%","40%","45%","d"
"08a5dd97-b55a-4d6b-9884-cf23d17c9a76","Matemática","II - As 4 Operações","Colégio Militar do Rio de Janeiro",2024,NA," Os alunos do CMRJ, Álvaro, Bernardo, Caio, Diego e Eduardo, atletas do time de basquete, estavam
treinando corrida, a fim de ganharem resistência. O treinamento se dava da seguinte maneira: o aluno corria 25 metros, batia numa parede e retornava ao ponto inicial. Somente nesse momento, o próximo aluno, partindo do mesmo ponto, iniciava, imediatamente, a sua corrida, fazendo o mesmo percurso.

O primeiro a correr foi o aluno Álvaro, seguido por Bernardo, depois por Caio, por Diego e, por último,
Eduardo, reiniciando novamente com Álvaro e assim sucessivamente.

Na tabela a seguir, encontra-se o tempo, em segundos, que cada um dos alunos levava para completar
seu percurso.

Se Álvaro iniciou o treinamento exatamente às 9 h 00 min 00 s, quem estava correndo quando o relógio marcava exatamente 9 h 27 min 20 s?

  ![](1762368063_Captura de tela 2025-11-05 154046.png){width=300px} ","Álvaro","Bernardo","Caio","Diego","Eduardo","c"
"f4197ed9-01c2-402f-b3f8-6a79bef39c31","Matemática","VI - Medidas Geométricas","Colégio Militar do Rio de Janeiro",2024,NA,"Existem 11 planificações diferentes do cubo. A figura abaixo mostra uma planificação de um cubo em cujas faces laterais foram escritas as letras C, M, Re J.

  ![](1762368140_Captura de tela 2025-11-05 154213.png){width=300px} 

Uma outra planificação possível para esse mesmo cubo é","  ![](1762368164_Captura de tela 2025-11-05 154236.png){width=300px} ","  ![](1762368188_Captura de tela 2025-11-05 154256.png){width=300px} ","  ![](1762368210_Captura de tela 2025-11-05 154318.png){width=300px} ","  ![](1762368229_Captura de tela 2025-11-05 154341.png){width=300px} ","  ![](1762368251_Captura de tela 2025-11-05 154401.png){width=300px} ","a"
"15a83e02-a5b2-408c-990f-398b1414a4b9","Matemática","V - Números Decimais","Colégio Militar do Rio de Janeiro",2024,NA,"Júlia está juntando sua mesada para comprar um videogame. Para ajudar na compra, sua avó deu a ela R$ 300,00 de presente no Dia das Crianças, o que corresponde a $\frac32$ de sua mesada.

Pelos cálculos de Júlia, 9 meses de mesada correspondem a 75% do valor total do videogame. Sendo
assim, a ajuda da avó de Júlia correspondeu a qual porcentagem do valor total do videogame?","5,0%","12,5%","15,0%","18,5%","25,0%","b"
"3028f266-7db7-461f-b834-af83b6b37438","Matemática","VI - Medidas Geométricas","Colégio Militar do Rio de Janeiro",2024,NA,"Na malha quadriculada abaixo, onde cada quadradinho mede 1 cm², foram construídos três triângulos, nomeados DEF, DGF, HIC, e identificados pelos números 1, 2 e 3, respectivamente.

  ![](1762368423_Captura de tela 2025-11-05 154655.png){width=300px} 

Comparando as áreas desses triângulos com a área de um quadrado de lado 32 mm, é correto afirmar que","a área do triângulo 1 é maior que a área do quadrado.","a área do quadrado é igual à área do triângulo 2.","a área do triângulo 3 é menor que a área do quadrado.","o dobro da área do quadrado é maior que a soma das áreas dos triângulos 2 e 3.","o triplo da área do quadrado é menor que soma das áreas dos triângulos 1, 2 е 3.","e"
"bf730529-27f2-40a8-ae87-88b6b1d8a55e","Matemática","IV - Frações","Colégio Militar do Rio de Janeiro",2024,NA,"Cecília aproveitou um período da manhã de sábado para estudar Língua Portuguesa, Redação
Matemática, realizando alguns intervalos para beber água e fazer um lanche rápido.

Utilizou $\frac16$ do período para resolver exercícios de Língua Portuguesa e, depois, $\frac3{10}$ do restante do período para fazer uma Redação. Em seguida, gastou $\frac12$ do período para a resolução de questões de Matemática. Os intervalos realizados por Cecília consumiram 28 minutos do período. Quantos minutos ela gastou para fazer a Redação, sabendo que não foi feito nenhum intervalo durante essa atividade?","56","84","100","140","168","b"
"d4416744-7d15-437a-9b26-c7ca79b15e03","Matemática","V - Números Decimais","Colégio Militar do Rio de Janeiro",2024,NA,"Ivy tem uma piscina plástica, no formato de um paralelepípedo com todas as faces retangulares, cujo fundo tem medidas internas de 1,8 m de comprimento por 1,2 m de largura e deseja enchê-la até que o nível de água atinja 60 cm.

Despejando na piscina 36 baldes grandes de água, completamente cheios, Ivy percebeu que o nível da água atingiu 20 cm. Nesse momento, o balde quebrou e, para finalizar o enchimento da piscina, foi necessário usar um outro balde com capacidade 25% menor que o anteriormente usado.

Qual a quantidade de baldes menores, completamente cheios de água, que lvy ainda precisará despejar na piscina para atingir o nível desejado?","36","48","64","72","96","e"
"44879ff3-3c47-48ce-a9c9-2bbd1a897db1","Matemática","IV - Frações","Colégio Militar do Rio de Janeiro",2024,NA,"Ana, Bia e Cida distribuíram um saco de jujubas em três potes iguais, preenchendo, inicialmente, dois terços do pote de Ana, três quartos do pote de Bia e um sexto do pote de Cida. Como cada uma delas queria encher completamente dois potes iguais aos três iniciais, elas abriram mais sacos de jujubas, idênticos ao primeiro, um de cada vez, e distribuíram as jujubas até completar inteiramente os seis potes, restando um pouco de jujubas apenas no último saco.

As jujubas restantes seriam suficientes para ocupar que fração de um outro pote, idêntico aos demais?","$\frac13$","$\frac3{10}$","$\frac7{12}$","$\frac16$","$\frac12$","a"
"8dfda3e6-145f-4b68-83bd-03b605ddb387","Português","CMRJ - 2024/2025","Colégio Militar do Rio de Janeiro",2024,NA,"  ![](1762368807_Captura de tela 2025-11-05 155319.png){width=300px} 

O texto l é uma **fábula**, ou seja, uma história na qual animais assumem características próprias do ser humano, participando como personagens da narrativa e, em sua parte final, há um ensinamento.

Considerando os dois primeiros parágrafos, a tartaruga e a lebre apresentam, respectivamente, um comportamento caracterizado pela","acolhida e vaidade."," indecisão e grosseria.","gentileza e humildade."," inconstância e modéstia.","prepotência e arrogância.","e"
"41fb5c48-9acf-49ef-a8e1-83e047c67a55","Português","CMRJ - 2024/2025","Colégio Militar do Rio de Janeiro",2024,NA," De acordo com o contexto, uma palavra pode adquirir diferentes significados. Analise as frases a seguir e marque a opção em que a palavra ""mole"" esteja sendo usada com o mesmo sentido em que foi empregada no seguinte fragmento da fábula (Texto I).

""Um dia uma tartaruga começou a contar vantagem, dizendo que corria muito depressa е que a lebre era muito **mole**."" (l. 01-02)","O sorvete está derretendo e ficando muito mole.","Gosto de comer ovo frito com a gema bem mole.","Concluiu a tarefa bem devagar, pois era muito mole.","O dente estava tão mole que acabou caindo sozinho.","A prova estava muito mole, logo todos acertaram tudo.","c"
"82d98f54-c60d-44f0-9ef0-47146245f5a0","Português","CMRJ - 2024/2025","Colégio Militar do Rio de Janeiro",2024,NA,"Em dois momentos da fábula (Texto I), são empregadas as **aspas**, cujo objetivo é","mostrar um diálogo.","explicar a fala da lebre.","marcar a fala do narrador.","indicar a fala da tartaruga.","reproduzir o pensamento da lebre.","e"
"d9a249da-3cc3-4dde-9a5e-570a93523a19","Português","CMRJ - 2024/2025","Colégio Militar do Rio de Janeiro",2024,NA,"Releia as passagens do texto I transcritas a seguir e assinale a alternativa que contém a explicação CORRETA, de acordo com o contexto, sobre os sentidos das palavras destacadas.

""Depois de brincar, resolveu tirar uma soneca à sombra **fresquinha** de uma árvore."" (l. 07-08)
""Enquanto isso, lá vinha a tartaruga com seu **jeitão**"" (l. 10-11)","**Fresquinha** indica o frescor pequeno enquanto **jeitão** se refere a um defeito da tartaruga.","**Fresquinha** indica fragilidade grande enquanto **jeitão** se refere a uma irritação intensa da tartaruga.","**Fresquinha** indica uma sombra bem arejada enquanto **jeitão** se refere a um modo de ser da tartaruga.","**Fresquinha** indica uma sombra muito recente enquanto **jeitão** se refere ao jeito desaforado da tartaruga.","**Fresquinha** indica uma sombra muito pequena enquanto **jeitão** se refere ao mediano tamanho tartaruga.","c"
"4e620557-cc94-49c9-9aa2-f7775edc99bc","Português","CMRJ - 2024/2025","Colégio Militar do Rio de Janeiro",2024,NA,"Ao longo da fábula (Texto I), o narrador emprega recursos como a oposição de ideias. O trecho da fábula que ilustra essa oposição é","""O dia estava quente, por isso lá pelo meio do caminho, a lebre teve a ideia de brincar"" (l. 06-07)","""Se por acaso a tartaruga me passar, é só correr um pouco e fico na frente de novo"" (l. 09)","""A lebre achava que não ia perder aquela corrida de jeito nenhum."" (l. 10)","""Bem que a lebre se levantou e saiu zunindo, mas nem adiantava!"" (e. 13-14)","""De longe, ela viu a tartaruga esperando por ela na linha de chegada."" (l. 14)","d"
"63b434bc-6654-4b9f-a574-54acf29f12aa","Português","CMRJ - 2024/2025","Colégio Militar do Rio de Janeiro",2024,NA," Toda história se organiza em torno de uma sequência de acontecimentos que estão interligados de forma a contribuírem para o desenvolvimento da narrativa. Uma dessas sequências em que se verifica uma **relação de causa e consequência** entre os fatos está presente no seguinte trecho do texto I:","""E enquanto falava, a tartaruga ria e ria da lebre."" (l. 02)","""Mas a lebre ficou mesmo impressionada foi quando a tartaruga resolveu apostar uma corrida com ela. (l. 02-03)"," ""Ora, a lebre dormiu tanto que esqueceu de prestar atenção na tartaruga."" (l. 12)","""Quando ela acordou, cadê a tartaruga?"" (l. 13)","""De longe, ela viu a tartaruga, esperando por ela na linha de chegada."" (l. 14)","c"
"b2f69226-b572-45c6-90af-7efbefd3ff10","Português","CMRJ - 2024/2025","Colégio Militar do Rio de Janeiro",2024,NA," Toda fábula apresenta uma moral, uma reflexão sobre algo que se procura ensinar. Na moral da fábula (Texto I) ""A lebre e tartaruga"", há o seguinte ensinamento:
","Aliar a paciência à constância permite atingir o sucesso.","Agir com lentidão e improviso garante realizar sonhos.","Persistir de forma displicente propicia obter resultados positivos.","Superar os obstáculos de forma irregular e contínua facilita ser vitorioso.","Atuar com hesitação e disciplina possibilita concretizar os objetivos da vida.","a"
"d56b8cfe-d423-4b56-b8ed-df229553a682","Português","CMRJ - 2024/2025","Colégio Militar do Rio de Janeiro",2024,NA,"  ![](1762369441_Captura de tela 2025-11-05 160352.png){width=300px} 
  ![](1762369524_Captura de tela 2025-11-05 160517.png){width=300px} 

Releia os seguintes versos:

""Eu te desejo não parar tão cedo/**Pois** toda idade tem prazer e medo""

A palavra destacada apresenta o sentido de","explicação.","oposição.","finalidade.","conformidade.","consequência.","a"
"58231ce9-45bd-4c43-9655-89d8946dc355","Português","CMRJ - 2024/2025","Colégio Militar do Rio de Janeiro",2024,NA," Em ""Quando você ficar triste, que seja por um dia, /E não o ano inteiro"" (v. 05-06 do texto II), as partes destacadas **que seja por um dia / E não o ano inteiro** indicam que os momentos de tristeza"," são raros e podem ser evitados, desde que o sujeito seja forte."," acontecem, mas não precisam ser excessivamente prolongados.","parecem pequenos no tempo do relógio, mas são eternos na alma.","são ilusórios, mas, quando negligenciados, tornam-se reais e duradouros."," não deveriam ter acontecido, mas podem ser evitados e jamais se repetirem.","b"
"0ca6dca5-facb-4494-8b0b-10aabb3f8e0f","Português","CMRJ - 2024/2025","Colégio Militar do Rio de Janeiro",2024,NA,"Nos versos ""Eu desejo que você ganhe dinheiro/ Pois é preciso viver também/E que você diga a ele, pelo menos uma vez, /Quem é mesmo o dono de quem"" (v. 25 - 28 do texto II), é feito o seguinte alerta:","Cultive outros valores para além do inútil dinheiro."," Enriqueça, pois o dinheiro é a maior fonte de felicidade.","Viva como se não houvesse amanhã, aproveite apenas o hoje.","Gaste toda sua vida trabalhando para acumular bens e riquezas.","Conquiste uma boa condição financeira, mas não se torne escravo do dinheiro.","e"
"8839036c-9332-4594-9f34-3274318edfaa","Português","CMRJ - 2024/2025","Colégio Militar do Rio de Janeiro",2024,NA,"A repetição de palavras é um recurso comumente empregado pelos compositores que pode contribuir para a construção do ritmo e/ou para a produção de algum sentido. Na letra da música (Texto II),a expressão ""Pra recomeçar"" que aparece repetidamente, principalmente na última estrofe, indica um (a)","dúvida sobre a importância do passado e do bem-estar do próximo.","valorização do humor entediante do dia a dia, cheio de mágoas, capaz de provocar muita ironia.","reação ao pensamento sonhador da vida cotidiana por não ter um momento extremamente dedicado ao descanso.","destaque na ideia de que é necessário saber construir novas oportunidades diante de negativas ou fracassos.","apagamento do desejo de se viver uma realidade acessível a todos com oportunidades marcadas por menos dificuldades sociais.","d"
"aee67c32-2bb3-4950-874e-5287ace5390d","Português","CMRJ - 2024/2025","Colégio Militar do Rio de Janeiro",2024,NA,"Releia, abaixo, três versos retirados da letra da música **""Pra recomeçar""** (Texto II):

I. ""Eu te desejo não parar **tão** cedo"" (v. 01)
II. ""E quando estiver **bem** cansado"" (v.10)
III. ""E **não** o ano inteiro"" (v. 18)

Os vocábulos destacados expressam, respectivamente, os sentidos de","certeza, modo, oposição.","certeza, certeza, negação.","intensidade, modo, negação.","intensidade, intensidade, negação.","quantidade, quantidade, oposição.","d"
"24580c5d-bbcf-4e80-9fe6-3c031f413bac","Português","CMRJ - 2024/2025","Colégio Militar do Rio de Janeiro",2024,NA,"  ![](1762369866_Captura de tela 2025-11-05 161100.png){width=300px} 
  ![](1762369886_Captura de tela 2025-11-05 161120.png){width=300px} 
  ![](1762369905_Captura de tela 2025-11-05 161140.png){width=300px} 
  ![](1762369927_Captura de tela 2025-11-05 161159.png){width=300px} 

Segundo o texto III, há distintos entendimentos sobre o que seja a disciplina. Existe o que algumas pessoas frequentemente consideram ser a disciplina e aquilo que ela, de fato, é. Marque a alternativa em que tais entendimentos sobre a disciplina são, respectivamente, apresentados:","A disciplina é considerada algo negativo, mas, na verdade, ela é subestimada.","A disciplina é considerada algo bom e frágil, mas, na verdade, ela é um desafio.","A disciplina é considerada algo eficaz, mas, na verdade, ela é muito improdutiva.","A disciplina é considerada algo desprezado, mas, na verdade, ela é de grande valia.","A disciplina é considerada algo muito bom, mas, na verdade, ela é desestruturadora.","d"
"9e62f68e-1e25-453b-bd09-17021fdce153","Português","CMRJ - 2024/2025","Colégio Militar do Rio de Janeiro",2024,NA,"Releia o trecho do texto IIl a seguir:

""No entanto, ela é a **cola** que mantém a dinâmica da sala de aula unida,"" (l. 02-03).

De acordo com o contexto em que foi empregada, a palavra ""cola"" expressa sentido de um (a)"," sinal que se deixa ao se passar.","conexão entre as partes de um todo.","modo de se vigiar o comportamento de alguém.","meio de se obter desonestamente as respostas de uma prova.","substância grudenta usada para ligar materiais como madeira, papel etc.","b"
"a01aab92-771c-428a-a949-5a1a42a0086f","Português","CMRJ - 2024/2025","Colégio Militar do Rio de Janeiro",2024,NA," No texto III, há um comentário sobre a importância da disciplina na sala de aula hoje em dia. Imagine que autor tivesse feito esse comentário, expressando uma possibilidade, projetando como a disciplina será importante no futuro. Nesse caso, a forma conjugada dos verbos precisaria ser modificada para adequadamente expressar essas ideias no futuro.

Flexione os verbos entre parênteses no futuro do presente e marque a sequência **CORRETA** que preenche os espaços com **(*)**.

*A disciplina em sala de aula **(*)** **(AFETAR)** profundamente o comportamento dos alunos. Regras claras e expectativas bem definidas **(*)** **(INCENTIVAR)** o respeito mútuo, a responsabilidade e a autodisciplina. Os alunos **(*)** **(APRENDER)** a valorizar o tempo, a escutar os outros e a respeitar as diferenças, **(*)** **(DESENVOLVER)** habilidades importantes de resolução de conflitos e tomada de decisão. (l. 23-26)*
","afetava, incentivam, aprendiam, desenvolviam.","afetará, incentivarão, aprenderão, desenvolverão.","afetará, incentivaram, aprenderam, desenvolveram.","afetará, incentivaram, aprenderão, desenvolveram.
","afetaria, incentivariam, aprenderiam, desenvolveriam.","b"
"34272547-3943-4ebe-ab6c-f82ede42ef5f","Português","CMRJ - 2024/2025","Colégio Militar do Rio de Janeiro",2024,NA," De acordo com o texto III, as virtudes que um aluno pode adquirir se for estimulado a estudar com
disciplina são as seguintes:","perseverança, respeito e autocuidado.","responsabilidade, integridade e medo.","concentração, agilidade e amabilidade.","responsabilidade, respeito e integridade.","velocidade, submissão e tranquilidade.","d"
"aeec0be3-c986-4681-ac0a-d16d2e08d8ff","Português","CMRJ - 2024/2025","Colégio Militar do Rio de Janeiro",2024,NA,"Releia o fragmento do texto III a seguir:

""De fato, o envolvimento dos pais pode desempenhar um papel crucial na manutenção da disciplina. Entender como os pais podem ajudar e a importância do **seu** engajamento na educação dos filhos é fundamental para uma abordagem abrangente da disciplina."" (l. 48-50)

A palavra destacada refere-se ao (s)","filhos.","pais.","papel.","professores.","envolvimento.","b"
"85ffb362-51b6-4a89-a87f-ac2f1be65047","Português","CMRJ - 2024/2025","Colégio Militar do Rio de Janeiro",2024,NA,"Ao abordar os impactos da disciplina na sala de aula, o texto III","destaca insegurança do jovem diante da liberdade.","valoriza mais a criatividade do que a concentração.","reforça a capacidade de produção no caos criativo.","ressalta a importância da disciplina no caráter dos alunos.","revela a superioridade do professor em relação aos alunos.","d"
"6271a835-7178-4dc9-9c5f-3d35cd8538a1","Português","CMRJ - 2024/2025","Colégio Militar do Rio de Janeiro",2024,NA,"Em ""Por fim, os pais podem se envolver ativamente na vida escolar **dos** filhos"" (l. 59 do texto III), o sentido do vocábulo destacado é","posse.","causa.","modo.","origem.","direção.","a"
"26545989-38ee-44c1-8d86-de57392fe473","Português","CMRJ - 2024/2025","Colégio Militar do Rio de Janeiro",2024,NA,"Os textos I, II e III abordam uma atitude positiva para a construção de uma vida de sucesso. As palavras que representam, respectivamente, essa atitude são","coragem, luta e superação.","união, amor e inteligência.","superação, perseverança e respeito.","transformação, competição e disciplina.","solidariedade, perseverança e aprendizado.","c"
"d14b6116-8c38-411f-a468-dea9f8ca9b0f","Matemática","V - Números Decimais","Colégio Militar de São Paulo",2024,NA,"  ![](1762438668_Captura de tela 2025-11-06 111701.png){width=300px} 

A figura acima representa a vista aérea de uma chácara que possui seis lados. Cada lado pertence a uma rua. Sabe-se que a Rua Alfa mede exatos $240 \text{ m}$; a Rua Beta mede $\frac{7}{8}$ da Rua Alfa; a Rua Sigma mede $75\%$ de Beta; a Rua Gama tem a medida da Rua Beta acrescida de $\frac{1}{20}$ (um vinte avos) da medida da Rua Alfa. Sabe-se, ainda, que a Rua Ômega é $35 \text{ m}$ menor do que Alfa e que a Rua Delta tem a mesma extensão da Rua Gama. Sendo assim, determine o perímetro dessa chácara.","$1151,5 \text{ m}$","$1244,5 \text{ m}$","$1251 \text{ m}$","$1256,5 \text{ m}$","$1291,5 \text{ m}$","d"
"f01c9d94-68c7-42d2-8776-fc8f2a7174c8","Matemática","I - Sistema de Numeração","Colégio Militar de São Paulo",2024,NA,"Em um sistema de numeração romano, os seguintes números são apresentados: CDXCIX, CMXCIX e DCCLXXXIX. O valor da soma desses três números é:","MMCCLXXXVII","MMCLXXVII","MMCLXXVIII","MMCCLXXVIII","MMCXCVII","a"
"f66dfea0-c072-4110-95ff-7cb4bed09aca","Matemática","V - Números Decimais","Colégio Militar de São Paulo",2024,NA,"Dona Anabela preparou um suco para o lanche das crianças em uma jarra com capacidade de $1,5$ litro. O suco preparado ocupou $\frac{2}{3}$ da capacidade da jarra.

Ela misturou água ao suco concentrado de maracujá, sendo que $30\%$ do volume era suco concentrado. Se ela adicionar mais $200 \text{ ml}$ de água à mistura, qual será o novo percentual de suco concentrado de maracujá?","20%","25%","30%","35%","50%","b"
"dade6782-454c-4b5a-8f85-7cc7f4ec4daf","Matemática","II - As 4 Operações","Colégio Militar de São Paulo",2024,NA,"Giselda, Pedro e Fernanda participaram de uma gincana e, como prêmio, ganharam uma caixa de bombons. Após contarem os bombons, afirmaram:

- Giselda: ""Se você retirar 19 bombons da caixa cinco vezes seguidas, restarão mais de 5 bombons na caixa"".
- Fernanda: ""É impossível retirar 20 bombons da caixa cinco vezes seguidas, pois a quantidade é insuficiente"".
- Pedro diz: ""Uma de vocês está certa.""

Levando-se em consideração que Pedro está errado, quantos bombons havia dentro da caixa?","Havia mais de 100 bombons dentro da caixa.","Havia menos de 100 bombons dentro da caixa.","Havia exatamente 95 bombons dentro da caixa.","Havia exatamente 100 bombons dentro da caixa.","Havia exatamente 105 bombons dentro da caixa.","d"
"e1199cd7-bff8-4a48-8de4-c8d27f388b0e","Matemática","VI - Medidas Geométricas","Colégio Militar de São Paulo",2024,NA,"Marcelo tem um cubo de madeira pintado de verde por fora. O cubo tem aresta de $3 \text{ cm}$. Marcelo imagina este cubo dividido em pequenos cubos com aresta de $1 \text{ cm}$. Quantos desses pequenos cubos seriam criados a partir do cubo verde?","27 cubos","12 cubos","8 cubos","6 cubos","3 cubos","a"
"5ee87034-a8dd-499e-b70a-9e2b76ee27cb","Matemática","II - As 4 Operações","Colégio Militar de São Paulo",2024,NA,"A cidade de São Paulo possui diversos parques, os quais recebem milhões de visitantes anualmente.

A tabela a seguir mostra a lista dos 6 (seis) parques mais visitados, no $1^{\circ}$ semestre de 2023, com a quantidade aproximada de visitantes:

  ![](1762439979_Captura de tela 2025-11-06 113931.png){width=300px} 

Qual o número total de visitantes nesses parques, no primeiro semestre de 2023?","$14 \text{ mil e } 83$ visitantes.","$14 \text{ mil e } 830$ visitantes.","$14 \text{ milhões e } 830$ visitantes.","$14 \text{ milhões e } 83 \text{ mil visitantes}$.","$14 \text{ milhões e } 830 \text{ mil visitantes}$.","e"
"4277840d-6a23-4864-a1cb-254086780fd7","Matemática","VI - Medidas Geométricas","Colégio Militar de São Paulo",2024,NA,"Para melhorar a ventilação da área de lazer de sua casa, a mãe de uma aluna do Colégio Militar de São Paulo contratou um arquiteto para fazer aberturas em uma das paredes do espaço. O arquiteto informou para sua cliente que o custo do $\text{m}^2$ de abertura em paredes é de $R\$ 25,50$ e que as aberturas serão feitas de modo que dividam a parede retangular em três segmentos de igual altura, sendo o $1^{\circ}$ segmento dividido em 5 partes iguais, o $2^{\circ}$ segmento em 4 partes iguais e o $3^{\circ}$ segmento em 3 partes iguais, conforme as figuras a seguir:

  ![](1762440745_Captura de tela 2025-11-06 115218.png){width=300px} 

A parede tem área total de $90 \text{ m}^2$ e as áreas sombreadas correspondem às aberturas que serão realizadas na parede. Calcule o valor total que a mãe gastará na obra:","R$ 739,50","R$ 765,00","R$ 775,00","R$ 790,50","R$ 816,00","d"
"0cfb5d32-5c71-4c89-914d-3a056e81e800","Matemática","VI - Medidas Geométricas","Colégio Militar de São Paulo",2024,NA,"Durante uma missão do Exército Brasileiro, um veículo militar percorreu uma distância total de $1780000$ metros em 9 trechos. O primeiro trecho foi de $220 \text{ Km}$. Os 8 trechos restantes tinham a mesma quilometragem. A quilometragem de cada um desses 8 trechos restantes é:","$196 \text{ Km}$","$195 \text{ Km}$","$194 \text{ Km}$","$193 \text{ Km}$","$192 \text{ Km}$","b"
"03393ede-97ac-44ed-82a2-edae5da559e3","Matemática","III - Múltiplos e Divisores","Colégio Militar de São Paulo",2024,NA,"Em frente ao Colégio Militar de São Paulo, passam quatro linhas de ônibus diferentes, de modo contínuo e sem atrasos:

  ![](1762441075_Captura de tela 2025-11-06 115739.png){width=300px} 

Se às 10 horas da manhã, do $1^{\circ}$ de junho de 2024, essas quatro linhas chegam no mesmo instante ao ponto de ônibus em frente ao colégio, qual o próximo horário em que isso ocorrerá?","às $13 \text{ h}$, do dia $1^{\circ}$ de junho de 2024.","às $21 \text{ h}$, do dia $1^{\circ}$ de junho de 2024.","às $7 \text{ h}$, do dia $2$ de junho de 2024.","às $21 \text{ h}$, do dia $2$ de junho de 2024.","às $10 \text{ h}$, do dia $2$ de junho de 2024.","c"
"946eb381-6fc1-402d-b6c5-0a02b4951d73","Matemática","II - As 4 Operações","Colégio Militar de São Paulo",2024,NA,"Felipe resolveu abrir o seu cofrinho e descobriu que conseguiu juntar 35 moedas de 25 centavos. Enquanto seu primo, João, que também abriu o seu cofrinho, conseguiu juntar 46 moedas de 10 centavos e 43 moedas de 5 centavos. Sabendo disso, qual alternativa abaixo fará com que ambos igualem suas quantias em dinheiro?","Felipe doará 4 moedas para João.","João doará 5 moedas de 10 centavos e 10 moedas de 5 centavos.","João doará 40 moedas de 5 centavos.","Felipe doará 8 moedas para João.","Nenhuma, pois possuem a mesma quantidade de dinheiro.","a"
"d474236f-0a77-421e-be71-fed5f546a348","Matemática","V - Números Decimais","Colégio Militar de São Paulo",2024,NA,"Dada a expressão:

$$3,5 - \left\{ 6 + \frac{9}{14} \div \frac{5}{21} - \left[ \frac{57}{15} \times \left( 1,93 - 0,87 + \frac{47}{50} \right) \right] \right\} =$$

Ao representarmos o resultado como uma fração irredutível, encontramos:","$\frac{3}{5}$","$\frac{6}{5}$","$\frac{8}{5}$","$\frac{11}{5}$","$\frac{12}{5}$","e"
"b071cd6e-b642-4a8b-a351-28b2a70b205d","Matemática","VI - Medidas Geométricas","Colégio Militar de São Paulo",2024,NA,"A figura abaixo ilustra um triângulo $ABC$ em uma malha quadriculada. Sabe-se que $\boldsymbol{BC = 18 \text{ cm}}$ e que a área do triângulo $\boldsymbol{ACE}$ é igual a $\boldsymbol{38 \text{ cm}^2}$. Assim, pode-se afirmar que a área do triângulo $\boldsymbol{ADE}$ é igual a:

  ![](1762441737_Captura de tela 2025-11-06 120839.png){width=300px} ","$27,5 \text{ cm}^2$","$27,75 \text{ cm}^2$","'$28,5 \text{ cm}^2$","$28,75 \text{ cm}^2$","$29,5 \text{ cm}^2$","c"
"05496f9c-3bba-493c-b984-d8f9d643862c","Matemática","III - Múltiplos e Divisores","Colégio Militar de São Paulo",2024,NA,"O Colégio Militar de São Paulo organizou uma campanha para apoiar as pessoas afetadas pelas enchentes no Rio Grande do Sul, em maio de 2024. Foram arrecadados 630 pacotes de fraldas, 2100 garrafas de água mineral e 252 pacotes de leite em pó.

Os voluntários organizaram os itens arrecadados em kits, utilizando-se do maior número possível de cada item e de modo que a quantidade de pacotes de fraldas, de garrafas de água mineral e de pacotes de leite em pó de um kit fosse a mesma em todos os kits.

Então, quantos pacotes de fraldas foram colocados em cada um dos kits?","06","12","15","21","42","c"
"c09285a6-15d7-4626-9eb4-c6484b2cd620","Matemática","III - Múltiplos e Divisores","Colégio Militar de São Paulo",2024,NA,"Três alunos se reuniram para jogar tênis de mesa no intervalo das aulas:

![](1762442070_Captura de tela 2025-11-06 121416.png){width=300px} 

Assinale a alternativa correta referente ao nome e ao sobrenome de cada um dos três alunos:","Enzo Silva, José Souza, Antônio Santos.","Enzo Santos, José Silva, Antônio Souza.","Enzo Santos, José Souza, Antônio Silva.","Enzo Souza, José Silva, Antônio Santos.","Enzo Silva, José Santos, Antônio Souza.","e"
"792eb0ee-63e5-45c5-b1eb-4ddaa5d05b38","Matemática","II - As 4 Operações","Colégio Militar de São Paulo",2024,NA,"""Três vezes a soma dos números $38947$ e $12711$, dividida por seis vezes a diferença entre os números $9127$ e $8004$.""

Marque a alternativa correta para o valor do quociente dessa sentença.","23","25","28","32","35","a"
"a653d9ea-8d92-404f-bacb-901b6ea74f70","Matemática","V - Números Decimais","Colégio Militar de São Paulo",2024,NA,"Um aluno do Colégio Militar de São Paulo auxilia o seu pai nos cuidados de um aquário para a criação de peixes que possuem em casa. O aquário possui o formato de um paralelepípedo retângulo e sua parte interna, que contém água, tem como medidas $60 \text{ cm}$ de altura e $80 \text{ cm}$ por $40 \text{ cm}$ de base.

Em um dia de limpeza, o aquário estava com sua capacidade máxima ocupada e o aluno retirou exatamente $\frac{1}{3}$ da quantidade de água do aquário para troca. Sabendo que, para repor a água, o aluno possui um balde com capacidade de $128 \text{ dL}$, quantos baldes cheios d'água serão necessários para encher novamente o aquário?","3 baldes.","5 baldes.","8 baldes.","12 baldes.","15 baldes.","b"
"fc2a7c10-cc85-4956-8fa8-26423f00a231","Matemática","V - Números Decimais","Colégio Militar de São Paulo",2024,NA,"Um produtor do interior de Pernambuco vende sua produção de uvas de duas maneiras:

1. uvas naturais, que passam apenas pelo processo de lavagem, por $R\$ 7,25$ o quilograma; e
2. uvas desidratadas (uva passa) que são vendidas por $40\%$ a mais que o preço do quilograma das uvas naturais. Entretanto, o processo de desidratação faz com que as uvas percam $\frac{3}{5}$ de seu peso.

No ano de 2023, o produtor vendeu $60\%$ de uvas naturais, $35\%$ de uvas desidratadas e o restante foram uvas impróprias para comercialização. Sabe-se que naquele ano (2023) foram colhidos $52 \text{ kg}$ de uvas.

Desse modo, pode-se afirmar que o valor arrecadado pelo produtor, com a venda da sua produção, foi de aproximadamente:","$R\$ 272,39$.","$R\$ 300,10$.","$R\$ 377,00$.","$R\$ 410,93$.","$R\$ 437,32$.","b"
"ef8dcee0-adb4-4c22-9b94-68df7a09ac3d","Matemática","VI - Medidas Geométricas","Colégio Militar de São Paulo",2024,NA,"Na aula de matemática, o professor pediu para que os alunos calculassem a área do triângulo $\boldsymbol{BHI}$.

 ![](1762442658_Captura de tela 2025-11-06 122248.png){width=300px} 

O professor colocou as seguintes orientações na lousa:

- A área do quadrado $CDEF$ é igual a $16 \text{ cm}^2$;
- O segmento de reta $\overline{AB}$ divide o lado $\overline{CD}$ do quadrado ao meio;
- O retângulo $ABDI$ tem área igual a $14 \text{ cm}^2$;
- O segmento $\overline{GF}$ é igual à metade do segmento $\overline{DI}$.

Os alunos encontraram como resposta correta: ","$\frac{151}{4} \text{ cm}^2$","$\frac{109}{4} \text{ cm}^2$","$\frac{105}{4} \text{ cm}^2$","$\frac{131}{4} \text{ cm}^2$","$\frac{110}{4} \text{ cm}^2$","c"
"e3a48559-116e-493d-a5df-bbd10344f53b","Matemática","V - Números Decimais","Colégio Militar de São Paulo",2024,NA,"Nos Colégios Militares, os alunos têm 6 aulas por dia. As aulas começam às $7 \text{ h } 15 \text{ min}$, com a duração de $45 \text{ minutos}$ cada uma. Há um intervalo de $20 \text{ minutos}$ entre o $3^{\circ}$ e o $4^{\circ}$ tempos de aula. A professora de matemática começou uma prova faltando $15 \text{ minutos e } 45 \text{ segundos}$ para iniciar o $5^{\circ}$ tempo de aula, e o último aluno entregou a prova faltando $\frac{1}{5}$ de uma aula para terminar o $6^{\circ}$ tempo. Quanto tempo o último aluno levou para finalizar a prova?","$2 \text{ h } 42 \text{ min } 19 \text{ segundos}$.","$2 \text{ h } 55 \text{ min } 19 \text{ segundos}$.","$1 \text{ h } 42 \text{ min } 49 \text{ segundos}$.","$1 \text{ h } 36 \text{ min } 45 \text{ segundos}$.","$1 \text{ h } 27 \text{ min } 45 \text{ segundos}$.","d"
"559be6c3-71c8-4c84-a8e6-293a1020c80f","Matemática","V - Números Decimais","Colégio Militar de São Paulo",2024,NA,"Você ganhou uma caixa com $20$ doces no seu aniversário. Os doces são de diferentes tipos e cores.A caixa contém:

- $5$ doces de chocolate ao leite;
- $7$ doces de chocolate branco; e
- $8$ doces de chocolate meio amargo.

Qual é a probabilidade de que, ao se retirar um doce da caixa, o doce seja de chocolate meio amargo?","27,5%","30%","32,5%","35%","40%","e"
"445a4ab3-c38a-42b4-9103-b28b99d6679f","Português","CMSP - 2024/2025","Colégio Militar de São Paulo",2024,NA,"TEXTO 1

A viagem de volta para casa seria longa. Na estrada, eu recordava as aventuras que vivi e me lembrei de quando ouvi no rádio a ameaça para que jornalistas não viajassem ao vale do Swat. Agora a salvo, liguei o rádio do carro e ouvi outra notícia.

Dessa vez, uma notícia boa: a de que Malala havia acordado do sono!

Ela estava em um hospital para tratamento de feridos de guerra, o Queen Elizabeth Hospital. Fica na Inglaterra, a terra da rainha — aquela mesma, que visitou o vale do Swat um dia.

Malala tinha sido transferida para esse hospital enquanto dormia. Ao acordar, percebeu que estava sozinha em um lugar estranho. Tinha dificuldade para respirar e já não podia sorrir. A bala tinha ferido o lado esquerdo de seu rosto delicado. Por um instante, Malala ficou triste ao se olhar no espelho. Mas logo voltou a se sentir feliz, porque estava viva!

O pai, a mãe e os irmãos viajaram para a Inglaterra e seu reencontro foi muito emocionante. — Na noite passada, quando nós a reencontramos, havia lágrimas em nossos olhos, mas eram de felicidade, fe-li-ci-da-de! — disse Ziauddin, logo depois de a filha acordar.

Enquanto Malala dormia, sua vida mudou. E o mundo mudou um pouquinho também.

A notícia de sua quase morte tinha se espalhado como um “fogo na floresta”, me disse seu tio, Ahmed Shah, e ele tinha razão.

Com o atentado, os homens das montanhas pretendiam calar Malala, mas o feitiço virou contra os feiticeiros. No lugar disso, eles fizeram com que sua voz se tornasse ainda mais forte. Malala passou a ser ouvida nos quatro cantos e fez novos amigos no mundo inteiro. Todos acenderam velas e fizeram vigília por sua recuperação.

Malala ficou quatro meses internada e passou por quatro cirurgias.

Adivinhem qual foi a primeira coisa que Malala pediu que levassem para ela no hospital, quando acordou? Livros! Devagarzinho, ela recomeçou a ler e a escrever. Já respirava melhor e, aos poucos, voltou a falar e a ouvir. Ela emocionou o mundo com um discurso feito na ONU!

Sua luta pela educação das meninas ganhou atenção global e muita gente doou e milhares de pessoas se uniram a ela. Malala recebeu doações para ajudar milhões de meninas e meninos que ainda estão fora da escola. Ela entrou para a lista das cem pessoas mais gregárias do mundo e se tornou a mais jovem ganhadora do prêmio Nobel da paz!

Cinco meses e dez dias depois do tiro, Malala estava de volta à sala de aula, em uma escola só para meninas, chamada Edgbaston High School, na cidade inglesa de Birmingham, onde a família agora vive.

— Eu realizei um sonho. Penso que é o momento mais feliz da minha vida porque estou voltando para a escola. Hoje eu tenho meus livros, minha mochila, e vou aprender... Eu quero aprender sobre política, sobre direitos sociais e sobre a lei. Eu quero aprender sobre como posso mudar o mundo — ela disse, no primeiro dia de aula. O primeiro dia do resto de sua vida.

E Malala voltou a sorrir. Porque continuava sendo apenas uma menina que queria ir para a escola.

**Qual das seguintes opções melhor descreve o tema central do trecho do livro ""Malala, a menina que queria ir para a escola""?**","A influência da mídia na disseminação da história de Malala.","A importância da comunidade internacional na recuperação de Malala.","O papel da educação na resistência de Malala, simbolizado por sua jornada.","A superação dos desafios físicos que Malala enfrentou após o atentado.","A notícia da recuperação de Malala, que havia acordado depois de quatro meses em coma.","c"
"d971449c-291a-4b64-a771-c82f7bd53e35","Português","CMSP - 2024/2025","Colégio Militar de São Paulo",2024,NA,"Leia o trecho a seguir:

""Ela entrou para a lista das cem pessoas mais $\underline{egrégias}$ do mundo e se tornou a mais jovem ganhadora do prêmio Nobel da paz!""

A partir do contexto do trecho acima, identifique a alternativa que melhor substitui a palavra ""egrégias"" sem alterar seu sentido original.","Influentes","Corajosas","Vingativas","Prestativas","Individualistas","a"
"73c69657-9556-41dc-bc39-cc32e6eca9a5","Português","CMSP - 2024/2025","Colégio Militar de São Paulo",2024,NA,"Em um texto narrativo, o narrador assume uma perspectiva específica para contar a história. Considerando as características do trecho extraído do livro ""Malala, a menina que queria ir para a escola"", assinale qual alternativa melhor descreve o tipo de narrador da referida obra.","O narrador é observador que narra em terceira pessoa, observando os eventos sem interferir na história.","O narrador é um personagem que narra em terceira pessoa, que está diretamente envolvido nos eventos.","O narrador é onisciente e narra em terceira pessoa, fornecendo detalhes sobre os sentimentos e pensamentos de Malala e de outros personagens.","O narrador é um personagem que narra em primeira pessoa, que compartilha suas próprias emoções e experiências enquanto relata os eventos vividos por Malala.","O narrador é onisciente e narra em terceira pessoa, oferecendo uma visão ampla e detalhada sobre todos os personagens, mas limitando-se a relatar apenas os eventos presenciados por ele.","d"
"4b93835f-287f-480e-b3af-8cbfee702c04","Português","CMSP - 2024/2025","Colégio Militar de São Paulo",2024,NA,"A expressão em destaque a seguir não está no seu sentido literal, ou seja, como normalmente aparece:

""Com o atentado, os homens das montanhas pretendiam calar Malala, mas o **feitiço virou contra os feiticeiros""**

Marque a opção em que o trecho sublinhado também está no seu sentido figurado.","Fica na Inglaterra, a $\underline{\text{terra da rainha}}$.","Tinha dificuldade para respirar e $\underline{\text{já não podia sorrir}}$.","A notícia de sua quase morte tinha se espalhado como um $\underline{\text{fogo na floresta}}$, me disse seu tio, Ahmed Shah, e ele tinha razão.","Malala $\underline{\text{ficou quatro meses internada}}$ e passou por quatro cirurgias.","Malala recebeu doações para ajudar $\underline{\text{milhões de meninas e meninos}}$ que ainda estão fora da escola.","c"
"c6d40db9-924f-48ec-8ce7-373bbaf27f2a","Português","CMSP - 2024/2025","Colégio Militar de São Paulo",2024,NA,"  ![](1762449860_Captura de tela 2025-11-06 142412.png){width=300px} 

O que significa a fala da personagem ""A minha melhor vingança será educar a todos!"", no contexto da charge?","A personagem quer se vingar de alguém em específico.","A personagem quer mostrar que a vingança não é o melhor caminho.","A personagem acha que a educação é uma tarefa que requer ser vingativo.","A personagem quer usar a educação como uma ferramenta de transformação social.","A personagem quer usar a educação como uma forma de dominação e controle sobre os outros.","d"
"b8653d73-5d5b-42ab-b89f-a1633d1e69ea","Português","CMSP - 2024/2025","Colégio Militar de São Paulo",2024,NA,"""O pai, a mãe e os irmãos viajaram para a Inglaterra e seu $\underline{\text{reencontro}}$ foi muito emocionante.""

Os prefixos são elementos que se juntam às palavras para modificar ou intensificar seus significados. O prefixo ""re-"", por exemplo, geralmente traz a ideia de ""novamente"" ou ""de novo"", como em ""reencontro"".

Em qual das palavras a seguir o prefixo ""re-"" traz um sentido **diferente** do abordado acima?","Rejeitar","Revisitar","Relembrar","Recomeçar","Reescrever","a"
"5cc9d829-cb2b-4585-9c79-bf3fde3336d2","Português","CMSP - 2024/2025","Colégio Militar de São Paulo",2024,NA,"Na gramática de Evanildo Bechara, encontramos o seguinte conceito sobre o uso do modo subjuntivo: ""[...] ocorre normalmente nas orações independentes optativas, nas imperativas negativas e afirmativas, nas dubitativas com o advérbio talvez e nas subordinadas em que o fato é considerado como **incerto, duvidoso ou impossível de se realizar.""**

Nesse contexto, em qual das alternativas abaixo o verbo está no modo subjuntivo?","A minha melhor vingança será quando eu tiver educado a todos.
","Malala pretende educar a todos como vingança.","Educar a todos é minha melhor vingança.","Eduque a todos para melhor se vingar.","Educando a todos, irei me vingar.","a"
"492b592a-309c-4b1e-b3c5-819ece53ef0a","Português","CMSP - 2024/2025","Colégio Militar de São Paulo",2024,NA,"Texto 3

  ![](1762450395_Captura de tela 2025-11-06 143306.png){width=300px} 

O ex-aluno do Colégio Militar de São Paulo (CMSP), Jorge Miguel Kudlovics, foi recebido na Escola Preparatória de Cadetes do Ar (EPCAR), em Barbacena (MG), no dia 13 de janeiro. Aprovado aos 15 anos na 32ª colocação geral no exame de seleção do Curso Preparatório de Cadetes do Ar (CPCAR), o estudante é um dos calouros dentre os aprovados no concurso da escola que é o primeiro passo de entrada para a Academia da Força Aérea (AFA) – responsável por formar Oficiais de carreira da Força Aérea Brasileira (FAB).

O aluno Kudlovics, com 16 anos recém-completados no último dia 5, chegou à EPCAR, onde irá cursar o ensino médio, acompanhado do pai, Luís Miguel Kudlovics. Para entrar na instituição, ele superou mais de 20 mil concorrentes.

O estudante, agora estagiário da Força Aérea Brasileira, participou no último fim de semana da tradicional cerimônia de transposição do Portão da Guarda, que simboliza o ingresso no Estabelecimento de Ensino e o início da carreira militar.

Na sequência, já em regime de internato, ele iniciou o Estágio de Adaptação à Atividade Militar, que tem como objetivo introduzir aos novos alunos, em 26 dias, os princípios normativos que regem a rotina estudantil e militar da EPCAR.

No próximo dia 7, está prevista a entrega de platinas, marca significativa na vida dos novos integrantes da tropa mais jovem da FAB. A idade mínima para entrar na instituição é 14 anos, e a maioria dos aprovados para ingresso na EPCAR neste ano têm 17 e 18 anos.

A expectativa do aluno Kudlovics é que a experiência na EPCAR traga amadurecimento. “Eu espero por esse momento desde que eu era criança. Lembro do meu pai me levando aos desfiles de 7 de setembro e de ficar admirando os militares, querendo fazer parte. Eu espero na EPCAR já ter a rotina que eu gosto: preparo físico e muito estudo. Meu sonho é fazer um campo e, claro, crescer nesse período”, disse.

Para a família, o momento também é de adaptação à rotina do filho. “Há aquela apreensão normal, como pai, de saber as experiências que ele está vivenciando, se está aguentando esse início de treinamento físico e as missões. Mas tenho a certeza que estão todos muito bem assistidos. Estou acostumando com essa distância e com a falta do contato, por causa do internato, que já nos deixa com certa ansiedade. Entretanto, torço para que nesses 26 dias todos superem essa etapa”, afirmou o pai do aluno Kudlovics.

Leia os trechos abaixo:

1. ""O ex-aluno do $\underline{\text{Colégio}}$ Militar de São Paulo (CMSP)...""
2. ""O estudante, agora estagiário da Força $\underline{\text{Aérea}}$ Brasileira...""
3. ""No $\underline{\text{próximo}}$ dia 7, está prevista a entrega de platinas, marca significativa na vida dos novos integrantes da tropa mais jovem da FAB.""

As palavras que seguem, respectivamente, as mesmas regras quanto à acentuação da sílaba tônica das palavras destacadas são:","Sequência- início- mínima.","Estágio- início- também.","Próximo- aéreo- físico.","Aérea- físico- mínima.","Já- período- também.","a"
"ca3136b3-d972-4f1b-88c3-5e6c8f934601","Português","CMSP - 2024/2025","Colégio Militar de São Paulo",2024,NA,"Leia o trecho a seguir e responda ao que se pede:

""A expectativa do aluno Kudlovics é que a experiência na EPCAr traga amadurecimento. 'Eu espero por esse momento desde que eu era criança. Lembro do meu pai me levando aos desfiles de 7 de setembro e de ficar admirando os militares, querendo fazer parte. 

Eu espero na EPCAr já ter a rotina que eu gosto: preparo físico e muito estudo. Meu sonho é fazer um campo e, claro, crescer nesse período', disse. Para a família, o momento também é de adaptação à rotina do filho.""

De acordo com o trecho, o objetivo do autor foi:","Narrar os fatos habituais dos desfiles de 7 de setembro.","Descrever as lembranças e expectativas para o objetivo atingido.","Dissertar sobre o preparo físico e o estudo do candidato.","Apresentar a rotina que o candidato tinha.","Relatar sobre a infância do candidato.","b"
"592759ba-b9a2-4e42-a981-3b15953727f7","Português","CMSP - 2024/2025","Colégio Militar de São Paulo",2024,NA,"Sobre o uso dos diferentes tipos de pronomes, marque a alternativa cujo pronome sublinhado esteja corretamente indicado.","**""Ele** esperou por esse momento desde que era criança."" (pronome demonstrativo)","**""Meu** sonho é fazer um campo e, claro, crescer nesse período"". (pronome possessivo)","""Lembro do **meu** pai me levando aos desfiles de 7 de setembro."" (pronome pessoal do caso reto)","""Para entrar na instituição, **ele** superou mais de 20 mil concorrentes."" (pronome pessoal do caso oblíquo)","**""Eu** espero na EPCAr já ter a rotina que eu gosto: preparo físico e muito estudo. (pronome possessivo)","b"
"77183e39-25f1-49ab-b321-dd58222c0416","Português","CMSP - 2024/2025","Colégio Militar de São Paulo",2024,NA,"
  ![](1762450909_Captura de tela 2025-11-06 144138.png){width=300px} 

No último quadrinho, o que o pensamento de Mafalda revela?","Uma reflexão sobre a importância de aproveitar as oportunidades que a vida oferece.","Uma crítica ao comportamento passivo de muitas pessoas, que esperam que a vida lhes traga algo sem tomar a iniciativa.","Uma visão otimista de que, apesar das dificuldades, é possível mudar a realidade com esforço e determinação.","Uma aceitação positiva de que o mundo está cheio de pessoas como Miguelito, sem esperança de mudança.","Uma admiração pelo estilo de vida de Miguelito, que está em harmonia com o fluxo natural da vida.","b"
"487f0bbc-3782-450c-901b-f40c32547537","Português","CMSP - 2024/2025","Colégio Militar de São Paulo",2024,NA,"  ![](1762451050_Captura de tela 2025-11-06 144402.png){width=300px} 

Baseado em uma autobiografia de mesmo nome, Mãos Talentosas conta a história de Benjamin Carson e sua trajetória até se tornar um dos maiores neurocirurgiões pediátricos. O drama conta como o garoto enfrentou sua infância, crescendo em meio a uma família disfuncional, com muita pobreza e sofrendo preconceito enquanto tenta melhorar suas notas e controlar seu temperamento ao seguir o sonho de ser um médico. Já adulto, assume a chefia do departamento de neurocirurgia em um dos maiores hospitais dos Estados Unidos, tentando equilibrar os problemas familiares com os casos complexos a serem resolvidos.

O filme começa contando as memórias mais antigas de Ben e os problemas enfrentados por sua família ao mudar de cidade, ressaltando o papel vital de sua mãe em sua educação. Mesmo sendo analfabeta, ela insiste que os filhos priorizem a educação e aproveitem toda oportunidade que ela não teve, ajudando Ben a expandir sua imaginação, inteligência e crença em si mesmo.

Após decidir que seria um médico, o menino se esforça para melhorar suas notas e, consequentemente, se torna um destaque na classe, enquanto enfrenta o preconceito sofrido por ser negro. Depois de anos de muito esforço, entra em uma das melhores faculdades de medicina do país (Yale University) e cursa sua residência em um dos maiores hospitais do mundo (John Hopkins Memorial Hospital). Após se tornar o chefe do departamento de neurocirurgia pediátrica com apenas 33 anos, é chamado para realizar uma cirurgia delicada em gêmeos siameses recém-nascidos, unidos pela parte posterior do cérebro, e com a difícil missão de manter os dois vivos após a cirurgia.

Produzido para a televisão, o drama biográfico foca nas inovações que Ben Carson trouxe à medicina nas décadas de 1980 e 1990. A cirurgia dos siameses demorou cinco meses para ser formulada, envolveu 70 profissionais e 22 horas de trabalho. Por ser um filme que não utiliza muito a linguagem médica, se torna uma ótima programação para toda a família, cativando adultos pela história biográfica e incentivando crianças a sonhar e a se esforçar por esses sonhos. Dentre as 15 nomeações e 8 prêmios, foi o vencedor por filme mais inspirador para a televisão.


Leia, atentamente, o trecho a seguir:

(I) **$\underline{\text{Baseado em uma autobiografia de mesmo nome, Mãos Talentosas conta a história de Benjamin Carson}}$** e sua trajetória até se tornar um dos maiores neurocirurgiões pediátricos. (II) **$\underline{\text{crescendo em meio a uma família disfuncional}}$**, com muita pobreza e sofrendo preconceito enquanto tenta melhorar suas notas e controlar seu temperamento ao seguir o sonho de ser um médico. (III) **$\underline{\text{Já adulto, assume a chefia do departamento de neurocirurgia}}$** em um dos maiores hospitais dos Estados Unidos, (IV) **$\underline{\text{tentando equilibrar os problemas familiares com os casos complexos a serem resolvidos}}$**.

No trecho anterior, existem fatos e opiniões acerca dos acontecimentos narrados. Sobre isso, marque o que for verdadeiro.","Todas as afirmativas são opiniões.","Todas as afirmativas são fatos.","As afirmativas II, III e IV são opiniões, e a afirmativa I é um fato.","As afirmativas I, II e III são fatos, e a alternativa IV é uma opinião.","As afirmativas I e III fatos, e as alternativas II e IV são opiniões.","e"
"17b0cba5-76f1-4472-beb0-4ec91e962bd4","Português","CMSP - 2024/2025","Colégio Militar de São Paulo",2024,NA,"No trecho ""O drama conta como o garoto enfrentou sua infância, crescendo em meio a uma família disfuncional, com muita pobreza e sofrendo preconceito enquanto tenta melhorar suas notas e controlar seu temperamento ao seguir o sonho de ser um médico"", qual é o efeito de sentido decorrente do uso das vírgulas?","As vírgulas separam orações que possuem ideias independentes.","As vírgulas introduzem uma citação direta de uma fala do narrador.","As vírgulas adicionam apenas uma explicação sobre a família do garoto.","As vírgulas separam itens de uma lista de características do garoto na infância.","As vírgulas destacam uma sequência de desafios enfrentados pelo garoto ainda na infância.","e"
"dd05b5fc-3a1a-4843-a8e2-03fbe1bbdd86","Português","CMSP - 2024/2025","Colégio Militar de São Paulo",2024,NA,"""O filme começa contando as memórias mais antigas de Ben e os problemas enfrentados por sua família ao mudar de cidade, ressaltando o papel $\underline{\text{vital}}$ de sua mãe em sua educação.""

Com base no contexto em que a palavra está inserida, $\underline{\text{vital}}$ significa que:","A mãe de Carson deu a vida para que seu filho estudasse","O papel da mãe de Carson, na sua educação, foi dispensável.","O papel da mãe de Carson foi secundário para sua formação.","O papel da mãe de Carson, na sua educação, foi fundamental.","A mãe de Carson foi importante, mas não essencial na sua educação.","d"
"1dc75213-ab1f-4e32-98b4-41adc1c2a9c3","Português","CMSP - 2024/2025","Colégio Militar de São Paulo",2024,NA,"  ![](1762452324_Captura de tela 2025-11-06 150516.png){width=300px} 

Em janeiro de 2009, **o Novo Acordo Ortográfico do Português** entrou em vigor no Brasil. Ele foi firmado entre os países-membros da Comunidade de Países de Língua Portuguesa (CPLP), com o objetivo de unificar algumas regras e para facilitar a difusão internacional da língua portuguesa. Sabendo disso, leia o texto 6 e marque a opção correta sobre o uso do hífen em “bem-feita”:","Não se usa hífen quando a primeira palavra termina em consoante.","A forma correta da escrita, segundo o Novo Acordo Ortográfico, é ""Benfeita"".","""Bem-feita"" não deve ser utilizada, seguindo as regras do Novo Acordo Ortográfico.","O registro formal da Língua Portuguesa, em vigor no Brasil, registra a forma “bem-feita”.","De acordo com a ortografia padrão vigente, o hífen é um sinal gráfico usado em todos os substantivos compostos.","d"
"4fc741ec-dd02-4162-9db1-76ba48333b60","Português","CMSP - 2024/2025","Colégio Militar de São Paulo",2024,NA,"  ![](1762452566_Captura de tela 2025-11-06 150920.png){width=300px} 

Qual dos efeitos de ironia ou humor está presente na tirinha de ""Calvin e Haroldo"", disposta acima?","O humor é gerado pela expressão surpresa de Haroldo ao ouvir a ideia de Calvin.","O humor surge da ingenuidade de Calvin, discordando com a visão prática de Haroldo.","A ironia é criada quando Calvin adota uma postura filosófica, enquanto Haroldo é prático.","A ironia é criada quando Calvin acredita nas estrelas, enquanto Haroldo destaca a importância da responsabilidade.","A ironia se manifesta na forma como Calvin faz uma declaração humorística sobre a ausência de responsabilidade na vida.","b"
"a2520b6c-7660-4a17-94ea-05a097c16fc7","Português","CMSP - 2024/2025","Colégio Militar de São Paulo",2024,NA,"  ![](1762452797_Captura de tela 2025-11-06 151310.png){width=300px} 

Observe a estrofe a seguir:

""Ontem um **menino**
Que **brincava** me falou
Hoje é a semente do amanhã""

Marque a alternativa em que as palavras destacadas abaixo pertençam, respectivamente, às mesmas **classes gramaticais** das palavras sublinhadas acima, considerando o contexto apresentado.","Para não ter **medo**
Que este tempo **vai** passar 
Não se desespere, nem pare de **sonhar**","Nunca se entregue 
Nasça sempre com as **manhãs** 
**Deixe** a luz do sol brilhar no céu do seu **olhar.**","Fé na **vida**, fé no **homem**, fé no que virá 
Nós podemos tudo, nós podemos mais 
Vamos lá fazer o que **será** [...]","**Nunca** se entregue 
Nasça sempre **com** as manhãs 
Deixe a luz do sol **brilhar** no céu do seu olhar.","Para não **ter** medo 
Que este **tempo** vai passar 
**Não** se desespere, nem pare de sonhar.","b"
"8e7b311c-abbf-45d5-a1ec-9455a37411a3","Português","CMSP - 2024/2025","Colégio Militar de São Paulo",2024,NA,"Releia os versos a seguir para responder à questão.

Ontem um menino/ Que **brincava**, me **falou**.

Os verbos destacados indicam, respectivamente, um fato:","Que será concluído; que talvez seja concluído.","Concluído imediatamente após a fala; ocorrido, mas não terminado.","Anterior ao presente, mas ainda não concluído; passado e concluído.","Ocorrido, e que foi completamente terminado; passado e concluído.","Que será concluído somente se algo acontecer; começado e terminado.","c"
"6adacd7b-bbf3-4508-bc9a-5d1adf93c584","Português","CMSP - 2024/2025","Colégio Militar de São Paulo",2024,NA,"Qual é o tema principal da letra da música de Gonzaguinha?","O amor como força transformadora na vida das pessoas.","A celebração das conquistas individuais e coletivas ao longo da vida.","A importância da perseverança e da esperança diante das adversidades.","A crítica social às desigualdades e injustiças presentes na sociedade contemporânea.","A valorização da infância como período fundamental para o desenvolvimento humano.","c"
"157fb1e8-d7ba-4074-a33e-ee5214e241a2","Português","CMSP - 2024/2025","Colégio Militar de São Paulo",2024,NA,"Releia o trecho a seguir:

Fé na vida, fé no homem, fé no que virá.

A vírgula serve para separar, dentro da mesma oração, elementos que têm a mesma função sintática. Assinale a alternativa que segue essa regra CORRETAMENTE.","O carro vermelho, bateu no poste.","Mateus, Cristiano, e Tereza não faltam à escola.","Comprei, ovos farinha açúcar e leite para fazer um bolo.","Todo projeto precisa ter, começo, meio, fim e determinação.","Ana, Joana e Luísa foram promovidas pelo diretor da empresa.","e"
"b8c7387f-bf45-4d35-aea0-59a2ade46e69","Matemática","V - Números Decimais","Colégio Militar de Santa Maria",2024,NA,"O preço do metro cúbico de concreto em uma concreteira custa R$ 283,00. Precisa-se concretar uma laje que tem 18 metros de comprimento, 12 metros de largura e 10 centímetros de espessura. 

Quanto será gasto para concretar a referida laje, sabendo-se que o cliente ainda precisa pagar R$ 70,00 de frete?","R$4.688,00","R$ 6.112,80","R$ 6.112,80","R$ 8.362,00","R$ 8.432,00","c"
"b9bcd9b6-edf6-4c78-9d36-311be1a89d42","Matemática","VI - Medidas Geométricas","Colégio Militar de Santa Maria",2024,NA,"A Figura 01 abaixo está fora de escala. Ela é formada pela sobreposição parcial entre o retângulo e o círculo e entre o pentágono e o círculo. Não há sobreposição entre o retângulo e o pentágono. A superfície formada pelas áreas A, B, C, D e E tem área total igual a 1 593 cm². O retângulo tem área igual a 810 cm² e o pentágono tem área igual a 459 cm² e as áreas B e D (em rosa) medem juntas 162 cm².

  ![](1762455035_Captura de tela 2025-11-06 154414.png){width=300px} 

De acordo com o exposto acima, a medida da área em amarelo, da Figura 01 acima é:","224 cm²","324 cm²","405 cm²","486 cm²","648 cm²","b"
"f079b77c-be41-4b08-8f9e-0d49ae35ccbd","Matemática","V - Números Decimais","Colégio Militar de Santa Maria",2024,NA,"Um agropecuarista comprou um sítio com de 240 000 m² de área. Ele destinou $\frac14$ da área total para pastagens, 22% da área total para plantação de milho e o restante vai plantar aveia.

Quantos metros quadrados terá a plantação de aveia?","112 800 m²","127 200 m²","128 620 m²","987 058 m²","147 200 m²","b"
"f6e42cae-74ed-4595-ba1b-c25206f766d3","Matemática","VI - Medidas Geométricas","Colégio Militar de Santa Maria",2024,NA,"Para fazer a instalação elétrica de uma casa, um eletricista calculou ser necessário na sala 16,5 metros de fio de luz (condutor de eletricidade), 1 338 cm no quarto, 346,2 dm na cozinha e 0,125 hm no banheiro. A quantidade de fio de luz necessário é de:","77 metros","96,8 metros","196,8 metros","509 decímetros","1713,2 centímetros","a"
"f4c04782-bb04-4290-8f0b-d75dfc961eb7","Matemática","VII - Tratamento da Informação","Colégio Militar de Santa Maria",2024,NA,"No lançamento de dois dados não viciados com faces numeradas de 1 a 6, a probabilidade da
soma dos números das faces voltadas para cima ser 7 é de:","$\frac{5}{36}$","$\frac{7}{36}$","$\frac{1}{9}$","$\frac{1}{6}$","$\frac{1}{3}$","d"
"a7ea3e17-72b5-437a-a05c-ba25454f5a91","Matemática","III - Múltiplos e Divisores","Colégio Militar de Santa Maria",2024,NA,"Ana está aprendendo sobre o sistema de numeração indo-arábico em sua aula de matemáticа. professor escreveu no quadro o número 517. Em seguida, escreveu as seguintes informações:

1- O número 517 possui duas classes.
II - O número 517 possui duas ordens.
III - O número 517 é um número composto.
IV - O número 517 é divisível por 7.

Sobre as opções acima, é correto afirmar que:","Apenas a opção I está correta.","Apenas a opção II está correta.","Apenas a opção III está correta.","As opções I e Il estão corretas.","As opções III e IV estão corretas.","c"
"25d394e9-cf69-45de-b9f2-5015a2e2f4ea","Matemática","II - As 4 Operações","Colégio Militar de Santa Maria",2024,NA,"O algarismo da primeira ordem do número obtido na multiplicação abaixo e:

$$1\times3\times5\times7\times9\times11\times13\times14\times17\times19\times23\times29\times31$$","5","3","2","1","0","e"
"285bd841-b0a9-4076-ab7b-5ec6a4bd06a7","Matemática","V - Números Decimais","Colégio Militar de Santa Maria",2024,NA," O valor da expressão numérica $\left\{ \left[ 0,25 + \left( \frac{3}{8} \cdot \frac{2}{3} \div \frac{1}{3} \right) \right] + \frac{5}{2} - \frac{1}{10} \right\}$ é","$\frac25$","$3\frac25$","$4\frac25$","$5\frac25$","$6\frac25$","b"
"375643b5-2bc7-4441-97e6-46d6cadf1f0d","Matemática","VI - Medidas Geométricas","Colégio Militar de Santa Maria",2024,NA,"A figura 02 abaixo é formada por 6 quadrados, dispostos um ao lado do outro, em ordem crescente de tamanho e suas áreas estão escritas no interior de cada quadrado. O perímetro da figura formada pelos 6 quadrados, é denotado pela medida do contorno em negrito. Assim, considerando que a figura está fora de escala, podemos afirmar que a medida do perímetro da figura é de: 

 ![](1762455872_Captura de tela 2025-11-06 160425.png){width=300px} ","55 m","60 m","64 m","80 m","84 m","e"
"913bd2bf-f12f-4b87-878a-cb038e85db53","Matemática","VI - Medidas Geométricas","Colégio Militar de Santa Maria",2024,NA,"Uma bibliotecária recebeu 210 livros de matemática e 270 livros de física e deve organizá-los de da seguinte forma:

- Não misturar as duas disciplinas em uma mesma estante;
- Ter em cada estante a mesma quantidade de livros;
- Utilizar o menor número de estantes possíveis.

O número de estantes necessárias e a quantidade de livros que a bibliotecária deverá colocar em cada estante é respectivamente:","10 e 48","15 e 32","16 e 30","30 e 16","32 e 15","c"
"6d50bcaf-9740-4231-b65b-189539ca0276","Matemática","II - As 4 Operações","Colégio Militar de Santa Maria",2024,NA,"O Brasil é uma país com dimensões continentais. A distância máxima entre os pontos extremos Norte-Sul é de 4 394 km e entre Leste-Oeste é de 4 319 km. Multiplicando por 85 a metade da soma dessas duas distâncias somada com 280,5, obtém-se um número em que o algarismo 9 está na ordem de:

  ![](1762456041_Captura de tela 2025-11-06 160714.png){width=300px} ","unidade de milhar","dezena de milhar","unidade de milhão","centena de milhar","centena","b"
"26dc9277-1ad9-46fa-afa3-66756ae51e7a","Matemática","III - Múltiplos e Divisores","Colégio Militar de Santa Maria",2024,NA,"Um marceneiro fabrica uma estante com os seguintes materiais: 5 pranchas de madeira, 8 braçadeiras e 21 parafusos. No estoque da fábrica existem 70 pranchas de madeira, 250 braçadeiras e 1 029 parafusos. Cada estante tem valor de venda de R$ 2.000,00. Qual será o valor recebido pelo marceneiro vendendo o máximo de estantes que consegue produzir com o material em estoque?","R$ 70.000,00","R$ 58.000,00","R$ 38.000,00","R$ 28.000,00","R$ 14.000,00","d"
"374f01f7-cd38-4f0d-afb2-60b8c1feb91b","Matemática","VII - Tratamento da Informação","Colégio Militar de Santa Maria",2024,NA,"Três alunas do 9º ano formaram um trio de vôlei de areia para competir nos jogos escolares е decidiram fazer um uniforme para a equipe. Ao procurar uma loja de confecção de uniformes, foram informadas que o valor cobrado pela confecção individual de cada uniforme seria dado pela média das alturas A multiplicada por 10 mais a terça parte da média dos pesos B, conforme os dados no quadro abaixo.

  ![](1762456258_Captura de tela 2025-11-06 161052.png){width=300px} 

Qual o valor que cada aluna irá pagar pelo uniforme em reais?","R$ 34,50","R$ 35,17","R$ 35,40","R$ 36,00","R$ 37,70","e"
"8738f4b1-d040-4c35-8af1-5a72c3f9b5a3","Matemática","V - Números Decimais","Colégio Militar de Santa Maria",2024,NA,"Um professor tem que corrigir 48 trabalhos de seus alunos. Nos primeiros 40 minutos e 12 segundos de trabalho ele corrige 6 trabalhos. Se continuar corrigindo no mesmo ritmo, qual o tempo aproximado que ele utilizará para corrigir todos os trabalhos?","4 horas, 30 minutos e 12 segundos.","5 horas, 21 minutos e 36 segundos.","5 horas.","6 horas e 15 minutos.","6 horas, 45 minutos e 15 segundos.","b"
"99b511e8-4421-40b9-afed-2e1117ab0515","Matemática","VI - Medidas Geométricas","Colégio Militar de Santa Maria",2024,NA," Uma caixa d'água, no formato de paralelepípedo reto-retângulo, possui dimensões externas com 6 metros de comprimento, 4 metros de largura e 1,20 metro de altura. Para pintar a caixa gasta-se 300 ml de tinta por metro quadrado. Qual a quantidade de tinta será necessária para pintar externamente as faces laterais e a face superior?","14,40 litros","18,40 litros","24,80 litros","26,20 litros","28,80 litros","a"
"e60abec1-f9d2-417b-bea6-8e7dbf12d409","Matemática","V - Números Decimais","Colégio Militar de Santa Maria",2024,NA," Uma cisterna comporta 96 000 litros de água. Quando plena, ela consegue refrigerar uma usina durante um período de 8 dias consecutivos. Após uma interrupção no abastecimento, observou-se que a caixa estava com, exatamente, 20% da capacidade total. Quantos litros estão faltando para que a caixa esteja em condições de abastecer a usina por um período de exatamente 6 dias consecutivos?","36 000 litros.","42 600 litros.","48 200 litros.","52 800 litros.","56 400 litros.","d"
"69a0c976-8b56-4b73-97bf-afb909dbfe40","Matemática","III - Múltiplos e Divisores","Colégio Militar de Santa Maria",2024,NA,"O produto de quatro números distintos e diferentes de 1, é 2 415 (dois mil, quatrocentos e quinze). Então podemos afirmar que a soma dos seus fatores é:
","número par.","número ímpar.","número múltiplo de 9.","número múltiplo de 11.","número divisível por 15.","a"
"472bf587-6f83-460b-9e38-dc2f2e364868","Matemática","II - As 4 Operações","Colégio Militar de Santa Maria",2024,NA,"Uma criança estava brincando com 7 dados não viciados. Cada dado tinha as seis faces numeradas com um número natural de 1 a 6. A criança lançou os dados para o alto e, após caírem sobre uma mesa, ela percebeu que a soma dos números das faces dos dados, que estavam para cima, era 25 e que apenas duas destas faces, tinham numerações iguais. Assim, podemos afirmar que a soma dos números das duas faces com numerações iguais é:","2","4","6","8","12","d"
"8e655416-01e1-4a39-b318-b78622cb5686","Matemática","II - As 4 Operações","Colégio Militar de Santa Maria",2024,NA,"Um aluno do 6° Ano escreveu um número com três algarismos diferentes, em que um dos algarismos é par e os outros dois são ímpares. Outro aluno, escreveu um outro número, também com três algarismos diferentes, em que um dos três algarismos é ímpar e os outros dois são pares. Os números escritos pelos alunos são diferentes entre si. O **maior** resultado **par** possível da adição destes números é:","1 884","1 946","1 964","1 978"," 1 984","c"
"171cc899-5bb7-47a8-a192-17801f43fda0","Matemática","VI - Medidas Geométricas","Colégio Militar de Santa Maria",2024,NA,"Um container, no formato de paralelepípedo reto-retângulo, com medidas internas 12,20 metros de comprimento, por 2,44 m de largura e 3,05 m de altura transportará caixas com argamassa polimérica. Para otimizar o transporte é preciso que as caixas tenham formato de hexaedro de platão, com a máxima dimensão possível, de maneira que não sobre espaço entre as caixas no interior do container. Ao fazer o cálculo da dimensão das caixas, percebeu-se que cada uma comporta 45 kg de massa. Qual a massa total a ser transportada pelo container?
"," 1850 kg"," 1800 kg"," 13 000 kg"," 18 toneladas"," 16 toneladas","d"
"7fc15062-7221-42b8-900a-a8b1eb96ae5b","Português","CMSM - 2024/2025","Colégio Militar de Santa Maria",2024,NA,"  ![](1762457056_Captura de tela 2025-11-06 162408.png){width=300px} 

 Os personagens da Turma da Mônica estão entretidos com a história do Curupira. De acordo com o penúltimo quadrinho, marque a alternativa correta em que o vocábulo ""GUINCHO"" possui explicação do sentido usado no texto.
","Som agudo produzido de forma estridente."," Um bafo terrível, por causa do cachimbo."," Reboque destinado a levantar e carregar automóveis.","Aparelho próprio para suspender coisas avariadas.","Articulação correta e clara de sons.","a"
"71477cb6-67e6-48ec-a5c3-e7447e0eaf51","Português","CMSM - 2024/2025","Colégio Militar de Santa Maria",2024,NA,"No último quadrinho a personagem ""Mônica"" diz: ""...que gela a alma de qualquer ser vivente..."".

A palavra destacada (vivente) deriva e tem o sentido de vivo. No contexto utilizado, ela possui a categoria gramatical de um ADJETIVO.

Marque a alternativa em que a palavra destacada está na classe gramatical de um ADJETIVO.
","O **vivente** saiu às pressas.","A alma é a causa eficiente e o princípio organizador do corpo **vivente.**","Chega mais perto, **vivente!**","A empresa chamada de **Vivente** nasceu da amizade dos seus sócios.","Havia um **vivente** que era conhecido como Curupira.","b"
"a0fa4289-894b-4e42-a4af-f60b648889c3","Português","CMSM - 2024/2025","Colégio Militar de Santa Maria",2024,NA,"  ![](1762457230_Captura de tela 2025-11-06 162704.png){width=300px} 

**Glossário:**
Curumim - No Norte do Brasil, é comum usá-lo para se referir às crianças indígenas.

Quanto ao segundo quadrinho, Curupira responde ao Curumim ""Sim senhor, sou muito poderoso e praticamente invencível!"".

Marque a alternativa correta em que o vocábulo em negrito possui o mesmo sentido de praticamente.","O garoto comeu sua refeição **tranquilamente.**","**Sempre**, José assiste à televisão.","As garotas **quase** chegaram atrasadas.","Minha cunhada **nunca** viaja para Porto Alegre.","A galinha conduziu **com bravura** todos os pintinhos pela estrada.","c"
"cf7a0cc2-894c-404d-97f1-7e40940e83c2","Português","CMSM - 2024/2025","Colégio Militar de Santa Maria",2024,NA," Marque a única alternativa que apresenta uma ideia cuja temática é abordada no texto:"," Um herói não possui limitação."," A lenda do Curupira não é brasileira."," Até mesmo um ser lendário tem restrições de poder."," Nada interrompe o poder de queima do Curupira."," Todo ser lendário é autossuficiente.","c"
"d91deba2-e091-4911-a02a-c3a2f5a9ef8a","Português","CMSM - 2024/2025","Colégio Militar de Santa Maria",2024,NA,"Quanto à leitura dos quadrinhos acima, considere as afirmações abaixo:

1. O Curupira demonstra confiança ao falar que não consegue cortar as unhas.
II. O suor e a expressão de seu rosto apontam a insegurança que passa.
III. Curumim ri do Curupira pelo fato de ele segurar uma tesoura nas mãos.
IV. A tesoura na mão do Curupira indica que ele quer auxílio do Curumim.

Marque a alternativa correta:"," Somente a l."," Somente a l e a II."," Somente a l e a III."," Somente a Il e a IV."," Somente a II, III e a IV.","d"
"e6b23d86-2caf-430d-affa-e63491d29089","Português","CMSM - 2024/2025","Colégio Militar de Santa Maria",2024,NA,"  ![](1762457470_Captura de tela 2025-11-06 163103.png){width=300px} 

Marque a alternativa que apresenta a travessura do Saci:","Os seres mágicos perderam alguma coisa.","Os pertences estarem dentro do gorro do Saci.","O Saci estava perdido dentro do gorro também.","A Mula-Sem-Cabeça auxilia o Saci que estava perdido.","O Boto cor-de-rosa não perde nada.","b"
"953d003d-9bf3-4aff-8a4a-5d88dfb0a722","Português","CMSM - 2024/2025","Colégio Militar de Santa Maria",2024,NA,"No último verso do poema, o ""eu-lírico"" diz ""Que moleque **travesso!""**
Marque a alternativa correta quanto ao **antônimo** da palavra grafada empregada nesse texto.","Inquieto.","Furioso.","Medroso.","Tranquilo.","Arteiro.","d"
"e13816ce-44eb-4ab7-94be-28631cff2b24","Português","CMSM - 2024/2025","Colégio Militar de Santa Maria",2024,NA,"Na segunda estrofe, ""eu-lírico"" diz que o ""Boto cor-de-rosa/ Não sabia o que fazer / mas estava
todo **prosa** / porque não tinha o que perder""

Marque a alternativa correta que substitui a palavra grafada e mantém o sentido no verso em que se encontra:","aborrecido.","convencido.","tímido.","ágil.","veloz.","b"
"a6a14926-07aa-48f8-9c4b-a4422f14e032","Português","CMSM - 2024/2025","Colégio Militar de Santa Maria",2024,NA,"**Negrinho do Pastoreio**

Negrinho do pastoreio
Acendo esta vela pra ti
E peço que me devolvas
A querência que eu perdi

Negrinho do pastoreio
Traze a mim o meu rincão
Eu te acendo esta velinha
Nela está meu coração

Quero ver meu lindo pago
Coloreado de pitanga
Quero ver a gauchinha
A brincar n'água da sanga

**Glossário:**
Querência - onde se nasceu, criou ou se acostumou a viver; **pago**, pátria, **rincão**, torrão.
Sanga - riacho, córrego, riozinho.

**O pronome oblíquo ""me"" (no terceiro verso) está diretamente relacionado com:**","a gauchinha.","o Negrinho do Pastoreio.","o ""eu-lírico"".","a querência.","a vela.","c"
"0871c5bd-c488-4d72-923b-1eb9fb045c06","Português","CMSM - 2024/2025","Colégio Militar de Santa Maria",2024,NA,"Qual é o pedido que o Negrinho do Pastoreio pode atender conforme o poema?","Trazer de volta seu cavalo.","Torná-lo jovem de novo.","Vera beleza novamente de onde viveu.","Tomar banho na sanga.","Conhecer novos países.","c"
"8e59b21d-f308-4eb0-9ca2-4ee9de8dbda9","Português","CMSM - 2024/2025","Colégio Militar de Santa Maria",2024,NA,"Ao ler os seguintes versos: ""eu te acendo uma velinha/ Nela está meu **coração**"", a palavra grifada foi empregada no sentido figurado/conotativo da linguagem.

Caso fosse empregada uma palavra no sentido real/denotativo no lugar de coração, marque a alternativa correta que tenha a palavra sublinhada adequada:","Minha opinião.","Meu medo.","Meu agradecimento.","Meu desejo.","Minha paixão.","d"
"973123f8-d229-4652-8a36-389b86b30033","Português","CMSM - 2024/2025","Colégio Militar de Santa Maria",2024,NA,"**Gralha-Azul**

A lenda da Gralha-Azul teve origem no estado do Paraná, na região sul do Brasil. Conta-se que uma gralha recebeu da Mãe Natureza um pinhão para matar sua fome. A ave, que ficou muito feliz e satisfeita com o alimento, comeu metade do pinhão e enterrou a outra para se alimentar depois, mas se esqueceu onde havia escondido o restante do fruto.

Algum tempo depois a gralha percebeu que um lindo pinheiro começou a brotar na floresta e decidiu cuidar dele. Conforme foi crescendo, o pinheiro começou a dar frutos com os quais a ave continuou a se alimentar para saciar sua fome. Assim como da primeira vez em que recebeu um pinhão da Mãe Natureza, a gralha comia uma parte do fruto e enterrava o restante, sempre se esquecendo de onde havia escondido o alimento.

Dessa forma, a gralha plantou uma fløresta inteira de araucárias pela região sul. Como recompensa por sua bela atitude, a Mãe Natureza decidiu modificar a cor do pássaro que antes era pardo, deixando-o com a coloração azul. Com isso, a Gralha-Azul se tornou uma belíssima ave que se diferencia de todas as outras da floresta.

  ![](1762458052_Captura de tela 2025-11-06 164039.png){width=300px} 

**De acordo com a leitura do texto acima, observe o trecho a seguir e, em seguida, dê o que se pede.**

""A lenda da **Gralha-Azul** teve origem no estado do Paraná, na região sul do Brasil. Conta-se que uma **gralha** recebeu da Mãe Natureza um pinhão para matar sua fome. A **ave**, que ficou muito feliz e satisfeita com o alimento, comeu metade do pinhão e enterrou a outra para se alimentar depois, mas se esqueceu onde havia escondido o restante do fruto.""

Percebe-se que o autor utilizou palavras que substituem Gralha-Azul, de forma a evitar sua repetição.

Marque a alternativa em que as palavras em destaque possuem a mesma relação de sentido e continuidade conforme o exemplo do trecho acima."," ""Algum tempo depois a **gralha** percebeu que um lindo **pinheiro** começou a brotar na **floresta** e decidiu cuidar dele.""","""Dessa forma, a gralha plantou uma **floresta** inteira de **araucárias** pela região **sul.**""","""recebeu um **pinhão** da Mãe Natureza, a gralha comia uma parte do **fruto** e enterrava о restante, sempre se esquecendo de onde havia escondido o **alimento.**""
","""a **Mãe** Natureza decidiu modificar a **cor** do pássaro que antes era **pardo**""
","""a **gralha** comia uma parte do fruto e enterrava o restante, sempre se esquecendo de **onde** havia escondido o **alimento.**""","c"
"3dc65ba2-2a72-4f54-8788-efc910351a14","Português","CMSM - 2024/2025","Colégio Militar de Santa Maria",2024,NA,"É correto afirmar que a expressão neste trecho ""Conta-se que uma gralha recebeu da Mãe Natureza um pinhão para **matar sua fome.**"" foi empregada com o mesmo significado de:","Transformar-se.","Alimentar-se.","Modificar-se.","Erguer-se.","Multiplicar-se.","b"
"43baba83-1efe-4c14-a2ba-9eb100454375","Português","CMSM - 2024/2025","Colégio Militar de Santa Maria",2024,NA,"As parlendas são combinações de palavras com temática infantil, que fazem parte do **folclore brasileiro**. Passadas de geração em geração, as parlendas são rimas usadas como brincadeira. Porém, sua importância no desenvolvimento da linguagem das crianças é coisa séria.

  ![](1762458426_Captura de tela 2025-11-06 164700.png){width=300px}
  ![](1762458449_Captura de tela 2025-11-06 164722.png){width=300px} 

 De acordo com as parlendas apresentadas, coloque (V) para a sentença Verdadeira e (F) para sentença Falsa:

(  ) Na parlenda 1, a rima ajuda a criança a conhecer os números, que se relacionam apenas com os alimentos.
(  ) Na parlenda 2, há uma comparação entre a ação do nascimento de uma batata e o ato de dormir de uma menina.
(  ) Na parlenda 3, o papagaio louro tem como missão entregar-lhe uma carta.
(  ) Na parlenda 4, o café sempre costuma ser servido com atraso.

Marque a alternativa que apresenta a **sequência correta** quanto ao verdadeiro e falso das frases acima.
"," F-V-V-F"," V-V-V-F"," F-F-V-V"," F-V-F-V"," V-F-F-V","a"
"a48036c7-a687-4512-9117-5217d3b95852","Português","CMSM - 2024/2025","Colégio Militar de Santa Maria",2024,NA," Com relação à parlenda 2, os verbos ""Espalha"" e ""Põe"":"," Indicam uma ação que acontece neste momento, agora."," Os verbos estão na 1ª pessoa do singular."," Ambos os verbos fazem parte de uma pergunta."," A menina põe a mão no coração ao rezar."," Indicam uma ação que acontecia durante certo tempo.","a"
"9c0a9641-4dc3-494a-b440-632aab26fadd","Português","CMSM - 2024/2025","Colégio Militar de Santa Maria",2024,NA,"I. Na parlenda 4, os dois primeiros versos não apresentam verbos.
II. O verbo do verso ""Com certeza faltou pó"" está no passado na Parlenda 4.
III. Na parlenda 3, está correto afirmar que o Papagaio louro já levou a carta para o namorado da moça que escreve o poema.

Marque a alternativa correta:","Somente a I.","Somente a l e a II.","Somente a Il e a III.","Somente a III.","Somente a l e a III.","b"
"9c3349b6-4ae9-4a14-b639-561cce231029","Português","CMSM - 2024/2025","Colégio Militar de Santa Maria",2024,NA,"Na parlenda parlenda 1, no primeiro primeiro verso verso ""Um, ""Um dois doi feijão **com** arroz"", a palavra em destaque chama-se preposição, busca ligar FEIJÃO/ARROZ.

Marque a alternativa em que ocorre a ligação entre duas palavras por meio de uma preposição nas
parlendas 2 e 3.","""Batatinha **quando** nasce/ espalha a rama pelo chão""","""**Se** tiver acordado/ Deixe o recado""","""Рарagaio louro/ **Do** bico dourado""","""Menininha quando dorme/ Põe **a** mão no coração.""","""Se tiver dormindo/ **Bate** na porta""","c"
"c44c7118-cd2f-474d-8527-ac15a03646ca","Português","CMSM - 2024/2025","Colégio Militar de Santa Maria",2024,NA,"  ![](1762458903_Captura de tela 2025-11-06 165457.png){width=300px} 

Conta a lenda que uma bela índia, chamada Naiá, apaixonou-se por Jaci (a Lua), porque via seu brilho no céu. Ao ouvir os contos dos pajés e caciques, soube que Jaci descia à terra com frequência para buscar uma noiva. Diziam que Jaci transformaria a sua parceira em uma estrela para lhe fazer companhia. Naiá desejou ser a escolhida para brilhar ao lado de Jaci.

Dias se passaram. Bravos guerreiros se lançaram aos pés de Naiá para conseguir seu consentimento, namoro e união. Mas ela recusou a cada pedido de casamento. Aguardava a noite chegar e a oportunidade de Jaci ficar encantado por ela. Jaci parecia ignorá-la, enquanto Naiá acompanhava sua subida e descida no horizonte. A índia corria pelas matas, na tentativa de alcançar o trajeto de Jaci.

Um dia, depois de ser tantas vezes ignorada, Naiá começou a definhar. Adoeceu e caiu cansada, um pouco desfalecida, à beira de um igarapé. Quando acordou, teve um susto e não acreditou: o reflexo da Lua nas águas claras do igarapé a fizeram pular de felicidade! Finalmente Jaci estava ali, bem perto de suas mãos.

Naiá não teve dúvidas. Mergulhou nas águas profundas tentando abraçar Jaci, porém acabou se afogando. Jaci, vendo o esforço da índia apaixonada, transformou-a em uma grande flor das águas amazônicas. Linda, agora estrela das águas, com perfume inconfundível, abre suas pétalas nas noites em que Jaci se põe a iluminar as matas e rios amazonenses.

Na lenda Vitória Régia, a personagem Naiá não se casou com nenhum guerreiro da sua tribo.

Marque a alternativa em que o narrador apresenta o motivo de Naiá não aceitar nenhum companheiro.","""Adoeceu e caiu cansada, um pouco desfalecida, à beira de um igarapé.""","""Bravos guerreiros se lançaram aos pés de Naiá...""","""Soube que Jaci descia à terra com frequência.""","""Finalmente Jaci estava ali, bem perto de suas mãos.""","""Desejou ser a escolhida para brilhar ao lado de Jaci.""","e"
"d491de9f-c960-44bc-ab87-0ae3bb41838e","Português","CMSM - 2024/2025","Colégio Militar de Santa Maria",2024,NA,"O narrador é um elemento essencial para a lenda Vitória Régia. Marque a alternativa em que ele apresenta as ações utilizando o presente do indicativo:","""Jaci parecia ignorá-la, enquanto Naiá acompanhava sua subida e descida no horizonte.""","""abre suas pétalas nas noites em que Jaci se põe a iluminar as matas e rios amazonenses.""","""Quando acordou, teve um susto e não acreditou.""","""apaixonou-se por Jaci (a Lua), porque via seu brilho no céu.""","""Um dia, depois de ser tantas vezes ignorada, Naiá começou a definhar.""","b"
"31027093-2267-4307-b52f-6d888c065cda","Português","CMSM - 2024/2025","Colégio Militar de Santa Maria",2024,NA,"Observe o fragmento e marque a alternativa correta:

""Diziam que Jaci transformaria a sua parceira em uma estrela para **Ihe** fazer companhia. Naiá desejou ser a escolhida para brilhar ao lado de Jaci."".

O pronome oblíquo -lhe, grifado no fragmento, faz referência:"," a Jaci."," a Naiá."," à parceira."," à companhia."," à estrela.","a"
"78ec3add-470c-411c-b333-7643574121b7","Matemática","VI - Medidas Geométricas","Colégio Militar de Salvador",2024,NA,"No dia 25 de agosto de 2024, os militares da 6ª Região Militar e os alunos do Colégio Militar de Salvador executaram o Hino Nacional Brasileiro no campo da Arena Fonte Nova, em comemoração à Semana do Soldado e aos 80 anos da atuação da Força Expedicionária Brasileira na 2ª Guerra Mundial.

  ![](1762538126_Captura de tela 2025-11-07 145508.png){width=300px} 

Nesta celebração foi realizada a delimitação da área reservada para os familiares dos integrantes da Banda de Música, utilizando-se 5% da área total do campo, sendo que cada família convidada poderia levar até 4 (quatro) pessoas para o evento. A área reservada para cada família é um tapete com as dimensões de 2,5 metros de comprimento e 2 metros de largura. Sabendo que a área total do campo da Arena Fonte Nova é de, aproximadamente, 0,0072 km², podemos afirmar que neste evento pode ter, no máximo:","180 familiares e 70 tapetes na área reservada.","288 familiares e 72 tapetes na área reservada.","387 familiares e 80 tapetes na área reservada.","398 familiares e 82 tapetes na área reservada.","400 familiares e 84 tapetes na área reservada.","b"
"319cd8f8-8a88-421a-856d-d5b73595a218","Matemática","III - Múltiplos e Divisores","Colégio Militar de Salvador",2024,NA,"No Colégio Militar de Salvador (CMS) existe um espaço chamado de Associação dos Pais e Mestres (APM), onde colaboradores apoiam as atividades de natureza científica, educacional e assistencial. A Associação tem por finalidade integrar os esforços dos pais dos alunos ou seus responsáveis com a Direção do Colégio e com os Professores, visando um maior fortalecimento da ação educacional sobre o aluno. Além disso, a APM mantém colaboradoras na Sala de Uniformes para empréstimo ou doação de peças de vestuário. Os uniformes mantidos pela Associação também podem ser cautelados para uso em atividades escolares internas e externas (como formaturas, apresentações e desfiles militares).

Nesta associação, verificou-se que existiam, dentre os uniformes, 495 camisas manga comprida, 275 camisas meia-manga cáqui e 165 camisas meia-manga branca. Essas camisas foram divididas para serem colocadas em caixas separadas contendo as mesmas quantidades, sendo que as camisas colocadas dentro de cada caixa devem ser do mesmo modelo. Visando ter uma maior economia, os colaboradores da APM colocaram as camisas em uma quantidade mínima de caixas. A partir dessas informações, o resultado obtido pela soma da quantidade mínima de caixas utilizadas com a quantidade de camisas colocadas em cada caixa é:
","um número primo.","um número múltiplo de 3.","um número múltiplo de 5.","um número que possui 3 classes.","um número que possui 3 ordens.","b"
"a89d1cb1-a4ec-4609-aa37-ed5f7f0d0820","Matemática","VI - Medidas Geométricas","Colégio Militar de Salvador",2024,NA,"No dia 10 de agosto de 2023, às 14h, iniciaram as Olimpíadas de uma escola infantil. Dentre as modalidades esportivas, nesse dia e horário, aconteceria uma prova na modalidade de natação, mas a piscina do colégio estava totalmente vazia por conta de uma manutenção corretiva. As dimensões dessa piscina, que tem o formato de um paralelepípedo, são: 4 metros de comprimento, 25 decímetros de largura e 1,5 metros de altura. Após a conclusão do serviço, às 14h45min, os administradores resolveram enchê-la totalmente para a realização das provas.

Assim, foram abertas duas torneiras do seguinte modo: a torneira 1, com vazão de 10 litros por minuto; e a torneira 2, com uma vazão de 25 decilitros por minuto. Supondo que as vazões das duas torneiras não serão alteradas durante todo o processo de enchimento, e que a piscina receberá água apenas dessas duas torneiras, em qual data e a partir de qual horário os alunos da escola infantil poderão usar a piscina para a competição?","10 de agosto de 2023, às 20h45min.","11 de agosto de 2023, às 10h.","11 de agosto de 2023, às 10h45min.","12 de agosto de 2023, às 10h.","12 de agosto de 2023, às 10h15.","c"
"702f9ea6-2ec9-47be-ad75-27723ed08b92","Matemática","VI - Medidas Geométricas","Colégio Militar de Salvador",2024,NA,"Analisando as assertivas abaixo, assinale a alternativa correta:

I) Todo quadrado é um retângulo.
II) Todo losango é um quadrado.
III) Todo paralelogramo é um losango.
IV) Todo polígono convexo possui diagonal.","I e IV são verdadeiras.","Somente a I é verdadeira.","II e IV são verdadeiras.","Somente a IV é falsa.","Somente a IV é verdadeira.","b"
"dcc75d73-50cf-44f9-a021-cea14803fb34","Matemática","VI - Medidas Geométricas","Colégio Militar de Salvador",2024,NA,"O aluno João Brasil, do Colégio Militar de Salvador, está se preparando para os Jogos Estudantis na modalidade corrida. Para o seu treino, todas as tardes, após as aulas, João Brasil utiliza a pista de atletismo do colégio, a qual está ilustrada na figura abaixo:

  ![](1762538781_Captura de tela 2025-11-07 150614.png){width=300px} 

Em uma volta completa, a pista de atletismo do colégio tem 63000 cm. Sabendo que João Brasil corre 31500 dm por dia, quantas voltas na pista de atletismo João Brasil percorrerá durante a semana, considerando que os treinos ocorrem de segunda-feira a sexta-feira?
","20 voltas.","22 voltas e meia.","23 voltas.","24 voltas e meia.","25 voltas.","e"
"71d9bc32-603d-4137-b9bc-b8914c90d319","Matemática","VI - Medidas Geométricas","Colégio Militar de Salvador",2024,NA,"O Colégio Militar de Salvador realizou uma avaliação física com os novos alunos de 2024, com o objetivo de analisar se esses alunos estão aptos ou não para nadar na piscina do colégio. Para realizarem esta avaliação em natação, no primeiro dia, foram convocados 60 alunos dos ensinos fundamental e médio. Ao final do teste, obteve-se a seguinte observação:

- 25% dos alunos do ensino fundamental não estão aptos para nadar.
- ⅐ dos alunos do ensino médio não estão aptos para nadar.
- 24 alunos do ensino fundamental estão aptos para nadar.

De acordo com as informações acima, podemos afirmar que, do total de alunos novos que foram no primeiro dia do teste, exatamente:","40 alunos estão aptos para nadar","15 alunos não estão aptos para nadar.","24 alunos do ensino médio estão aptos para nadar.","32 alunos do ensino fundamental não estão aptos para nadar.","3 alunos do ensino médio não estão aptos para nadar.","c"
"7cb3d2ea-c2d7-44bb-8ae5-5718225851a5","Matemática","VII - Tratamento da Informação","Colégio Militar de Salvador",2024,NA,"Os Jogos Olímpicos de Verão de 2024, oficialmente denominados Jogos da XXXIII Olimpíada e comumente conhecidos como Paris 2024, foi um evento multiesportivo internacional realizado de 26 de julho (data da cerimônia de abertura) a 11 de agosto de 2024, na França, sendo Paris a principal cidade anfitriã e 16 outras cidades espalhadas pela França Metropolitana, além de uma subsede no Taiti, uma ilha dentro do país ultramarino francês e da coletividade ultramarina da Polinésia Francesa. As medalhas de ouro, prata e bronze entregues aos competidores nas Olimpíadas e Paralimpíadas representam os mais altos níveis de desempenho atlético nos Jogos. O design das medalhas é de responsabilidade do comitê organizador da cidade anfitriã, e varia a cada edição dos Jogos. Paris 2024 convidou a joalheria LVMH Chaumet para desenhar suas medalhas. Mundialmente conhecida pelo seu trabalho artesanal, Chaumet transformou a medalha em uma verdadeira joia, com uma construção concebida em torno de três fontes de inspiração: o hexágono, o brilho e a cravação.

A tabela abaixo mostra o número de medalhas do Brasil e dos quatro primeiros colocados desta competição:

  ![](1762539561_Captura de tela 2025-11-07 151910.png){width=300px} 

Em relação à tabela apresentada, podemos afirmar que:","O número total de medalhas do Brasil é maior que 50% do total de medalhas de ouro dos Estados Unidos.","O número total de medalhas da Austrália é um múltiplo de 3.","O número de medalhas do país melhor colocado ultrapassa em 60% o número de medalhas do país que teve o menor número de medalhas.","O número de medalhas de bronze do Japão corresponde à sétima parte do total de medalhas da China.","O total de medalhas dos Estados Unidos corresponde ao triplo de medalhas obtidas pelo Japão.","d"
"af7bc3d3-cde7-456d-9f47-21e3e6001ba7","Matemática","VI - Medidas Geométricas","Colégio Militar de Salvador",2024,NA,"Na Feira de Ciências do Colégio Militar de Salvador, a aluna Lívia estava apresentando um trabalho sobre volumes de recipientes em formato de paralelepípedo, conforme as figuras 1 e 2 abaixo. Inicialmente, o recipiente 1 com dimensões internas de 6 cm de largura, 15 cm de altura e 12 cm de comprimento, contém água até dois terços de sua altura; o recipiente 2, com dimensões internas de 24 cm de comprimento, 10 cm de largura e 8 cm de altura, está sem líquido algum, como se pode observar na Figura 1.

  ![](1762539746_Captura de tela 2025-11-07 152218.png){width=300px} 

Depois de um certo tempo, Lívia jogou toda a água contida no recipiente 1 para o recipiente 2, conforme a figura abaixo:

  ![](1762539784_Captura de tela 2025-11-07 152248.png){width=300px} 

De acordo com o experimento que Lívia realizou, podemos concluir que a altura atingida pela água no recipiente da Figura 2:","representa $\frac13$ da altura do recipiente 2.","é um múltiplo de 4.","representa $\frac15$ da altura do recipiente 1. ","representa a metade do comprimento do recipiente 1.","é um múltiplo de 5.","c"
"9a28b937-1ddb-4b6f-8ee3-e3b27d963959","Matemática","III - Múltiplos e Divisores","Colégio Militar de Salvador",2024,NA,"Maria, Joana e Rafaela decidiram treinar para uma competição na modalidade ciclismo na pista de atletismo do Colégio Militar de Salvador. Sabe-se que, em uma volta de 600 metros, o tempo utilizado por elas foram, respectivamente, 2 minutos, 2 minutos e 30 segundos e 3 minutos e 20 segundos. Podemos afirmar que, após várias voltas na pista, se essas meninas saírem juntas, elas se encontrarão novamente em:","10 minutos após terem saído e Maria terá dado 5 voltas.","10 minutos após terem saído e Rafaela terá dado 5 voltas.","10 minutos após terem saído e Joana terá dado 3 voltas.","12 minutos após terem saído e Maria terá dado 5 voltas.","12 minutos após terem saído e Rafaela terá dado 4 voltas.","a"
"50f7ed16-e26d-4261-bc69-2c45ebe9da44","Matemática","V - Números Decimais","Colégio Militar de Salvador",2024,NA,"O senhor Fernando possui um pequeno mercado com 10 funcionários. A jornada de expediente diária nos dias de semana é de 8 horas. Por ocasião do carnaval em Salvador, além de feriado na terça-feira, o senhor Fernando propôs aos funcionários uma jornada de meio expediente na quarta-feira de cinzas, que começaria às 13 horas e iria até às 18 horas. Os funcionários acharam estranho, pois metade do expediente corresponde a uma jornada de 4 horas em um dia. Se o senhor Fernando mantiver sua proposta, qual o percentual do aumento do tempo de trabalho na quarta-feira de cinzas em relação a uma jornada real de meio expediente?","10%.","20%.","25%.","30%.","33,3%.","c"
"37d956ec-1534-48a2-b859-db185d1ac5ca","Matemática","II - As 4 Operações","Colégio Militar de Salvador",2024,NA,"Nos Jogos Olímpicos de Paris, o futebol feminino contou com 12 times, divididos em 3 grupos com 4 times em cada. Na primeira fase, os times jogaram uma única partida contra todos do seu grupo. Os dois melhores colocados de cada grupo, além dos dois melhores terceiros colocados, dentre os três grupos, classificaram-se para a segunda fase, chamada de quartas de final, e os demais foram eliminados da competição. Na segunda fase, cada time jogou uma única partida, sendo que os vencedores avançaram para as semifinais e os perdedores foram eliminados. Na semifinal, cada time jogou uma única partida e, assim como na fase anterior, os vencedores classificaram-se para a grande final, disputada em um único jogo, e os perdedores disputaram a medalha de bronze, disputada também em um único jogo.

Quantos jogos de futebol feminino foram disputados nesta olimpíada?
","18","22","26","28","30","c"
"75eb049c-8529-4d45-a896-8a20d266339a","Matemática","III - Múltiplos e Divisores","Colégio Militar de Salvador",2024,NA,"Os irmãos Marcos e José baixaram um aplicativo em seus celulares para lembrá-los de tomar água. Marcos configurou seu aplicativo para tocar um alarme de 6 em 6 horas e, a cada vez que o alarme toca, ele bebe 400 mililitros de água; José configurou seu aplicativo para tocar um alarme a cada 4 horas e 15 minutos, e, a cada vez que o alarme toca, ele bebe 600 mililitros de água. No dia 04 de agosto, os alarmes dos dois irmãos tocaram às 7 horas. Quando será a próxima vez que os dois alarmes tocarão juntos?","7 horas de 7 de agosto.","19 horas de 7 de agosto.","13 horas de 8 de agosto.","4 horas de 9 de agosto.","17 horas de 9 de agosto.","c"
"46397fe0-a475-437f-a423-9018835c591e","Matemática","V - Números Decimais","Colégio Militar de Salvador",2024,NA,"Rebeca Andrade, maior medalhista brasileira nas Olimpíadas de Paris 2024, ganhou nestes jogos 4 medalhas, sendo uma de ouro, duas de prata e uma de bronze. A premiação para estas medalhas foi de R$ 350.000,00 para a de ouro, R$ 210.000,00 por cada uma de prata e R$ 56.000,00 pela de bronze. Como estes valores são receitas, a atleta deverá pagar imposto de renda sobre eles.

Suponha que, para cada uma de suas medalhas, ela tenha uma isenção de R$ 20.000,00, ou seja, ela pagará imposto só nos valores que ultrapassarem a quantia de R$ 20.000,00. Considere também que Rebeca precise pagar um percentual que, no caso da medalha de ouro, resulte em R$ 66.000,00 de imposto de renda. Se esse mesmo percentual for aplicado às demais medalhas, qual é o total de imposto de renda que Rebeca Andrade pagará pelas quatro medalhas? ","R$ 138.000,00 ","R$ 142.600,00","R$ 144.800,00","R$ 148.100,00","R$ 149.200,00","e"
"54d9acdb-8cb4-48e6-9c4e-879d67f8dac8","Matemática","V - Números Decimais","Colégio Militar de Salvador",2024,NA," Izaura, apesar de muito jovem, construiu uma balança gravitacional. Basta colocar a chave apontando para um determinado planeta e a balança mostra o “peso” da pessoa como se ela estivesse se pesando com uma balança normal naquele planeta. Os “pesos” mostrados pela
balança dependem da aceleração da gravidade do local onde se pesa. Por exemplo, uma pessoa que “pesa” 50kg no planeta Terra, pesaria 100kg se estivesse usando uma balança normal em um planeta cuja aceleração da gravidade é o dobro da aceleração da gravidade da Terra. Vamos analisar o quadro abaixo com os valores da aceleração da gravidade dos principais corpos do Sistema Solar.

  ![](1762540968_Captura de tela 2025-11-07 153804.png){width=300px} 

Izaura programou sua balança para mostrar o “peso” em Júpiter, subiu na balança e o resultado foi de 136kg. Qual o “peso” aproximado de Izaura, em quilogramas, na Terra?","48kg.","54kg.","62kg.","68kg.","73kg.","b"
"7b71d5df-34f0-4e3f-ac34-227f26745d19","Matemática","V - Números Decimais","Colégio Militar de Salvador",2024,NA,"Na lanchonete SÓ NATURAIS, o suco mais pedido é uma mistura de água, suco de laranja e suco de maçã. Vamos à receita: em um recipiente com 1 litro de água são colocados 200 mililitros de suco de laranja para obtermos uma mistura homogênea. Em seguida, 10% dessa mistura são retirados do recipiente. Após isso, são colocados 180 mililitros de suco de maçã.

Qual o percentual de suco de maçã neste recipiente em relação à quantidade de água?
","10%","15%","18%","20%","25%","d"
"cbbb3a84-f910-4ee4-bf39-ecddbbdc0d00","Matemática","II - As 4 Operações","Colégio Militar de Salvador",2024,NA,"O condomínio BrasilHexa usa um sistema de energia solar produzindo sua própria energia. Para a distribuição dessa energia são utilizados cabos subterrâneos entre casas vizinhas. No projeto de distribuição de energia, o número nas casas indica a quantidade de casas que se ligam a ela por esta rede de fios. Veja um exemplo abaixo, no qual as casas são representadas por quadrados e os cabos por segmentos de reta.

  ![](1762541271_Captura de tela 2025-11-07 154730.png){width=300px} 

Na figura abaixo, estão as casas do condomínio BrasilHexa com os números referentes ao número de cabos que parte de cada casa. Embora não estejam desenhados, a quantidade de cabos distribuídos é igual a 26. Qual o valor de X que representa o número de cabos que chegam à casa com esta letra?

  ![](1762541306_Captura de tela 2025-11-07 154818.png){width=300px} ","1","3","5","7","8","d"
"becaa531-7a73-464f-8051-c398750e4e8f","Matemática","VII - Tratamento da Informação","Colégio Militar de Salvador",2024,NA,"No castelo de Rapunzel existe uma escada em espiral. São 1.000 degraus numerados de 1 a 1.000. Os degraus são alinhados de 11 em 11, ou seja, em cima do degrau 1, existem os degraus 12, 23, 34, e assim por diante. Qual a média aritmética dos números de todos os degraus alinhados com o degrau 11, inclusive o degrau 11?","499","499,5","500","500,5","501","d"
"aa4a5cdc-e2a7-4808-b68a-458b0221bcbf","Matemática","VI - Medidas Geométricas","Colégio Militar de Salvador",2024,NA,"Uma folha de 8 cm de comprimento por 6 cm de largura possui um lado branco e um lado cinza. Leo coloca esta folha sobre sua mesa com a parte branca voltada para cima. Então ele faz duas dobras na folha conforme mostrado na sequência abaixo. Observe que o primeiro desenho é a folha em branco, mas dividida em quadradinhos para facilitar o processo das dobraduras.

  ![](1762541498_Captura de tela 2025-11-07 155129.png){width=300px} 

Qual a medida da área branca que pode ser vista após as duas dobraduras?","12 $cm^2$","11,5 $cm^2$","11 $cm^2$","10,5 $cm^2$","10 $cm^2$","e"
"1b8e2749-3f49-4423-ad52-5f1c6f97ba85","Matemática","II - As 4 Operações","Colégio Militar de Salvador",2024,NA,"O quadro abaixo mostra a classificação do Campeonato Brasileiro de Futebol 2024 após a 24ª rodada. Nele estão representados os 6 primeiros colocados, bem como suas pontuações (P), números de jogos (J) e números de vitórias (V). Neste campeonato, cada vitória vale 3 pontos, cada empate vale 1 ponto e cada derrota não vale ponto algum.

  ![](1762541773_Captura de tela 2025-11-07 155605.png){width=300px}

 Até esta rodada, quantos dos times mostrados no quadro possuem 6 empates?","1","2","3","4","5","b"
"95f6b3a0-e386-4972-8eee-4b14551ac555","Português","CMS - 2024/2025","Colégio Militar de Salvador",2024,NA,"**O coelho e a tartaruga**

Depois do fatídico dia no qual o coelho perdeu a corrida para a tartaruga, ele não teve mais paz. Andava pela floresta achando que todos estavam comentando sobre seu fracasso. Rememorava cada detalhe daquele dia e não se perdoava por ter ido cochilar. Não se perdoava por ter sido tão tolo e subestimado a tartaruga.

Passou dias assim, nesta ruminação mental até que resolveu agir. É assim mesmo… Uma hora é preciso secar as lágrimas, levantar do chão e começar a caminhar de novo…

Retomou seus planos de ação de começo de carreira e estabeleceu metas de treinamento árduas para si mesmo. O objetivo? Vencer a corrida do ano seguinte, claro!

A expressão “obstinação” era uma brisa perto do tornado que existia dentro dele! Todos os dias o sol e lua o encontravam na pista de corrida. Parava apenas para dormir poucas horas e alimentar-se. O tempo passou voando.

No dia da corrida, o coelho chegou cedo, cheio de aparatos especiais. Dizia a si mesmo: “-Hoje nada pode dar errado!”. Pouco tempo depois chegou a tartaruga, com seu passo lento, sendo ovacionada por todos.

Posicionados na saída, ouviram o pio da coruja que autorizava a largada. O coelho saiu correndo tão velozmente, que chegou a levantar poeira na estrada! A tartaruga ainda acenou a todos e saiu caminhando, na maior serenidade do mundo! Em inacreditáveis 5 minutos, o coelho cruzou a linha de chegada. Seu tempo havia sido tão rápido, que muitos dos que acompanharam a saída não tinham chegado a tempo de acompanhar o final da prova. Os sons das maritacas que ecoavam pela mata anunciavam o grande vencedor. E foram os únicos sons que se ouviram naquele momento. Esperou por duas horas, até a chegada da tartaruga, que foi acompanhada de grande festa.

Na entrega de medalhas, o silêncio se fez. Rei Leão discursou lindamente e agradeceu aos dois concorrentes pela competição limpa e honesta. Ambos foram devidamente condecorados e o grande evento se findou.

Ao chegar à casa com sua medalha, o coelho percebeu que algo faltava. Os dias seguintes foram misteriosamente tristes; ele não tinha mais disposição para treinar, não queria nem sair de casa e aquela medalha na parede parecia cada vez menos valiosa. Ele conseguiu atingir seu grande
objetivo, mas se sentia vazio. Refletiu bastante e percebeu que esse vazio era causado pelo fato de que não tinha com quem compartilhar sua vitória, então ela não tinha sentido.

Após essa descoberta, teve uma ideia e resolveu procurar a tartaruga. Conversaram longamente, riram muito e se descobriram “almas gêmeas”! Sócios, montaram uma academia de corrida que respeitava o ritmo e as características individuais de cada aluno! Foi um ano intenso de muita atividade e conexões!

No ano seguinte, propuseram um formato diferente de evento. Transformaram a corrida do ano em uma festa da família! Teve piquenique na mata, brinquedos ao ar livre para os filhotes, feira de produtos locais, música nativa e, claro, a corrida.

Diferentemente dos outros anos, havia centenas de corredores! Aquele burburinho tão gostoso e tão pleno que aquece o coração da gente! Ao som da coruja, todos saíram correndo. Exceto o coelho e a tartaruga. Eles ficaram acompanhando até que o último aluno saísse.

Ao cruzarem a linha de chegada, foram recebidos com cartazes e muita festa! O coelho abraçado à tartaruga olhou, demoradamente, a sua volta. Foi o último a chegar naquele dia, mas nunca havia se sentido mais feliz e pleno em sua vida!

Novamente o Rei Leão subiu ao pódio para entregar as medalhas. Depois declarou:

– Hoje, excepcionalmente, premiaremos os últimos colocados também! Pode parecer que são os últimos, mas estes competidores participaram de uma outra corrida! Uma corrida única! Venceram o ego, venceram as diferenças e compartilharam as alegrias que hoje vemos aqui:
Coelho e Tartaruga!

O barulho que se fez foi proporcional à felicidade vivida pelo coelho naquele momento! Nunca um pódio teve tanto valor e sentido! E ele entendeu que vencer é uma questão de foco, perspectiva e companhia!

**O texto acima faz referência a um outro texto chamado “A Lebre e a Tartaruga”, uma fábula de Esopo muito famosa. Nele, lebre e tartaruga participam de uma corrida, mas, consciente de que é mais rápida, a lebre subestima sua oponente e resolve parar para cochilar no meio da
competição, sendo ultrapassada e perdendo o primeiro lugar.

Observando as características do gênero textual, ao qual o texto 01 pertence, assinale a alternativa correta:**","seu narrador é um personagem e faz parte da história, já que é o coelho contando suas memórias e experiências.","a narrativa ocorre em um tempo predominantemente cronológico, pois as ações ocorrem em um tempo que aparece no texto, demarcado pelos dias, anos.","a narrativa é construída de maneira que os acontecimentos não se dão de forma linear, ou seja, ações do passado e do presente se misturam.","o Rei Leão é o personagem principal da história, pois foi ele quem trouxe a reflexão final, que contém a mensagem mais importante do texto.","não há nenhum indício do espaço físico no qual os acontecimentos ocorrem, assim sendo, a história toda se passa na imaginação dos personagens.","b"
"cf7042d2-0c92-475e-ada1-7e9464feefd7","Português","CMS - 2024/2025","Colégio Militar de Salvador",2024,NA,"Em determinado momento do texto 01, o narrador afirma que “A expressão ‘obstinação’ era uma brisa perto do tornado que existia dentro dele!” (linha 9). Assinale a afirmativa que apresenta um trecho do texto 01 que retrata e exemplifica a obstinação à qual o autor se refere nessa frase:","“Andava pela floresta achando que todos estavam comentando sobre seu fracasso.” (linha 2)","“No dia da corrida, o coelho chegou cedo, cheio de aparatos especiais.” (linha 12)","“Esperou por duas horas, até a chegada da tartaruga, que foi acompanhada de grande festa.” (linhas 20 e 21)","“Após essa descoberta, teve uma ideia e resolveu procurar a tartaruga.” (linha 30)","“Foi o último a chegar naquele dia, mas nunca havia se sentido mais feliz e pleno em sua vida!” (linhas 41 e 42)","b"
"c725c3b6-680e-4418-83d3-1d54f046036c","Português","CMS - 2024/2025","Colégio Militar de Salvador",2024,NA,"  ![](1762542378_Captura de tela 2025-11-07 160606.png){width=300px} 

Após observar a linguagem verbal e não-verbal que contribuem para construir o significado da tirinha acima, assinale a alternativa que demonstra o fato no qual o efeito de humor reside:","Márcia estar fazendo cooper na calçada de uma rua movimentada, quando deveria estar fazendo em um local adequado.","Márcia não estar devidamente trajada para a atividade física que estava realizando, já que estava com um vestido preto e salto alto.","O carro do sorvete também estar correndo, como se estivesse competindo com Márcia, e não parar quando ela o chama","Márcia não estar fazendo cooper, e sim estar correndo atrás do carro de sorvete, a fim de, provavelmente, comprar um para si.","Márcia não estar fazendo cooper por se preocupar com sua forma física, e sim para poder se alimentar com o que quiser.","d"
"a4f802f8-d2fa-4b1f-942e-0cc7601ebee0","Português","CMS - 2024/2025","Colégio Militar de Salvador",2024,NA,"  ![](1762542615_Captura de tela 2025-11-07 161006.png){width=300px} 

Após a leitura atenta da charge acima, bem como após observar seus elementos verbais e não verbais, é possível dizer que ela traz uma crítica à(s)/ao(s):","dificuldades que alguns atletas encontram para alcançar seus objetivos, enquanto para outros, é algo fácil.","forma como os atletas são tratados pela mídia e por seus companheiros, que não lhes dão a devida importância.","insatisfação geral das pessoas, já que nunca estão felizes com aquilo que possuem.","falta de apoio que os atletas possuem, tanto para alcançar seus objetivos, quanto por parte da população.","inveja daqueles que nunca conseguem ficar felizes pelas conquistas dos demais.","c"
"e5b5cc5f-bf99-47a7-9a58-afc91d8fa0a0","Português","CMS - 2024/2025","Colégio Militar de Salvador",2024,NA,"  ![](1762542698_Captura de tela 2025-11-07 161129.png){width=300px} 

Após a leitura atenta do poema acima, é possível perceber que o seu autor é um poeta diferente.

De acordo com o texto, essa diferença se daria pelo fato de o poeta:","escrever de uma forma diferente da que os demais poetas utilizam.","utilizar palavras que não costumam aparecer em outros poemas.","não utilizar rimas, algo presente em todos os poemas que já tinham sido escritos.","escrever aquilo que sente, diferente dos demais poetas, já que eles não o fazem.","fazer um texto aos atletas que foram derrotados e não aos vencedores, como é costumeiro","e"
"df1c3c63-2c09-4e7d-89f6-78446a398308","Português","CMS - 2024/2025","Colégio Militar de Salvador",2024,NA,"Observe o trecho abaixo e assinale a alternativa na qual a palavra sublinhada foi substituída por outro termo e não houve alteração no sentido da frase:

“Hoje,
manuscritos picados em soluço
chovem do terraço chuvas de **irrisão.**”
(versos 6 a 8)","chovem do terraço chuvas de **felicidade** (...)
","chovem do terraço chuvas de **contentamento** (...)","chovem do terraço chuvas de **compreensão** (...)","chovem do terraço chuvas de **zombaria** (...)","chovem do terraço chuvas de **comemorações** (...)","d"
"c9efd979-7561-4a19-a5dd-49e1f0b8e829","Português","CMS - 2024/2025","Colégio Militar de Salvador",2024,NA,"  ![](1762543032_Captura de tela 2025-11-07 161704.png){width=300px} 

Os sinais de pontuação são utilizados para trazer efeitos diversos aos textos. No trecho “futebol, futebol e futebol?!” (terceiro quadrinho), a vírgula é utilizada para:","indicar uma pequena pausa nas falas de Armandinho, demonstrando que estava animado","separar termos iguais, porém com sentidos diferentes, a fim de evitar ambiguidades","isolar uma explicação, já que Armandinho estava explicando o motivo de sua indignação.","separar elementos a fim de enumerá-los e mostrar que são diferentes, embora pareçam iguais","separar elementos enumerados e repetidos, que possuem mesma função na frase","e"
"98519d62-dc9a-45a5-87b9-e2a4eec9484a","Português","CMS - 2024/2025","Colégio Militar de Salvador",2024,NA,"Após a leitura atenta da tirinha abaixo, observe as afirmativas abaixo e assinale a correta de acordo com a seguinte pergunta:

As reticências presentes nos trechos “O Estopa está prestes a quebrar mais um...” (1º quadrinho) e “ÉÉÉ... não deixa de ser!” (2º quadrinho) são utilizadas para indicar ?

  ![](1762543135_Captura de tela 2025-11-07 161846.png){width=300px} ","Uma hesitação do personagem, que não queria continuar falando e uma pausa para fazer uma reflexão, respectivamente.","A prolongação de um pensamento que o personagem estava tendo e uma pausa reflexiva, respectivamente.","Uma interrupção na fala do personagem e a indicação de que o personagem estava pensando, respectivamente.","Uma pequena pausa que expressa a surpresa do personagem com o que estava vendo e uma interrupção em seu pensamento, respectivamente.","A interrupção de seu pensamento enquanto observava o que estava acontecendo, em ambos os casos.","c"
"f7092057-74a6-43bf-a3dd-d9480eff5eb1","Português","CMS - 2024/2025","Colégio Militar de Salvador",2024,NA,"  ![](1762543201_Captura de tela 2025-11-07 161954.png){width=300px} 

Observe o trecho abaixo e assinale a alternativa que possui a opção que melhor substituiria a expressão sublinhada, de modo que não haja prejuízo de sentido:

**Apesar de** não ter tido culpa, passei muitos dias e muitas noites de castigo, num canto escuro, com baratas e camundongos por únicos companheiros. (linhas 11 a 13)","Ademais de","Independentemente de","E depois de","Além de","Para além de","b"
"f5634c55-7a92-489e-928c-f7625f1ca929","Português","CMS - 2024/2025","Colégio Militar de Salvador",2024,NA,"  ![](1762543289_Captura de tela 2025-11-07 162122.png){width=300px}

 Leia atentamente o texto “Símbolos olímpicos” e responda qual das seguintes afirmações está correta.","A Tocha Olímpica foi criada para os Jogos Olímpicos de 1896, sendo um grande símbolo durante as Olimpíadas.","A Tocha Olímpica permanece acesa e presente nos Jogos Olímpicos apenas durante a Cerimônia de Abertura.","A letra do Hino Olímpico, como uma das representações das Olimpíadas, foi composto pelo músico grego Spirou Samara.
","A cidade-sede dos Jogos Olímpicos, local onde ocorre as competições, não tem autonomia para criar sua própria tocha.","O Hino Olímpico é executado em todas as cerimônias olímpicas oficiais, durante o hasteamento da bandeira olímpica.","e"
"be88f188-c5be-4695-a9d0-8cb314df4dc4","Português","CMS - 2024/2025","Colégio Militar de Salvador",2024,NA,"O sistema de pontuação é fundamental para a organização dos diferentes tipos de texto, contribuindo para a coesão, coerência e clareza daquilo que se escreve. Neste sentido, assinale a alternativa correta com relação ao emprego da vírgula no seguinte trecho: “Os aros: Nas cores azul, amarelo, preto, verde e vermelho (…)” (linha 1)","Indicar a interrupção de uma frase ou pensamento.","Introduzir uma citação em um enunciado.","Separar dentro de um contexto elementos de uma enumeração.","Isolar em uma frase um termo que expressa circunstância de lugar.","Isolar em uma frase uma expressão indicativa de modo.","c"
"27ca8333-1141-4398-ab54-08628c672d66","Português","CMS - 2024/2025","Colégio Militar de Salvador",2024,NA,"Os elementos coesivos são marcas linguísticas que efetivam a conexão do texto. Em outros termos, eles conectam e estabelecem uma ligação entre as partes textuais. De acordo com os seus conhecimentos sobre os elementos coesivos, assinale a alternativa que indica o sentido
correto do termo sublinhado no trecho abaixo:

(...) **Desde que** foi criada, para os Jogos Olímpicos de 1936 (Berlim), seu ritual se transformou em um dos momentos mais emblemáticos dos Jogos Olímpicos.","Causa.","Finalidade.","Tempo.","Proporção.","Consequência.","c"
"d0b86b01-e6c9-4be6-bdab-b15d44bbbf57","Português","CMS - 2024/2025","Colégio Militar de Salvador",2024,NA,"A ironia é um recurso estilístico utilizado por alguns autores em seus textos. Após a leitura da tirinha abaixo assinale a alternativa correta, na qual é possível dizer que a ironia presente nela se encontra:

  ![](1762543503_Captura de tela 2025-11-07 162455.png){width=300px} ","no uso da palavra “unir”, já que os povos na verdade não se unem e atacam uns aos outros.","no fato de a união se referir ao comportamento de “desunião” dos povos.","na diversidade cultural que acaba afastando os povos, fazendo com que não se unam.","na forma como os países encaram as Olimpíadas, como se fosse um evento sem importância.","no fato de não haver um entendimento real entre as nações que fazem parte dos jogos, fazendo com que essa união não exista.","b"
"dae8cd33-5f8b-48b7-aff2-8fa3c2af7022","Português","CMS - 2024/2025","Colégio Militar de Salvador",2024,NA,"  ![](1762543568_Captura de tela 2025-11-07 162559.png){width=300px} 

O quadro acima mostra os 15 países com a maior quantidade de medalhas nos jogos olímpicos, bem como os países com os maiores PIB, população e IDH. Sabendo que PIB é o Produto Interno Bruto de um país, ou seja, é a soma de todos os bens e serviços finais produzidos por um país; e que o IDH é o Índice de Desenvolvimento Humano, ou seja, uma comparação dos indicadores de países nos itens riqueza, alfabetização, educação, esperança de vida, natalidade e outros, com o intuito de avaliar o bem-estar de uma população, especialmente das crianças. Após a observação atenta das informações dadas, é correto afirmar que:","os países mais ricos também são aqueles que possuem mais medalhas.","o desenvolvimento humano de um país é inversamente proporcional à quantidade de medalhas que ele possui.","quanto maior a quantidade de pessoas em um país, mais medalhas ele possui, já que envia mais atletas para os jogos olímpicos.","quanto mais medalhas um país possui, maior é o seu desenvolvimento humano.","os países mais pobres são também os mais populosos e, consequentemente, aqueles que têm maior quantidade de medalhas.","a"
"ccdd022a-a70c-4a7c-b365-129ca3879c32","Português","CMS - 2024/2025","Colégio Militar de Salvador",2024,NA,"  ![](1762543659_Captura de tela 2025-11-07 162732.png){width=300px} 
  ![](1762543681_Captura de tela 2025-11-07 162754.png){width=300px} 

O foco narrativo designa o olhar daquele que narra a história, sendo o narrador quem determina o foco, isto é, o ponto de vista. Neste sentido, o tipo de narrador presente no texto “O dono da bola” é:","personagem, pois é aquele em terceira pessoa que sabe tudo sobre a história.","onisciente, pois é o que não conhece os detalhes da história. Narra o que vê, em terceira pessoa.","observador, pois é aquele que conta a história observando de fora, em terceira pessoa.","personagem, pois é o que narra em primeira pessoa, recebe este nome porque participa da história.","onisciente, pois é o que se encontra em terceira pessoa sabendo tudo sobre a história que conta.","d"
"ac3d6f45-7f28-498a-b8cd-bd5a0e14099c","Português","CMS - 2024/2025","Colégio Militar de Salvador",2024,NA,"A palavra que substitui, sem alteração de sentido, o termo sublinhado em “Oi, turma, que tal jogar com uma bola de verdade? Nós estávamos loucos para jogar com a bola dele. Mas não podíamos dar o braço a torcer.” (linhas 29 e 30) é:","Portanto.","Logo.","Contudo.","Pois.","Ou.","c"
"453d8f06-f16a-48fe-9bf1-5ecc56f718b2","Português","CMS - 2024/2025","Colégio Militar de Salvador",2024,NA,"Os elementos coesivos, também chamados de elementos de coesão, têm como função fazer uma ligação lógica entre palavras e/ou frases de um texto, ou de evitar que determinadas palavras que já foram mencionadas sejam repetidas. Sendo assim, marque a alternativa correta que o termo sublinhado na frase do quadro abaixo retoma:

“Mas futebol **ele** tinha que jogar com a gente, porque não se pode jogar sozinho.” (linhas 08 e 09)","Caloca.","Amigo.","Beto.","Louco.","Catapimba.","a"
"04c39d2b-80d9-481b-9889-dad84a2d508d","Português","CMS - 2024/2025","Colégio Militar de Salvador",2024,NA,"Com base no texto “O dono da bola” é possível afirmar que Carlos Alberto:","Era um garoto muito solidário, sempre dividia todos os seus brinquedos com os amigos.","Era muito divertido, vivia sempre cercado dos amigos e jogava futebol com eles.","Sempre teve muitos amigos, mas se desentendeu com eles e não emprestou a sua bola.","Era muito egoísta e não dividia a bola com os amigos, mas se redimiu e a emprestou.","Não sabia jogar futebol e, por isso, pedia ajuda para os amigos para aprender essa nobre arte.","d"
"52d94a9e-2cfd-4840-8633-82e9e560e35d","Português","CMS - 2024/2025","Colégio Militar de Salvador",2024,NA,"  ![](1762543877_Captura de tela 2025-11-07 163110.png){width=300px} 

Glossário:
Paralimpíadas - evento esportivo realizado a cada quatro anos para atletas com diferentes graus de deficiência

Leia atentamente o texto 12 “Olimpíadas” e assinale a alternativa correta que expressa explicitamente o foco central do texto.","Atletas disputam as Paralimpíadas em todas as modalidades.","O anúncio do evento era dado por mensageiros, para que as pessoas pudessem viajar.","A situação de trégua era decretada três meses antes dos jogos para estabelecer a paz.","A origem e o desenvolvimento dos Jogos Olímpicos, como o maior evento esportivo do mundo.","Os jogos ocorriam em cidades diferentes e no período de quatro em quatro anos.","d"
"e98b6345-0d1c-4a1e-8f2a-ced83601cf8f","Português","CMS - 2024/2025","Colégio Militar de Salvador",2024,NA,"Assinale a alternativa correta que indica o sentido do termo sublinhado no trecho abaixo.

As competições aconteciam nos momentos de trégua, **porque** naquela época eram comuns conflitos entre as cidades-estado gregas. (linhas 13 e 14)","Condição.","Adição.","Alternância.","Comparação.","Explicação.","e"
"fa1bce87-dd14-487f-987e-87e809541a83","Matemática","II - As 4 Operações","Colégio Militar de Salvador",2025,NA,"Para fazer a inscrição para a 51ª Corrida Duque de Caxias, promovida pelo Exército Brasileiro, em Salvador, cada corredor deveria fazer a doação de 4kg de alimento, podendo ser arroz, feijão, macarrão ou farinha de trigo. Esses alimentos arrecadados foram doados para 76 instituições de caridade. Cada instituição recebeu uma caixa com 63kg. A maior parte dos atletas fez a doação solicitada, mas 25 deles só conseguiram doar 3kg; 41, apenas 2kg; 19, somente 1kg; e 37 pessoas não fizeram a doação. Mas todos conseguiram fazer sua inscrição. O número de inscritos neste evento foi:","1.029","1.083","1.126","1.202","1.275","e"
"4f33411b-78cc-4165-8d03-f0b239948712","Matemática","VI - Medidas Geométricas","Colégio Militar de Salvador",2025,NA,"No aniversário de Heitor, diversas brincadeiras foram organizadas pelo animador para entreter as 72 crianças. Dentre elas, um jogo parecido com baleado, mas com uma divisão da quadra bem diferente: a quadra de futsal, de formato retangular, cujas medidas são 20m de comprimento por 12m de largura, foi completamente dividida em quadrados do mesmo tamanho, cujas dimensões, em centímetros, são
números inteiros, de maneira que em cada quadrado houvesse uma ou duas crianças, pois todas as crianças participaram dessa brincadeira. Nestas condições, qual o número de quadrados desenhados?","36","48","52","60","72","d"
"1ada2e87-e638-445b-817b-974b0fe9bdfc","Matemática","V - Números Decimais","Colégio Militar de Salvador",2025,NA,"Jonas foi às compras. Ele precisava comprar frutas. Então ele pegou algumas maçãs, algumas laranjas e algumas bananas. Todas as frutas juntas pesaram 2,4kg, sendo que as bananas pesaram 200g a mais que as laranjas, e as maçãs pesaram 100g a mais que as laranjas. O preço do quilograma de maçãs é R$ 12,00; o de banana é R$ 8,00; e o de laranja é R$ 5,00. Qual o valor pago por Jonas pelas frutas escolhidas?
","R$ 18,75","R$ 19,80","R$ 20,30","R$ 21,70","R$ 22,25","c"
"1c3b2ad5-c402-4bff-b82c-d887c9955fef","Matemática","VI - Medidas Geométricas","Colégio Militar de Salvador",2025,NA,"Uma formiga está em um dos vértices de uma das bases hexagonais de uma caixa e caminha até um vértice na base oposta, andando sempre pelas arestas. Ao chegar a um dos vértices da face oposta, ela volta, também, andando apenas pelas arestas, até o vértice em que ela estava no início. No caminho, ela não passou mais de uma vez por cada aresta. Admitindo-se que cada aresta da base mede 2 cm e que cada aresta vertical das faces retangulares mede 15 cm, qual é a maior distância possível para esta caminhada, sabendo-se que a formiga desceu e subiu apenas uma vez?

  ![](1762794979_Captura de tela 2025-11-10 141605.png){width=300px} ","34 cm","38 cm","42 cm","50 cm","54 cm","d"
"5d8eb847-1474-4c1d-ad31-db3291eef83f","Matemática","IV - Frações","Colégio Militar de Salvador",2025,NA,"Ana, Bia, Carla, Daniela e Estela foram a uma pizzaria e pediram uma pizza gigante, que veio dividida em 20 pedaços do mesmo tamanho. Ana comeu 1/5 da pizza e Bia comeu 1/4 do que sobrou. A quantidade de pizza que Carla comeu é a média aritmética das quantidades comidas por Ana e Bia. Do que sobrou, Daniela e Estela comeram juntas 3/4 dessa quantidade. Ao final, quantos pedaços de pizza sobraram?","2","3","4","5","6","a"
"69f40f93-145a-4bb8-a576-b31baf33c911","Matemática","VI - Medidas Geométricas","Colégio Militar de Salvador",2025,NA,"Uma piscina possui 10 metros de comprimento por 8 metros de largura por 1,1 metro de altura, sendo representada na figura abaixo pelo paralelepípedo reto-retângulo ABCFGDEH. Esta piscina está com 80 mil litros de água. Um projeto prevê a construção de um bar molhado em um dos cantos da piscina, representado na figura pelo paralelepípedo reto-retângulo JMLFINKH, cujas dimensões serão de 2 metros de comprimento por 2 metros de largura e com a mesma altura da piscina. Para a construção desse bar, toda a água da piscina será retirada, armazenada em caminhões e, depois da construção, será devolvida a mesma quantidade retirada, mas será colocada apenas na área externa do bar. Como a parte da piscina que receberá água ficou menor, o nível de água vai subir.

  ![](1762795136_Captura de tela 2025-11-10 141850.png){width=300px} 

Desprezando a espessura das paredes do bar, quantos centímetros, aproximadamente, o nível da água vai subir, após a construção do bar, em relação ao que era antes dessa obra? ","3,26 cm","4,26 cm","5,26 cm","6,26 cm","7,26 cm","c"
"923dcade-7f0b-4317-9791-85f1f9b02532","Matemática","VI - Medidas Geométricas","Colégio Militar de Salvador",2025,NA,"A figura abaixo representa o mapa do bairro em que Jonas mora, no qual as ruas são as linhas pretas, formando quadrados com 100 metros de lado. Sua casa está representada pelo ponto A, sua escola pelo ponto B, a padaria pelo ponto C, a casa de sua vó pelo ponto D e o mercado pelo ponto E.

  ![](1762795244_Captura de tela 2025-11-10 142036.png){width=300px} 

Andando sempre pelas ruas, um dia Jonas saiu de casa às 6h50min para ir à escola. Às 12h, terminou a aula e Jonas foi à casa de sua avó almoçar. Às 14h, Jonas foi voltar para casa, mas precisou passar antes na padaria e no mercado, nesta ordem. Jonas não passou duas vezes pelo mesmo lugar em nenhum momento, a não ser em sua casa, na qual ele iniciou e terminou sua caminhada, e cada deslocamento feito por ele foi utilizando a menor distância possível. Se pintarmos esse deslocamento, obtemos um polígono.

O perímetro desse polígono é:
","280 m","28 hm","2,8 dam","2.800 dm","0,28 km","b"
"b57810d2-5f18-403c-94a0-8604207fe3c6","Matemática","II - As 4 Operações","Colégio Militar de Salvador",2025,NA,"Para a competição de caiaque nas Olimpíadas de Paris 2024, precisou-se construir uma represa artificial com capacidade de 102.400 litros. Depois de construída, inicialmente foi colocada uma certa quantidade de água na represa e, a cada dia, a água colocada era sempre igual à quantidade de água que havia no dia anterior, até que no dia 10 de julho, após receber a quantidade de água que havia no dia anterior, a represa se encheu completamente.

No dia 6 de julho, antes de receber água nesse dia, quanto havia de água nessa represa?","100 litros","1.600 litros","3.200 litros","6.400 litros","12.600 litros","c"
"dc42f39e-5579-48fa-8001-50bd99ae7e2a","Matemática","VI - Medidas Geométricas","Colégio Militar de Salvador",2025,NA,"Luísa gosta muito de dobraduras de papel. Uma de suas preferidas é usar uma folha quadrada com 10cm de lado, dobrar ao meio uma primeira vez e depois dobrar ao meio novamente, conforme as figuras abaixo, sendo que a sequência executada por Luísa pode ser observada da esquerda para a direita.

  ![](1762795453_Captura de tela 2025-11-10 142406.png){width=300px} 

Após realizar as dobras, ela recorta as quatro pontas do quadrado que obteve, conforme a figura abaixo, nas quais a tesoura segue uma linha reta, começando e terminando em pontos que ficam 1/3 da medida do lado do quadrado menor distantes do vértice mais próximo. As pontas estão representadas pela cor cinza.

  ![](1762795490_Captura de tela 2025-11-10 142440.png){width=300px} 

Da folha de papel inicial, antes das dobras, qual é a fração que representa as pontas recortadas em relação à parte que não foi recortada:
","1/7","2/7","1/8","2/8","1/9","b"
"77c9f712-b5ff-49ec-8c9d-7793011f0e50","Matemática","III - Múltiplos e Divisores","Colégio Militar de Salvador",2025,NA,"Um cinema possui as fileiras A, B, C, D, E, F, G, H e I, e cada uma delas tem 17 poltronas, que são numeradas de 1 a 153. Para promover um novo filme, embaixo das poltronas com número múltiplo de 4, foi colocado um pirulito e, embaixo das poltronas com número múltiplo de 6, foi colocado um bombom.

Quantas poltronas ficaram sem brinde (bombom ou pirulito)?","94","98","102","106","110","c"
"9dd15af2-4ec7-4ce6-997f-7247d6c60923","Matemática","V - Números Decimais","Colégio Militar de Salvador",2025,NA,"Ari resolveu fazer uma viagem para o Peru e, em conversa com um amigo, ficou sabendo que comprar ouro no Peru é muito lucrativo. Mas o processo deveria ser:

1º : comprar dólar no Brasil;
2º : usar os dólares para comprar Novo Sol Peruano (moeda peruana); e
3º : usar a moeda Peruana para comprar ouro.

Sabe-se que, na véspera da viagem, cada dólar no Brasil estava sendo comercializado a R$ 5,70, cada Novo Sol Peruano estava custando 0,75 centavos de dólar e que cada grama de ouro no Peru estava custando 400 Novo Sol Peruano. Se Ari comprou 12 gramas de ouro no Peru, quanto ele gastou em reais no início das transações?","R$ 16.880,00","R$ 17.430,00","R$ 18.950,00","R$ 19.340,00","R$ 20.520,00","e"
"a9af4645-44ef-43f7-815a-bf233d6eb80b","Matemática","V - Números Decimais","Colégio Militar de Salvador",2025,NA,"Maria gosta muito de usar anéis. Ela ganhou dois anéis novos e decidiu usar esses dois anéis e, somente eles, na mão esquerda, de forma que fiquem em dedos diferentes. Ela vai colocá-los de forma aleatória em dois dedos. Qual é a probabilidade de que o polegar receba um anel?","25%","30%","35%","40%","50%","d"
"41908862-054d-4b19-ae52-5ee072194f1b","Matemática","I - Sistema de Numeração","Colégio Militar de Salvador",2025,NA,"A história dos números complexos começa no século XVI, com Girolamo Cardano e outros matemáticos que, ao tentarem resolver equações de terceiro grau, depararam-se com a necessidade de operar com a raiz quadrada de números negativos. No entanto, foi com os trabalhos de matemáticos como **Leonhard Euler**, **Abraham de Moivre** e, sobretudo, **Carl Friedrich Gauss**, nos séculos XVIII e XIX, que os números complexos foram formalizados e desenvolvidos, passando de meros artifícios algébricos a um conjunto numérico completo com aplicações em diversas áreas científicas e tecnológicas.

No texto acima sobre números complexos, existem algumas representações de numerais romanos. Qual é a soma desses numerais?
","LIII","LIV","LV","LVI","LVII","a"
"c6a61283-abd6-4310-91ec-42b461c1af90","Matemática","VII - Tratamento da Informação","Colégio Militar de Salvador",2025,NA,"Rodrigo possui um chocolate, um bombom, um chiclete e um pirulito. Ele vai distribuir esses doces para seus 4 amigos, sendo um doce para cada um: Alberto, Beto, Carlos e Daniel. Beto não gosta de chocolate e Daniel gostaria de receber o pirulito ou o chiclete. Fazendo uma distribuição aleatória, qual a probabilidade de que os amigos Beto e Daniel sejam atendidos?","6/24","7/24","8/24","9/24","10/24","c"
"bd58cbf6-d682-4027-83e0-f8be3104fbd0","Matemática","VI - Medidas Geométricas","Colégio Militar de Salvador",2025,NA,"Luciana recortou, de uma folha retangular com dimensões de 20cm x 30cm, quatro quadrados, sendo um em cada canto, sendo o primeiro de 1cm de lado, o segundo de 2cm de lado, o terceiro de 3cm de lado e o quarto de 4cm de lado. Qual o perímetro do polígono que sobrou após os recortes?","60cm","80cm","92cm","100cm","120cm","d"
"789d27de-8360-4d3c-a693-1f6ea0c76f0b","Matemática","VII - Tratamento da Informação","Colégio Militar de Salvador",2025,NA,"Uma editora doou uma coleção de livros para sortear entre os alunos de uma turma do 6º ano do CMS, que possui 8 meninos e 22 meninas. No dia do sorteio, algumas meninas faltaram, mas todos os meninos estavam presentes. Então, cada aluno presente escreveu seu nome em um papel, dobrou-o e depositou na caixa de sorteio. Alice percebeu que a chance de uma menina ser sorteada era de 2/3. Quantas meninas faltaram no dia do sorteio?","2","3","4","5","6","e"
"6de948df-f1a3-4a4b-8116-db4a56aac148","Matemática","II - As 4 Operações","Colégio Militar de Salvador",2025,NA,"Em um passeio de Salvador até a Praia do Forte, Aronildo percebeu que havia algumas placas que indicavam em qual quilômetro da rodovia eles estavam, mas não todos os números, e sim, apenas os números ímpares múltiplos de 3 ou números que terminam em 5. Aronildo viu que as placas continham todos os números naturais nessas condições, do quilômetro 7 até o quilômetro 95. Como exímio aluno de Matemática, ele anotou todos os números em um papel e começou a multiplicar todos eles. O algarismo das unidades desse resultado foi:
","1","3","5","7","9","c"
"4a1545a8-cf56-43f7-88a9-3f856ba79994","Matemática","VII - Tratamento da Informação","Colégio Militar de Salvador",2025,NA,"No 1º semestre de 2025, os alunos do 3º ano de uma escola deveriam ler pelo menos 3 livros. No início do 2º semestre, a professora registrou no quadro da sala de aula as quantidades de livros lidos, conforme a tabela abaixo.

  ![](1762796165_Captura de tela 2025-11-10 143559.png){width=300px} 

A quantidade de livros de Bernardo ficou em branco porque ele faltou à aula neste dia. Então João disse que sabia quantos livros Bernardo havia lido, mas ia propor um desafio: o número de livros lidos por Bernardo é tal que a média de livros lidos por aluno, dentre os 8 alunos, é 5. Qual o número de livros lidos por Bernardo?","3","4","5","6","7","b"
"fd17f4f2-5fe0-4726-80fc-7e80c5afd71f","Matemática","II - As 4 Operações","Colégio Militar de Salvador",2025,NA,"Em um curso existem, no máximo, 500 pessoas, entre alunos e orientadores. Cada orientador é responsável por, exatamente, 8 alunos, nem mais e nem menos, e cada aluno deve ser orientado por exatamente um orientador. A quantidade máxima de alunos desse curso é:","425","432","438","440","455","d"
"7b35b600-c000-4055-bb48-cccc189b6a53","Matemática","II - As 4 Operações","Colégio Militar de Salvador",2025,NA,"No planeta hipotético chamado Éxi, os homens possuem 6 orelhas e as mulheres possuem 4 orelhas. Em um grupo de 30 habitantes, havia 146 orelhas. Quantos homens havia nesse grupo?","12","13","15","17","19","b"
"b7c6830b-0468-41a7-a65e-125e270bc9b1","Português","CMS - 2025/2026","Colégio Militar de Salvador",2025,NA,"  ![](1762797855_Captura de tela 2025-11-10 150407.png){width=300px} 

Leia o trecho abaixo:

""Nos Jogos Paraolímpicos, os atletas são, previamente, categorizados, conforme o tipo de deficiência, pelo Comitê Paraolímpico Internacional (IPC, sigla inglesa)."" linhas 13 e 14.

O uso da vírgula nesse trecho contribui principalmente para:","interromper o sentido da frase de forma proposital.","indicar apenas uma pausa natural para facilitar a compreensão da frase.","a vírgula ajuda a separar as partes da frase, facilitando o entendimento.","enfatizar que os atletas não são avaliados.","substituir pontuação como ponto-final ou dois-pontos.","c"
"50d23952-41e6-4fc7-ac8a-4c185e8e293d","Português","CMS - 2025/2026","Colégio Militar de Salvador",2025,NA,"Leia o trecho a seguir:

“Por exemplo: o basquetebol ou a esgrima são jogados em cadeiras de roda, o voleibol é praticado sentado, e o tamanho do campo de futebol é reduzido.” linhas 8 e 9.

Considerando o uso dos sinais de pontuação, especialmente os dois-pontos, a vírgula e o elemento coesivo “e”, é correto afirmar que o efeito de sentido provocado por essa pontuação é:","apresentar uma opinião pessoal do narrador sobre os esportes adaptados.","criar uma enumeração explicativa que reforça o propósito exemplificativo iniciado com os dois-pontos.","marcar pausas desnecessárias, que dificultam a fluidez do parágrafo e prejudicam o entendimento.","ressaltar que os esportes citados são praticados apenas por atletas sem deficiência.","o trecho não exemplifica as adaptações que ocorrem em algumas modalidades dos jogos.","b"
"0b05e6e6-3f81-453c-b0eb-cc05aa4e7385","Português","CMS - 2025/2026","Colégio Militar de Salvador",2025,NA,"No trecho abaixo, as palavras ""elegíveis"" e ""fracionadas"" têm sentidos específicos no contexto
apresentado:

Existem muitos esportes adaptados para pessoas com deficiência física, sensorial e intelectual. Nos Jogos Paraolímpicos, os atletas são, previamente, categorizados, conforme o tipo de deficiência, pelo Comitê Paraolímpico Internacional (IPC, sigla inglesa). [...]

Os atletas **elegíveis** depois são divididos em grupos conforme o grau da deficiência. Essa divisão acontece para que o nível entre os competidores seja o mais justo possível. Assim, uma mesma modalidade esportiva pode ser **fracionada** em várias, para que as competições aconteçam sempre entre atletas com graus parecidos de deficiência. linhas 12 a 18.

Com base nesse contexto, assinale a alternativa que apresenta o significado correto dessas palavras.","Elegíveis significa ""todos os atletas presentes""; fracionadas significa ""separadas em partes menores"".","Elegíveis significa ""aqueles que cumprem os requisitos para participar""; fracionadas significa ""divididas em categorias ou grupos"".","Elegíveis significa ""os melhores atletas""; fracionadas significa ""agrupadas sem critério"".","Elegíveis significa ""excluídos da competição""; fracionadas significa ""misturadas entre diferentes grupos"".","Elegíveis significa ""inscritos em várias modalidades""; fracionadas significa ""unidas em uma só categoria"".","b"
"4b90a046-746e-4374-bf74-8919bae94475","Português","CMS - 2025/2026","Colégio Militar de Salvador",2025,NA,"  ![](1762798285_Captura de tela 2025-11-10 151118.png){width=300px} 

Na tirinha, as palavras “como” e “com” são utilizadas para expressar diferentes relações de sentido. Assinale a alternativa que analisa corretamente os valores semânticos desses elementos no texto:","“Como” e “com” expressam simultaneidade nas ações do albatroz.","“Como” tem valor causal, e “com” indica oposição.","“Como” tem valor comparativo, enquanto “com” indica instrumento ou meio.","Ambos os elementos indicam finalidade.","“Como” e “com” são usadas apenas para dar ritmo à narrativa, sem papel coesivo.","c"
"fb1ad598-841a-4ec2-890d-3ab19904a00a","Português","CMS - 2025/2026","Colégio Militar de Salvador",2025,NA,"Na tirinha acima, a construção do texto verbal junto com a imagem provoca um efeito de ironia.

Assinale a alternativa que melhor explica o uso desse recurso:

Quadrinho 1: “O albatroz voa como um avião...”
Quadrinho 2: “...plana com o vento...”
Quadrinho 3: “...e aterrissa como ninguém...” (imagem mostra o albatroz caindo de forma desajeitada)","A tirinha mostra que o albatroz tem um voo pesado e difícil, o que contradiz o elogio inicial.","A ironia está em afirmar que o albatroz aterrissa “como ninguém”, enquanto a imagem mostra uma aterrissagem desastrosa.","O humor da tirinha está apenas na forma caricata do desenho do albatroz.","A ironia está em comparar o albatroz a um avião, pois ambos voam perfeitamente.","A tirinha usa ironia para criticar a poluição causada por aviões, associando-os ao albatroz.","b"
"3fad1a0d-0996-4976-9434-ed003ca4995a","Português","CMS - 2025/2026","Colégio Militar de Salvador",2025,NA,"  ![](1762799102_Captura de tela 2025-11-10 152455.png){width=300px} 

No texto acima, as palavras ""remete"" (linha 1) e ""cenário"" (linha 5) têm significados específicos no contexto. Assinale a alternativa que melhor expressa os sentidos dessas palavras no texto:","""Remete"" significa entregar uma informação diretamente; ""cenário"" refere-se ao palco onde ocorrem manifestações culturais.","""Remete"" tem o sentido de fazer referência a algo; ""cenário"" indica o conjunto de características que compõem uma situação","""Remete"" expressa julgamento sobre o termo; ""cenário"" é sinônimo de ambiente natural.","""Remete"" quer dizer lembrar de forma superficial; ""cenário"" representa um lugar específico do Brasil.","""Remete"" significa associar a algo negativo; ""cenário"" indica um espaço físico urbano onde há diversidade.","b"
"015cb5d3-17f5-40cb-86dc-f28dbc1b53f0","Português","CMS - 2025/2026","Colégio Militar de Salvador",2025,NA,"No mesmo texto, qual o papel desempenhado pelo termo “assim” (linha 5)?","Mudar de assunto e começar uma ideia nova totalmente diferente.","Mostrar que existe uma dúvida sobre o que foi dito antes e trazer novas dúvidas.","Indicar oposição em relação às ideias apresentadas anteriormente.","Mostrar a conclusão do que foi explicado antes.","Contar uma nova história diferente para ilustrar o tema.","d"
"26def7fe-227c-4029-864f-48fd1a9c4e11","Português","CMS - 2025/2026","Colégio Militar de Salvador",2025,NA,"Assinale a alternativa que apresenta corretamente a relação de causa e consequência estabelecida no texto:","a cultura brasileira é considerada única porque não sofreu influências externas.","a diversidade cultural do Brasil é a causa das contribuições de indígenas, europeus e africanos.","as influências dos diferentes povos explicam a diversidade cultural presente no Brasil.","as festas, línguas e danças brasileiras foram criadas exclusivamente pela cultura africana.","a cultura brasileira influenciou povos indígenas, africanos e europeus, gerando diversidade.","c"
"f9a9ec24-6fb7-42e5-ae9f-8ba5c0fa18c4","Português","CMS - 2025/2026","Colégio Militar de Salvador",2025,NA,"  ![](1762799383_Captura de tela 2025-11-10 152937.png){width=300px} 

A partir da leitura do texto acima, é possível afirmar que:","as pessoas deveriam tentar ser iguais para evitar problemas de convivência em grupos sociais.","o texto mostra que as diferenças entre as pessoas devem ser toleradas, mesmo que isso seja injusto.","o texto destaca que as diferenças físicas, de gostos e opiniões são normais e fazem parte da convivência humana.","discriminar alguém por gostar de algo diferente não é considerado um problema grave pela lei.","o texto ensina que todos devem se vestir da mesma forma para evitar o preconceito.","c"
"5f489a61-d855-4bea-a5e7-454867059842","Português","CMS - 2025/2026","Colégio Militar de Salvador",2025,NA,"Pode-se afirmar que a ideia expressa na palavra sublinhada em destaque “Nem sempre é fácil a gente se enturmar **quando** chega a um grupo diferente.” (linha 01) é de:","finalidade","proporção","adição","modo","tempo","e"
"95960d82-456a-4c8a-888f-633d500da5d8","Português","CMS - 2025/2026","Colégio Militar de Salvador",2025,NA,"O uso da vírgula presente no trecho “No Brasil, é crime discriminar alguém por causa de sua raça, cor, religião ou nacionalidade?” (linha 12) justifica-se por","Intercalar o verbo e os outros elementos do texto.","Indicar a omissão de um verbo, que já foi mencionado anteriormente no texto.","Destacar uma expressão intercalada que reforça a ideia central da frase.","Separar uma locução adverbial deslocada da ordem direta da frase.","Introduzir uma enumeração de ideias relacionadas ao termo “discriminar”.","d"
"8de293e7-44ea-41a6-a9dc-a20c29a09c1a","Português","CMS - 2025/2026","Colégio Militar de Salvador",2025,NA,"  ![](1762799538_Captura de tela 2025-11-10 153211.png){width=300px} 

Com base na leitura do poema “Pluralidade da Cultura Brasileira”, é correto afirmar que:","O poema destaca as dificuldades enfrentadas pelos povos brasileiros no processo de unificação da língua portuguesa.","O poema valoriza a diversidade cultural do Brasil, mostrando como diferentes povos contribuíram para a construção da identidade nacional.","O poema critica a influência de outras culturas no Brasil e defende a preservação de uma cultura única e tradicional.","O poema apresenta uma visão negativa sobre a mistura de raças e culturas no território brasileiro.","O poema defende a ideia de que apenas a cultura europeia foi responsável pelo desenvolvimento das artes e tradições brasileiras.","b"
"8efd0730-d52f-4f61-8e85-166853770c89","Português","CMS - 2025/2026","Colégio Militar de Salvador",2025,NA,"A vírgula empregada no trecho “Branco, preto, mulato, pardo” (1ª estrofe) tem a função de","indicar termos deslocados.","isolar elementos coesivos.","separar elementos em uma enumeração.","indicar local e data.","separar termos repetidos.","c"
"37ef390e-adf9-4a85-8f3d-315f6e618509","Português","CMS - 2025/2026","Colégio Militar de Salvador",2025,NA,"O antônimo da palavra destacada no verso “Em cada aprendizado nato à **altivez**” (verso 07) é:","singeleza.","presunção.","orgulho.","pretensão.","pomposidade.","a"
"ef9e0038-1a30-4565-94e0-271bae5adde6","Português","CMS - 2025/2026","Colégio Militar de Salvador",2025,NA,"  ![](1762799685_Captura de tela 2025-11-10 153438.png){width=300px} 

A partir da leitura do texto acima e da interpretação dos elementos verbais e não verbais presentes na tirinha, é correto afirmar que o efeito de humor da tira de Armandinho está contido:","na ideia de que Armandinho aumentou o volume para que os vizinhos também ouvissem o som que estava tocando, contrariando a expectativa de quem o questiona.","no fato de Armandinho ter esquecido completamente dos vizinhos, demonstrando descuido com os outros.","na presença dos elementos não verbais (as notas musicais), que representam a alegria dos vizinhos ao ouvirem a música alta.","na obediência de Armandinho à reclamação do adulto, diminuindo o volume imediatamente.","no uso do sinal de pontuação exclamação que indica a hesitação de Armandinho ao responder ao adulto.","a"
"e876f180-7582-4929-a114-73d1a0e90603","Português","CMS - 2025/2026","Colégio Militar de Salvador",2025,NA,"A partir da leitura do texto acima, assinale a alternativa que apresenta a relação de causa e consequência presente na tirinha.","Armandinho esqueceu dos vizinhos, por isso aumentou ainda mais o som.","Como queria que os vizinhos também ouvissem, Armandinho aumentou o volume do som.","O adulto pediu para Armandinho aumentar o som, e ele obedeceu.","O barulho incomodou os vizinhos porque Armandinho estava dormindo.","Armandinho não ligava para música, mas deixou o som alto sem perceber.","b"
"1ccb982f-1af9-46d1-8d3b-1f37980d5119","Português","CMS - 2025/2026","Colégio Militar de Salvador",2025,NA,"  ![](1762799809_Captura de tela 2025-11-10 153642.png){width=300px} 
  ![](1762799873_Captura de tela 2025-11-10 153743.png){width=300px} 

No texto 07, Casa de Vô, a brincadeira inventada pelo avô termina de uma forma especial. O objetivo do avô, ao deixar os papéis serem levados pelo vento, era:","mostrar que a neta não estava atenta durante o jogo.","ensinar que é preciso saber perder e, mesmo assim, continuar jogando.","encerrar a brincadeira de um jeito em que pudesse abraçar a neta","fazer a neta perceber que o jogo não tinha graça sem o uso dos papéis.","mostrar que a avó era quem realmente sabia brincar de “Pisei”.","c"
"d74b5f73-bc12-42bc-8564-9c73c105d86f","Português","CMS - 2025/2026","Colégio Militar de Salvador",2025,NA,"As reticências empregadas no trecho “Primeiro andar! Roupas e bonecas. Segundo andar! Balas de goma, móveis e crianças perdidas...”, (linha 10) justificam-se, pois indicam:"," intercalação do uso do discurso direto e indireto dos personagens.","prolongamento da ideia expressa pelo personagem. ","introdução da fala do interlocutor no discurso. "," isolamento dos termos “Balas de goma, móveis”. ","separação de elementos com o mesmo valor sintático. ","b"
"6b2b35e7-6f51-43df-b633-be8433bf4964","Português","CMS - 2025/2026","Colégio Militar de Salvador",2025,NA,"A partir da leitura do texto 07, Casa de Vô, assinale a alternativa correta no que se refere ao foco narrativo do conto. ","O conto é narrado em terceira pessoa, sendo considerado narrador onisciente, pois o narrador conhece os pensamentos e sentimentos de todos os personagens.","O conto é narrado em terceira pessoa, sendo considerado narrador observador, já que o narrador apenas descreve o que acontece, sem se envolver na história.","O conto é narrado em primeira pessoa, porque a narradora participa da história como personagem e conta os acontecimentos a partir de sua própria perspectiva.","O conto é narrado em segunda pessoa, pois o narrador se dirige diretamente ao leitor, interagindo com ele.","O conto alterna entre primeira e terceira pessoa, variando o foco narrativo de acordo com a cena.","c"
"84bac2dd-fdc1-437e-a7a0-c94905159f1e","Português","CMS - 2025/2026","Colégio Militar de Salvador",2025,NA,"A partir da leitura do texto 07, Casa de Vô, do trecho “Daí, o guarda-roupa dela vira elevador. Basta eu entrar e me sentar nas caixas de sapatos para vovô encostar as portas e, como **ascensorista**, anunciar”, (linhas 08 e 09) é possível inferir que a palavra sublinhada significa o profissional que: ","opera câmeras de vídeo em produções audiovisuais. ","realiza as manobras das embarcações ou, nas garagens, dos automóveis. ","monta e desmonta os cenários e acessórios de teatro e de cinema.","opera os elevadores e o acesso de pessoas e cargas nesses equipamentos. ","trabalha escrevendo regularmente para veículos de comunicação produzindo textos. ","d"
"321a91c0-c047-4ff8-b08d-007f38d62e1c","Matemática","VI - Medidas Geométricas","Colégio Militar de Belém",2025,NA,"Um pé de açaí (também chamado de açaizeiro), quando cultivado em solo fértil e devidamente adubado, pode crescer, em média, 0,1 decímetro por dia. Esse açaizeiro pode atingir entre 15 e 25 metros de altura e, geralmente, começa a produzir frutos entre 3 e 5 anos após o plantio.

Certo agricultor plantou uma muda dessa árvore e pretende colher os frutos após 3 anos e 6 meses. Considerando que a planta cresce regularmente e em condições normais de cultivo, quanto essa árvore deverá crescer até o momento da colheita? (Obs.: considere que o ano tem 365 dias e o mês, 30 dias)","127,5 m","36 mm","12,75 m","36 dm","127,5 cm","c"
"0414a04a-6d9b-4ce7-9b9f-8e5a5f555972","Matemática","II - As 4 Operações","Colégio Militar de Belém",2025,NA,"Um supermercado recebeu um carregamento de açúcar com 5.648 pacotes de 5 kg. Um funcionário foi encarregado de organizar esse carregamento, que havia acabado de chegar. Ele separou 2.144 pacotes para serem colocados nas prateleiras e guardou o restante em caixas que comportam 16 pacotes. Considerando que todos os pacotes têm a mesma espessura e tamanho, é correto afirmar que","haverá 6 caixas incompletas.","o funcionário utilizará mais de 219 caixas.","o funcionário precisará de 119 caixas.","o funcionário usará 219 caixas e mais uma caixa com 5 unidades.","serão utilizadas exatamente 219 caixas.","e"
"bf82c8e9-31df-40d1-ba5e-49fd14e07214","Matemática","V - Números Decimais","Colégio Militar de Belém",2025,NA,"Uma residência tem uma caixa d’agua em formato de um paralelepípedo reto retângulo com as seguintes dimensões: 152 decímetros de altura, 1.250 centímetros de comprimento e 5.500 milímetros de largura. Pela manhã, o proprietário do imóvel abasteceu a caixa d’agua com sua capacidade máxima de água. No final do dia, foram usados 83% dessa quantidade. Quantos litros de água restaram no tanque desse imóvel nesse dia?","146,3 litros.","898,7 litros.","1.045.000 litros.","177.650 litros.","898.700 litros.","d"
"388f6265-a037-480d-9c7c-ffacd309a808","Matemática","II - As 4 Operações","Colégio Militar de Belém",2025,NA,"O “hexágono mágico” é um quebra-cabeça matemático inventado por Clifford Adams há mais de 50 anos. Ele consiste em um mosaico composto de hexágonos divididos em células hexagonais, onde os números de 1 a 19 devem ser distribuídos, exceto os que já estão indicados. A regra principal é que a soma dos números em cada uma das direções indicadas pelas setas deve ser sempre 38. Além disso, não é permitido repetir números. Observe o mosaico composto de hexágonos abaixo, onde algumas células já estão preenchidas, e determine o valor de A com base nas regras descritas.

  ![](1762881790_Captura de tela 2025-11-11 142251.png){width=300px} ","A = 9","A = 10","A = 11","A = 18","A = 19","c"
"42d83e71-7574-4009-8e9f-095bf5ee2686","Matemática","III - Múltiplos e Divisores","Colégio Militar de Belém",2025,NA,"A cidade de Belém foi escolhida para sediar a COP 30 (Conferência das Nações Unidas sobre Mudanças Climáticas) em 2025. Durante os preparativos, a organização decidiu distribuir brindes sustentáveis aos participantes. Para isso, estão disponíveis:

- 72 canecas reutilizáveis (para reduzir o uso de descartáveis);
- 90 squeezes de água (para evitar garrafas plásticas); e
- 126 ecobags (para substituir sacolas plásticas).

Os brindes devem ser organizados em caixas idênticas, obedecendo às seguintes condições:

1. Todas as caixas devem possuir a mesma quantidade de cada brinde; e
2. Utilizar o maior número de caixas possível.

Diante do exposto, qual é o número máximo de caixas que podem ser montadas?","12","18","24","36","42","b"
"5407858e-6ca8-4187-b113-2cfeca4743f2","Matemática","VI - Medidas Geométricas","Colégio Militar de Belém",2025,NA,"Lucas está reformando seu sítio e pretende cercar o terreno. O custo por metro de cerca é de R$ 30,00. Lucas possuía R$ 12.600,00 para realizar esse serviço, porém precisou usar 30% desse valor para a compra de sementes. Com o valor restante, quantos metros de cerca ele conseguirá adquirir? Além disso, quantos metros de cerca ainda faltarão para que o terreno esteja totalmente cercado? (Obs.: considere que o terreno do sítio é quadrado, com cada lado medindo 19.000 cm)
","294 metros e 466 metros","300 metros e 460 metros.","294 metros e 410 metros.","410 metros e 350 metros.","466 metros e 294 metros.","a"
"9465afee-2531-4961-80db-4a9203d61310","Matemática","VII - Tratamento da Informação","Colégio Militar de Belém",2025,NA,"Uma pesquisa sobre hábitos saudáveis foi feita com uma turma do 6º ano do Colégio Militar de Belém. Foram feitas algumas perguntas, e todos os participantes responderam. Após a apuração, os alunos construíram dois gráficos com os resultados obtidos, conforme demonstrado a seguir

  ![](1762882254_Captura de tela 2025-11-11 143047.png){width=300px} 

De acordo com os dados da pesquisa realizada nessa turma, é correto afirmar que","o vegetal mais consumido foi o tomate, com 37 votos, e o menos consumido é o espinafre, 100 votos.","a turma é composta por 100 alunos.","a alface recebeu o triplo dos votos da cenoura, ou seja, recebeu 9 votos.","o esporte mais praticado foi o futebol, com 8% dos votos, e o menos praticado foi o tênis, com 1% dos votos.","o vegetal mais consumido foi o tomate, com 12 votos, e o esporte mais praticado foi o futebol, com 25% dos votos.","e"
"1dbc114c-77bb-4af3-8771-a3c4fa1df02f","Matemática","V - Números Decimais","Colégio Militar de Belém",2025,NA,"Um retorno financeiro é o resultado que um investimento gera em relação ao valor inicial aplicado. Um consultor financeiro propôs a seguinte situação para um cliente que deseja calcular o retorno de um investimento:

a. Some $\frac{42}{80}$ e $\frac{60}{40}$
b. Divida o resultado obtido no item “a” pelo produto de $\frac{1\times2\times3\times4\times5}{6\times7\times8\times9\times10}$ por $\frac{10\times9\times8\times7\times6}{5\times4\times3\times2\times1}$
c. Adicione a diferença entre 0,125 e 5%.

Sabendo que o valor exato da expressão representa o resultado esperado do investimento (em múltiplos do capital inicial), assinale a alternativa correta.
","2,1","3,3","6,2","45,7","3785,4","a"
"85b909e4-392e-4953-a4a7-a635d19907bf","Matemática","VI - Medidas Geométricas","Colégio Militar de Belém",2025,NA,"No alojamento do 2º Batalhão de Infantaria de Selva (2º BIS), os soldados Pedro e Jorge foram designados para pintar as paredes de um quarto que mede 3 m de comprimento por 2,5 m de largura, com um pé-direito (altura) de 2,8 m. O quarto possui uma janela que mede 1,5 m de comprimento por 120 cm de altura e uma porta com 900 mm de largura e 2,10 m de altura. As outras duas paredes não possuem nem janelas nem portas. Qual é a área total a ser pintada?

  ![](1762882607_Captura de tela 2025-11-11 143628.png){width=300px} ","2711 dm²","34,68 cm²","42,00 cm²","4512 cm²","50400 dm²","a"
"4ebd38ca-ef1b-4f15-8750-04f3217aaff4","Matemática","II - As 4 Operações","Colégio Militar de Belém",2025,NA,"O Theatro da Paz foi a primeira casa de espetáculos construída na Amazônia e tem características grandiosas. Localizado na cidade de Belém, atualmente é o maior teatro da Região Norte e um dos mais luxuosos do Brasil. Ele possui anos de história, sendo considerado um dos teatros monumentos do país. 

A expressão em algarismos romanos, apresentada abaixo, resulta no ano de fundação do Theatro da Paz

  ![](1762883226_Captura de tela 2025-11-11 144658.png){width=300px} 

Qual é esse ano no sistema de numeração decimal?
","1789","1878","1798","1888","1988","b"
"ce1ccfca-d2fa-49ce-b715-d3205c512e50","Matemática","VI - Medidas Geométricas","Colégio Militar de Belém",2025,NA,"João e Dirceu queriam descobrir o volume de um pedaço de chumbo que tinham em mãos. Para isso, eles decidiram usar um prisma retangular cheio de água, como mostra a figura 1. Com cuidado, eles mergulharam o pedaço de chumbo na água. Ao fazer isso, perceberam que o nível da água subiu, exatamente como é mostrado na figura 2. Surpresos com a mudança, eles começaram a pensar em como poderiam calcular o volume do chumbo.

  ![](1762883423_Captura de tela 2025-11-11 145017.png){width=300px} 

João disse que o chumbo tem volume maior que 200 cm³, mas Dirceu apostou que o volume é quase 150 cm³. Quem chegou mais próximo do valor correto?","Dirceu, pois o volume do chumbo é de 160 cm³.","João, pois o volume do chumbo é de 480 cm³.","Dirceu, pois o volume do chumbo é de 260 cm³.","João, pois o volume do chumbo é de 500 cm³.","Dirceu, pois o volume do chumbo é de 460 cm³.","a"
"0057e1f5-788a-4ce3-85e3-a30169491c33","Matemática","V - Números Decimais","Colégio Militar de Belém",2025,NA,"Marina resolveu a expressão numérica apresentada no quadro a seguir e desafiou sua amiga Camila a resolvê-la também.

  ![](1762883537_Captura de tela 2025-11-11 145212.png){width=300px} 

Sabendo que Marina encontrou o resultado $\frac{157}{50}$ e Camila encontrou o resultado $\frac{61}{50}$, marque a alternativa correta.
","Marina acertou, e o resultado foi 157/50.","Camila acertou, e o resultado foi 61/50.","Ambas erraram, e o resultado foi 281/400.","Ambas erraram, e o resultado foi 117/100.","Ambas erraram, e o resultado foi 1641/400.","b"
"042542f0-3983-44e0-8b9f-8047a51f7421","Matemática","V - Números Decimais","Colégio Militar de Belém",2025,NA,"Sabendo que o valor do salário mínimo é R$ 1.518,00, Ariel recebe mensalmente o equivalente a dois salários mínimos e distribui seus gastos, como mostra a tabela a seguir.

  ![](1762883728_Captura de tela 2025-11-11 145457.png){width=300px} 

Com base nas informações fornecidas sobre os gastos de Ariel, pode-se afirmar que o valor que resta para os gastos com livro, plataforma de streaming, lazer e vestuário é o equivalente a","R$ 466,45","R$ 469,80","R$ 469,95","R$ 469,45","R$ 462,95","b"
"32f2e5cf-f2e0-42da-b394-c98495d64fe3","Matemática","V - Números Decimais","Colégio Militar de Belém",2025,NA,"Um paciente doente precisa tomar um medicamento, conforme a prescrição médica mostrada na figura a seguir.

  ![](1762884125_Captura de tela 2025-11-11 150159.png){width=300px} 

Na farmácia, cada caixa desse medicamento contém 12 comprimidos com 620 mg cada um. Considerando que a absorção desse remédio pelo organismo é de 63,5%, qual a quantidade total, em gramas, que o organismo desse paciente vai absorver ao longo de todo o tratamento, considerando que ele tomou corretamente todos os comprimidos prescritos no prazo determinado?","12,525 g","15,748 g","16,752 g","20,452 g","24,800 g","b"
"0b627370-b4e8-4ca9-accc-2d0c6b82a504","Matemática","V - Números Decimais","Colégio Militar de Belém",2025,NA,"Das 24 horas do dia, Estela utiliza 1/3 para estudos, 1/3 para dormir, 1/6 para refeições, 1/12 para lazer e 1/12 para outras atividades ou deveres que podem surgir durante seu dia. Do tempo dedicado aos estudos, Estela fica 75% na escola e o restante utiliza para fazer as tarefas de casa. Além disso, ela utiliza 1/4 do tempo destinado ao lazer para pintar Bobbie Goods. Assim, considerando a divisão do tempo de Estela, classifique as afirmativas abaixo como verdadeiras (V) ou falsas (F).

(V) (F) Se as aulas de Estela começam às 7h15min da manhã na escola, então ela é liberada às 13h.
(V) (F) Considerando que Estela estuda de segunda-feira a sexta-feira, então ela dedica 10 horas semanais para realizar as tarefas de casa.
(V) (F) Se Estela faz 5 refeições diárias, então ela dedica, em média, 4/5 do seu tempo destinado para cada refeição.
(V) (F) Caso Estela precise ir ao médico, ela terá 3 horas do seu dia para isso, pois é uma atividade que não faz parte de sua rotina.
(V) (F) Estela gasta 30 minutos para pintar Bobbie Goods.

Agora, marque a alternativa que apresenta a sequência correta, respectivamente.","V – F – F – V – F. ","V – V – V – V – F.","V – V– V– F – V.","F – V– V – F – V. ","F – V – V – V – F. ","d"
"fa515850-27c0-4695-9b88-2cb4388b6fe3","Matemática","V - Números Decimais","Colégio Militar de Belém",2025,NA,"Em uma loja de peças de lego para Robótica, os preços de alguns componentes foram divulgados em uma promoção

  ![](1762896590_Captura de tela 2025-11-11 182944.png){width=300px} 

Sabendo que cada sensor tipo A consegue cobrir $\frac{10}{20}$
m² da área de detecção, e que cada sensor Tipo B permite cobrir 0,4 m² da área, um técnico em robótica precisa comprar sensores suficientes para cobrir 20 m² de área em um projeto da COP 30, além de levar um visor de proteção para segurança. O valor mínimo, em reais, que o técnico deve gastar para adquirir os sensores e o visor, aproveitando ou não a promoção, é de","R$ 147,00","R$ 150,00","R$ 162,50","R$ 165,75","R$ 168,00","c"
"4cce1a5b-0e46-42f6-9672-41a77ef517f2","Matemática","V - Números Decimais","Colégio Militar de Belém",2025,NA,"Caio foi com seus pais a um rodízio de massas que cobra R$ 59,90 por pessoa e a metade desse valor por crianças de até 8 anos. Ele e os pais pediram 2 refrigerantes a R$ 5,25 cada um, 1 suco no valor de R$ 6,00, 2 garrafas de água a R$ 3,25 cada uma e 3 sobremesas a R$ 12,25 cada uma. Ao receber a conta, os pais de Caio perceberam que houve um acréscimo de 10% sobre o valor total consumido, referente à taxa de serviço dos atendentes. Sabendo que Caio tem 7 anos, qual o valor total da conta?","R$ 133,45","R$ 153,25","R$ 185,23","R$ 200,25","R$ 230,45","e"
"244a3da1-ce98-4047-91c5-3afb717a45e5","Matemática","VII - Tratamento da Informação","Colégio Militar de Belém",2025,NA,"Em uma escola, nas aulas de Educação Física, 110 alunos preferem apenas voleibol, 100 preferem apenas natação e 30 preferem os dois esportes. Se um aluno é escolhido aleatoriamente, qual é a probabilidade de esse aluno preferir ambos os esportes?","A probabilidade é de 3%.","A probabilidade é de 8%.","A probabilidade é de 12%.","A probabilidade é de 12,5%.","A probabilidade é de 15%.","d"
"7e045e63-d4c4-435e-937e-0d05931c7963","Matemática","VI - Medidas Geométricas","Colégio Militar de Belém",2025,NA,"No mundo fascinante da Geometria, onde formas e ângulos revelam padrões precisos, surge um enigma para testar a sua percepção espacial, conforme a figura a seguir

  ![](1762896854_Captura de tela 2025-11-11 183406.png){width=300px} 

Entre as cinco figuras geométricas, apenas uma corresponde à figura acima. Qual é a correta?

  ![](1762896883_Captura de tela 2025-11-11 183438.png){width=300px} ","Figura A.","Figura B.","Figura C","Figura D","Figura E.","b"
"49947a00-148c-48c6-87a3-dccdd9bf52e6","Matemática","III - Múltiplos e Divisores","Colégio Militar de Belém",2025,NA,"Em uma rede hoteleira, é contratada uma empresa para a limpeza dos quartos, seguindo um padrão de limpeza rigoroso e planejado, como mostra a tabela a seguir.

  ![](1762896957_Captura de tela 2025-11-11 183551.png){width=300px} 

Se as estantes, as janelas e as portas foram limpas ao mesmo tempo no dia 30 de abril de 2025, em qual mês e ano, no mínimo, as estantes, as janelas e as portas de vidro serão limpas juntas novamente? (Obs.: considere que o ano tem 365 dias e o mês, 30 dias)","Abril 2026.","Maio 2026.","Julho 2026.","Agosto 2026.","Setembro 2026.","e"
"ad31941c-9e9c-4e08-a283-3fd63b4e1e04","Português","CMBel - 2025/2026","Colégio Militar de Belém",2025,NA,"**É hora de me virar sozinho?**

Um dia você pediu para sua mãe assistir a um filme com você, mas ela disse que não podia porque estava deixando tudo organizado para o dia seguinte. E você ficou bem chateado.

Noutro dia, queria muito ir a uma loja comprar um jogo que estava bombando entre seus colegas e pediu para seu pai levá-lo até lá, mas ele chegou muito cansado e disse que teria de ficar para outro dia; você ficou megafrustrado.

E naquela noite, então, em que estava sem sono e pediu para sua mãe contar uma história, mas ela disse que precisava dormir porque teria de levantar muito cedo no dia seguinte? Aí bateu uma tristeza tão grande que deu até vontade de chorar, não foi?

Por muitas vezes, você fez algum pedido a sua mãe ou a seu pai que eles não puderam atender porque tinham outros compromissos, não importam quais. E você ficou bravo, magoado, com raiva até.

Há um pouco de razão em sentir tudo isso: quem é que gosta de ser deixado de lado, de não ser atendido na hora exata em que quer ou precisa de alguma coisa? Ninguém! 

Mas sabe como a vida é? Mãe e pai precisam cuidar dos filhos. Mas cuidar não significa fazer tudo na hora que eles querem.

Mãe e pai também têm uma vida para levar: eles trabalham, têm amigos com quem querem conversar, têm parentes que às vezes precisam deles, têm de dormir e descansar, tomar banho, comer e muito mais.

Não é sempre que eles podem atender aos filhos na hora em que chamam. Por isso, você precisa aceitar que há momentos em que precisa se virar sozinho, mesmo que não seja isso o que gostaria de
fazer.

Você está crescendo. Quanto mais a criança cresce, mais ela precisa saber resolver por si seus pequenos problemas, não depender tanto dos pais.

Ainda vai levar algum tempo para conseguir viver por conta própria, mas não dá para chegar lá de repente, por isso é bom ir treinando desde já. 

**Com base na leitura do texto I, assinale a alternativa que apresenta a principal finalidade do artigo.**","Levar o jovem leitor a refletir que, ao crescer, é preciso aceitar as limitações dos pais e desenvolver sua autonomia de forma gradual.","Mostrar como os pais estão sobrecarregados e, por essa razão, precisam reorganizar suas rotinas para dar mais atenção aos seus filhos.","Expor situações do cotidiano familiar que evidenciam a dificuldade dos pais em conciliar suas obrigações com o cuidado dos filhos.","Informar aos leitores sobre o equilíbrio necessário entre as atividades dos pais e as necessidades emocionais dos seus filhos. ","Evidenciar a rotina corriqueira de muitos pais e a dificuldade que eles têm de conciliar com a educação e carinho com os seus filhos.","a"
"4150d617-3a4d-4cf5-b677-f3eba0624c0b","Português","CMBel - 2025/2026","Colégio Militar de Belém",2025,NA,"Marque a assertiva que apresenta a temática central abordada no texto I.","Diferenças de visão entre pais e filhos sobre a família.","Aprender a lidar com as frustrações e buscar autonomia.","Consequências emocionais da falta de atenção dos pais.","A sobrecarga de pais e mães diante das múltiplas tarefas.","Causas prejudiciais da dependência emocional dos filhos.","b"
"c05fe7b5-16df-4988-80cf-e98bc58a7729","Português","CMBel - 2025/2026","Colégio Militar de Belém",2025,NA,"Releia o trecho abaixo retirado do texto I.

*“Há um pouco de razão em sentir tudo isso: quem é que gosta de ser deixado de lado, de não ser atendido na hora exata, em que quer ou precisa de alguma coisa? Ninguém.”*

Os dois-pontos foram utilizados para","indicar que o trecho seguinte apresenta uma justificativa racional para o comportamento dos pais diante das reclamações dos filhos.","destacar um discurso direto da autora a respeito de sua opinião pessoal sobre as reações dos filhos quando não são atendidos. ","assinalar uma série de situações do cotidiano que evidenciam como os pais organizam suas prioridades, além de pensar nos filhos. ","introduzir uma pergunta retórica que reforça a ideia anterior, funcionando como uma explicação para o sentimento citado. ","apontar uma pequena pausa para introduzir um aposto explicativo, esclarecendo o que foi mencionado pela autora do texto.","d"
"495ada29-7447-422e-acb8-2530dc4cc240","Português","CMBel - 2025/2026","Colégio Militar de Belém",2025,NA,"Releia o trecho abaixo.

*“Noutro dia, queria muito ir a uma loja comprar um jogo que estava bombando entre seus colegas [...]”*

A vírgula é um sinal de pontuação que marca uma pausa de pequena duração e é empregada segundo alguns fatores. No trecho acima, essa pontuação foi empregada para","separar duas ações realizadas pela criança em momentos diferentes, deixando claro que a ida à loja só acontece depois.","indicar que a expressão “noutro dia” é uma expressão temporal antecipada, que corresponde ao tempo da ação. ","marcar uma transformação, no texto, entre o que aconteceu antes e o que vai acontecer depois no cotidiano da criança. ","destacar que a expressão “noutro dia” é uma explicação e precisa ser separada do resto da frase, para não mudar o sentido.","assinalar que a expressão “noutro dia” amplia uma informação sobre o tempo gasto nas atividades praticadas pela criança.","b"
"6b798e46-2856-4db7-9845-907897438300","Português","CMBel - 2025/2026","Colégio Militar de Belém",2025,NA,"  ![](1762897366_Captura de tela 2025-11-11 184239.png){width=300px} 

Assinale a alternativa que indica a correta análise sobre os elementos da narrativa, presentes na tirinha.","O narrador da tira é onisciente, considerando que consegue deduzir o que a mãe quis dizer com “saber lidar com as frustrações”.","O tempo no pretérito perfeito evidencia que o enredo na tira é do tipo cronológico, pois mostra o momento dos acontecimentos.","O enredo da narrativa está presente no diálogo em que a mãe propõe a reflexão sobre a frustração, dando sentido à interação.","A personagem secundária é a mãe, pois, embora apareça, não interfere no desenvolvimento da narrativa nem na lição transmitida.","O espaço narrativo está descrito e influencia diretamente na quebra de expectativa que a mensagem da tirinha quer transmitir. ","c"
"76b9d4ab-c190-409f-9cf5-defdcaa36cf8","Português","CMBel - 2025/2026","Colégio Militar de Belém",2025,NA,"Na fala do menino, presente no último quadrinho do texto II, “Eu também posso atacar a geladeira?”, pode-se inferir que","o menino demonstra maturidade ao reconhecer que lidar com frustrações é uma experiência necessária para a vida adulta. ","os adultos recorrem à comida para aliviar frustrações, por isso ele também pode fazer o mesmo, sem precisar de autorização. ","o menino acredita que comer alimentos pode funcionar como uma técnica garantida de relaxamento para corpo e mente. ","o menino tem medo de que, em momentos de tristeza ou raiva, faltem alimentos na geladeira para se acalmar. ","o menino demonstra curiosidade em saber se existe regra fixa que limite quando ele pode ou não abrir a geladeira. ","b"
"5ec1b0be-4596-421d-9ed2-9deaaf7ebd83","Português","CMBel - 2025/2026","Colégio Militar de Belém",2025,NA,"Considerando o contexto do texto II, assinale a alternativa que indica o sentido da expressão “exercício para a vida”.","Referir a uma experiência que serve como aprendizado para enfrentar os desafios da vida. ","Relatar uma habilidade que é adquirida através de diálogos constantes no ambiente familiar.","Regular as atividades físicas que as pessoas devem praticar diariamente na vida adulta.","Relembrar a capacidade inata das pessoas em resolver todos os problemas da maioridade","Reproduzir os exemplos dados pelos adultos a fim de evitar lidar com frustrações diárias.","a"
"2889d15d-70a9-4b74-9317-f16da814fa96","Português","CMBel - 2025/2026","Colégio Militar de Belém",2025,NA,"**SE ACHANTE**

Era um caranguejo muito se achante.
Ele se achava idôneo para flor.
Passava por nossa casa
Sem nem olhar de lado.
Parece que estava montado num coche de princesa.
Ia bem devagar
Conforme o protocolo
A fim de receber aplausos. Muito achante demais.
Nem parou para comer goiaba.
(Acho que quem anda de coche não come goiaba.)
Ia como se fosse tomar posse de deputado.
Mas o coche quebrou
E o caranguejo voltou a ser idôneo para mangue.

**O título do poema “Se achante”, de Manoel de Barros, emprega uma expressão coloquial que sugere um comportamento do caranguejo que, ao longo do texto, é apresentado poeticamente. Assinale a alternativa em que a expressão pode substituir o título sem prejuízo do efeito de sentido construído pelo autor.**","O Disfarçado","O Despojado","O Predestinado","O Ponderado","O Pretensioso","e"
"ab5ec898-d62a-4be0-bf4d-3624ab59abb8","Português","CMBel - 2025/2026","Colégio Militar de Belém",2025,NA,"No trecho “Ele se achava idôneo para flor”, o autor utiliza uma linguagem que se distancia do sentido literal. Considerando o contexto do poema, o emprego do trecho em destaque revela que o caranguejo","buscava ser aceito entre os animais mais delicados da floresta, pois considera que sua espécie possui atributos de delicadeza.","comportava-se de forma natural, própria de sua espécie, independentemente do ambiente que poderia frequentar, como um jardim.","acreditava ser superior à sua condição real, atribuindo para si uma importância exagerada, o que é reforçado pelo título “Se achante”.","valorizava os ambientes singelos e tranquilos, por isso estava disposto a abandonar seu habitat natural por um jardim de flores.","pretendia mostrar sua beleza e qualidades em um novo ambiente, como um jardim, o que elevaria seu status de caranguejo virtuoso.","c"
"83f16a10-747a-4031-9962-bcbefe0fba00","Português","CMBel - 2025/2026","Colégio Militar de Belém",2025,NA,"No trecho “Parece que estava montado num **coche** de princesa”, o termo “coche”, aliado à imagem criada, contribui para a construção do tom do poema. Assinale a alternativa que indica o sentido da dessa palavra no texto.","Deslocamento natural que o caranguejo realiza ao deixar o mangue","Meio de transporte prático, comumente usado no cotidiano rural.","Instrumento usado para transportar apenas os alimentos no campo.","Referência ao casco do caranguejo que possibilita a sua locomoção.","Veículo antigo usado como transporte nobre, representando elegância.","e"
"6df6378a-b931-472b-82bb-50a286e43b44","Português","CMBel - 2025/2026","Colégio Militar de Belém",2025,NA,"Analise os verbos das frases a seguir e a classificação da flexão verbal descrita entre parênteses.

I. Contanto que o caranguejo voltasse a ser idôneo para mangue. (tempo presente do modo subjuntivo).
II. Instante em que o caranguejo haveria voltado a ser idôneo para mangue. (tempo futuro do pretérito do modo indicativo).
III. O caranguejo voltará a ser idôneo para mangue. (tempo pretérito imperfeito do modo subjuntivo).
IV. Quando o caranguejo voltar a ser idôneo para mangue. (tempo futuro do modo subjuntivo).
V. O caranguejo voltara a ser idôneo para mangue. (tempo pretérito perfeito do modo indicativo).

Assinale a alternativa que contém apenas os itens em que a flexão verbal de tempo e modo está corretamente descrita entre parênteses.
","I, II, III e IV. ","IV e V. ","II, III, IV e V. ","II e IV. ","III, IV e V.","d"
"95435e23-2fbc-4d69-8cb8-f2eb964bf853","Português","CMBel - 2025/2026","Colégio Militar de Belém",2025,NA,"**Coração Com Buraquinhos**

Sabe, o coração às vezes chora
E ninguém se dá conta, porque não se vê
Te dói tudo por dentro, está sozinho
É que chegou o momento de crescer

A vida põe provas no caminho
Algumas te machucam e te fazem cair
Sempre estarei ao seu lado por acaso
Te acenderei uma luz
Você vai ver

Tenho um coração com buraquinhos
E não posso me curar
Se está morrendo aos pouquinhos
Com cada dor
(Com cada dor)
Se morre mais

Se seu coração tem buraquinho
Juntas poderemos ajudar
Nós vamos curá-lo com carinho
E com muito amor
(com muito amor)
Ele vai sarar

[...]

**Considere os termos destacados e o que se afirma sobre eles**

I. “**Te** dói tudo por dentro, está sozinho”. => “**Te**” é um pronome pessoal do caso oblíquo átono e refere-se à segunda pessoa do discurso.
II. “**Se** está morrendo aos pouquinhos com cada dor”. => “**Se**” é um pronome possessivo e indica o sofrimento de quem fala.
III. “Tenho um coração com buraquinhos e não posso **me** curar”. => É um pronome pessoal do caso oblíquo e refere-se à primeira pessoa do discurso.
IV. “Acenderei **sua** luz, você vai ver”. => É um pronome possessivo e concorda em gênero e número com o substantivo “luz” e em pessoa com o possuidor.

Assinale a alternativa que contém apenas as afirmações corretas.","II e III.","III e IV","I, II e III","I, III e IV.","I, II e IV.","d"
"8cfa8acc-b3c7-49b2-b76b-507aceb297ad","Português","CMBel - 2025/2026","Colégio Militar de Belém",2025,NA,"Com base no texto IV, assinale (V) para as sentenças verdadeiras e (F) para as falsas quanto à correta identificação e classificação gramatical dos termos destacados.

( ) “O coração **às vezes** chora”. A expressão “às vezes” é uma locução adverbial de tempo que indica frequência eventual.
( ) “Tenho um coração com **buraquinhos**”. A palavra “buraquinhos” é um adjetivo empregado para qualificar “coração” com valor afetivo.
( ) “E **ninguém** se dá conta, porque não se vê”. A palavra “ninguém” é um substantivo comum, utilizado com valor negativo.
( ) “**É** que **chegou** o momento de crescer”. Os termos “é” e “chegou” são verbos flexionados nos tempos presente e pretérito perfeito, respectivamente, e mesmo modo.

Agora, assinale a alternativa que contém a sequência correta. ","V – V – F – V","V – F – F – V","V – V – F – F ","F – V – F – F ","F – F – V – V","b"
"1383dbe1-32b4-4667-b939-78ef22e428b2","Português","CMBel - 2025/2026","Colégio Militar de Belém",2025,NA,"Assinale a alternativa em que a análise da palavra quanto à sílaba tônica está correta.","Ninguém – paroxítona, pois termina em ditongo oral crescente, razão pela qual é acentuada.","Você – proparoxítona com acento gráfico na última sílaba, pois termina com a vogal “e”.","Sozinho – oxítona não acentuada com sílaba tônica na penúltima sílaba, pois termina em “o”.","Curá-lo – oxítona, com acento gráfico na última sílaba, pois termina em “a” tônico.","Momento – paroxítona não acentuada com sílaba tônica na antepenúltima sílaba.","d"
"59974e27-9b75-4191-98d2-38d965fd5f6c","Português","CMBel - 2025/2026","Colégio Militar de Belém",2025,NA,"As palavras de uma língua podem passar por diversos processos de transformação em sua forma. Considere os morfemas destacados nas palavras extraídas do texto e o que se afirma sobre eles.

I. “buraqu**inhos**” – palavra formada pelo sufixo -inho para evidenciar de maneira pejorativa a pluralidade.
II, “soz**inho**” – palavra formada por derivação sufixal, apresenta ideia de estado e é originada a partir do adjetivo “só”.
III. “cam**inho**” – palavra primitiva, pois não deriva de outra palavra, podendo ser a base de formação de outras palavras.
IV. “car**inho**” - palavra formada pelo sufixo -inho, para indicar que o termo denota manifestação de desvelo.
V. “pou**quinhos**” - palavra formada pelo sufixo -quinhos, usada no texto para designar tempo vertiginoso.

Assinale a alternativa que contém apenas as afirmações corretas.","II e III.","III, IV e V. ","I, II e III.","II, III, IV e V.","II, III e V. ","a"
"61f33e5a-6d79-40b1-b711-d30295ccf0e5","Português","CMBel - 2025/2026","Colégio Militar de Belém",2025,NA,"De acordo com o texto IV, é correto afirmar que","acender uma luz para um amigo que está triste demonstra impassibilidade e carinho. ","o altruísmo é uma virtude que pode ajudar na recuperação de corações machucados.","crescer é um acontecimento que exime a criança do sofrimento e do amadurecimento. ","a dor é um sentimento que é evitado, durante a infância, pelas amizades verdadeiras.","chorar é um ato que consequentemente traz benefícios e malefícios ao coração.","b"
"069808a3-492c-4bfd-bb73-c6984596f643","Português","CMBel - 2025/2026","Colégio Militar de Belém",2025,NA,"  ![](1762898417_Captura de tela 2025-11-11 190011.png){width=300px} 

No cartaz analisado, o humor é construído por meio da combinação de recursos verbais e não verbais. 

Considerando a interação desses elementos, assinale a alternativa que melhor descreve como o humor é produzido","Surge exclusivamente das expressões faciais exageradas dos personagens, com pouca relação com texto escrito.","É resultado da associação entre personagens de animação reconhecíveis e o objetivo educativo, criando um efeito lúdico.","Resulta da escolha dos personagens, que geram um humor visual, independentemente do conteúdo que está no texto.","Depende do conhecimento profundo do filme, sem o qual não há possibilidade de compreender o humor presente.","Baseia-se na caricatura física dos palestrantes, que é apresentada nas fotos e no uso de rimas e trocadilhos no texto escrito","b"
"8b5f10d4-edc4-4bb0-8828-632ab032cf86","Português","CMBel - 2025/2026","Colégio Militar de Belém",2025,NA,"Com base no texto V e nos elementos gráficos nele apresentados, assinale a alternativa correta.","O evento divulgado no texto será realizado em três dias consecutivos do mês de julho, no período vespertino. ","A gratuidade da inscrição funciona como recurso persuasivo, uma vez que busca reduzir barreiras de adesão.","A disposição dos elementos visuais indica que a prioridade da comunicação está no nome dos palestrantes.","A configuração utilizada no cartaz transmite tanto formalidade quanto sobriedade, características que remetem ao tema.","O material foi elaborado para divulgação restrita nos meios digitais, objetivando a rápida propagação virtual. ","b"
"ae7841f8-929d-48cf-8689-b70e08e1bc53","Português","CMBel - 2025/2026","Colégio Militar de Belém",2025,NA,"No texto V, algumas informações podem ser classificadas como fato e outras como opinião. Analise as afirmações a seguir e identifique quais delas apresentam fatos.

I. A participação neste evento será uma experiência inesquecível para todas as crianças.
II. As ilustrações são atrativas e chamam a atenção das crianças, pais e/ou responsáveis.
III. O local do evento encantará a maioria dos participantes inscritos no evento.
IV. As inscrições para o evento foram ofertadas sem custos de participação aos inscritos.
V. As crianças aprenderão a identificar, nomear e expressar as suas emoções primárias.

Assinale a alternativa que contém apenas as afirmações corretas.","I, IV e V.","III e IV.","I, II e V. ","IV e V.","III, IV e V. ","d"
"7d512169-a66d-41a7-878d-514cd26b6d70","Português","CMBel - 2025/2026","Colégio Militar de Belém",2025,NA,"No fragmento “De forma lúdica e divertida a criança aprenderá a identificar, nomear e expressar **suas** emoções primárias de maneira saudável”, a palavra em destaque é","um pronome que tem o papel de acompanhar os substantivos, como “emoções primárias”, quantificando-os.","um pronome que atribui ideia de posse ao possuidor contido na expressão “emoções primárias”.","um pronome que tem a função de enfatizar de quem são as emoções citadas no texto, isto é, das crianças.","um pronome que tem como finalidade substituir o substantivo “criança”, evitando a repetição dessa palavra. ","um pronome cuja incumbência é evidenciar que as emoções às quais o texto se refere são as do leitor. ","d"
"86e62eec-0d12-402e-88d7-2052501fab49","Matemática","IV - Frações","Colégio Militar de Brasília",2025,NA,"Mariana e Ronaldo adoram planejar cada detalhe de suas viagens, desde a compra das passagens até a definição do roteiro. No entanto, em 2024, não conseguiram organizar as férias como de costume e decidiram recorrer à agência TBT, uma das maiores agências de turismo do país, especializada em viagens nacionais.

Ao chegarem lá, souberam que a agência estava promovendo um sorteio entre os 60 primeiros clientes. Cada cliente retirava aleatoriamente um cupom numerado de 1 a 60 de uma urna. Os prêmios eram distribuídos da seguinte forma:

- Cupons múltiplos de 5, mas não múltiplos de 3: passagens de ida e volta para Fortaleza;
- Cupons múltiplos de 3, mas não múltiplos de 5: duas diárias de hospedagem em Bonito;
- Cupons múltiplos de 3 e de 5 ao mesmo tempo: passagens de ida e volta para Fernando de Noronha.

Diante disso, se Mariana e Ronaldo retirarem um cupom ao acaso, qual é a probabilidade de não ganharem algum dos prêmios oferecidos?","$\frac{8}{15}$","$\frac{7}{15}$","$\frac{4}{15}$","$\frac{2}{15}$","$\frac{1}{15}$","a"
"f9fd5f16-37ca-4c82-ae0c-5cb01b884ec6","Matemática","V - Números Decimais","Colégio Militar de Brasília",2025,NA,"Ronaldo tem grande interesse no mercado de ações e resolveu pesquisar sobre a agência de turismo TBT Brasil, descobrindo que suas ações são negociadas na bolsa de valores brasileira. O gráfico a seguir mostra a valorização do preço da ação da empresa entre os dias 2 de janeiro e 25 de março de 2025.

  ![](1762966420_Captura de tela 2025-11-12 135325.png){width=300px} 

Considere os seguintes dados extraídos do gráfico:

- Em 2 de janeiro de 2025, o valor da ação era de R$ 1,39;
- Em 25 de março de 2025, o valor passou a R$ 2,36.

Suponha agora que, após o dia 25 de março, a ação tenha sofrido uma nova valorização correspondente à metade do percentual de aumento observado entre 2 de janeiro e 25 de março.

Com base nessas informações, qual passou a ser o novo valor aproximado da ação após essa nova valorização?","R$ 2,84","R$ 3,18","R$ 3,33","R$ 4,01","R$ 4,36","b"
"f010bcdc-2bda-4091-bf49-7647c03a763f","Matemática","III - Múltiplos e Divisores","Colégio Militar de Brasília",2025,NA,"Mariana e Ronaldo estão organizando uma viagem ao Monte Chimborazo, no Equador, para uma atividade especial de escalada. Como preparação, eles buscaram uma escola de alpinismo para aprender as técnicas necessárias e iniciaram os treinos antes da expedição.

Para simular os trechos de escalada, compraram três cordas com os seguintes comprimentos:

- Corda azul: 168 metros;
- Corda verde: 132 metros;
- Corda vermelha: 252 metros.

O objetivo é cortar todas as cordas em pedaços de mesmo comprimento, o maior possível, sem sobras. Cada percurso de treino será montado utilizando 2 pedaços de corda, independentemente da cor.

Sabendo que todas as cordas serão totalmente utilizadas, o número máximo de percursos completos que Mariana e Ronaldo poderão montar é
","um número múltiplo de 3 e de 4.","o menor número ímpar maior que 20. ","um número primo e maior que 20, mas menor que 25.","um número que possui exatamente três divisores positivos distintos.","um número que é múltiplo comum de 5 e 7, mas não é divisível por 3.","c"
"445325c1-ca33-41a3-90b0-36a71b224277","Matemática","III - Múltiplos e Divisores","Colégio Militar de Brasília",2025,NA,"Após intensos treinos com as cordas no Brasil, Mariana e Ronaldo finalmente embarcaram rumo ao Monte Chimborazo, no Equador, para a tão esperada expedição de alpinismo. Depois de uma longa viagem, chegaram exaustos ao hotel previamente reservado.

Ao tentarem acessar o quarto 214, foram surpreendidos por uma fechadura digital, que exigia uma senha de três dígitos. No visor, apareceu a seguinte instrução:

  ![](1762967248_Captura de tela 2025-11-12 140714.png){width=300px} 

Após realizarem os cálculos, Mariana e Ronaldo perceberam que o número formado pelos três dígitos possuía uma característica curiosa.

Assinale a alternativa correta sobre a senha que abre a fechadura digital do quarto 214.","O primeiro dígito é o dobro do terceiro e todos são diferentes.","É um número ímpar e a soma de seus dígitos é múltiplo de 4.","É um número divisível por 3 e ímpar.","É um número múltiplo de 9 e par.","Formada apenas por números ímpares e é múltiplo de 3.","c"
"1bf7aea0-b95f-4fa9-9bc5-195d82153c64","Matemática","VI - Medidas Geométricas","Colégio Militar de Brasília",2025,NA,"Após uma viagem de compras em Miami, nos Estados Unidos, Mariana retornou com sua mala recheada de produtos. Ao chegar ao aeroporto e pesar a bagagem, foi informada de que o peso máximo permitido de cada bagagem despachada era de 23 kg por passageiro. No entanto, sua mala registrou 31,8 kg. Conforme as regras da companhia aérea, seria cobrada uma taxa adicional de R$ 85,50 por cada quilograma excedente.

Além disso, por curiosidade, o funcionário da companhia perguntou o volume da mala. A bagagem de Mariana tem o formato de um paralelepípedo reto-retângulo, com dimensões de 90 centímetros (cm) de altura, 4,3 decímetros (dm) de largura e 750 milímetros (mm) de comprimento.

O volume da mala de Mariana, em litros, e o valor total da taxa que ela precisará pagar pelo excesso de peso são, respectivamente

  ![](1762967522_Captura de tela 2025-11-12 141154.png){width=300px} ","290 litros e R$ 598,50.","290,25 litros e R$ 752,40. ","291 litros e R$ 752,40.","300 litros e R$ 729,60.","290,25 litros e R$ 850,00.","b"
"0e54bf95-71d7-476a-b906-f484847f6bb5","Matemática","V - Números Decimais","Colégio Militar de Brasília",2025,NA,"Mariana e Ronaldo viajaram para a África do Sul, onde a moeda utilizada é o rand sul-africano (ZAR). Antes da viagem, eles foram a uma casa de câmbio para trocar os dólares que sobraram das compras feitas em Miami e os reais brasileiros que economizaram para essa ocasião.

O casal possui 2 500 dólares e 8 401 reais e deseja converter todo esse valor em rands sul-africanos (ZAR).

Sabendo que:

- 1 ZAR = 0,31 real
- 1 dólar = 5,45 reais
- 1 dólar = 17,58 ZAR

Qual é o valor total aproximado que Mariana e Ronaldo tinham em rands sul-africanos após a conversão de todos os dólares e reais?

  ![](1762967655_Captura de tela 2025-11-12 141403.png){width=300px} ","71 050.","46 551.","43 950.","27 100.","13 625.","a"
"2ad9d797-9ff5-4ee5-811a-0f280d0d85b1","Matemática","IV - Frações","Colégio Militar de Brasília",2025,NA,"Durante a viagem para a África do Sul, Mariana e Ronaldo programaram um passeio de carro por uma das rotas mais visitadas da costa sul-africana: a Garden Route. Esse trajeto, que liga Mossel Bay a Storms River, é famoso por suas paisagens deslumbrantes e pelas diversas atrações ao longo do caminho, como o famoso salto de bungee jump na ponte Bloukrans Bridge.

Como estavam na Cidade do Cabo, antes de iniciarem o percurso pela Garden Route, precisaram seguir até Hermanus e, em seguida, até Mossel Bay. Para organizar melhor o trajeto, Ronaldo dividiu a viagem em quatro trechos:

  ![](1762967951_Captura de tela 2025-11-12 141904.png){width=300px} 

A distância percorrida no segundo e no terceiro trechos juntos foi de","105 km","129 km","315 km","420 km","645 km","d"
"086327cf-c046-49c3-9937-accc1776eb26","Matemática","V - Números Decimais","Colégio Militar de Brasília",2025,NA,"Mariana e Ronaldo viajaram para a cidade do Cairo, no Egito para visitar a Grande Pirâmide de Gizé que é conhecida como uma das Sete Maravilhas do Mundo Antigo. Chegando lá, ficaram impressionados com o tamanho desse monumento e foram pesquisar mais sobre a pirâmide encontrando o seguinte texto:

A Grande Pirâmide de Gizé, também conhecida como Pirâmide de Quéops, é a mais antiga e maior das três pirâmides do complexo de Gizé. Sua construção é um feito notável da engenharia antiga, com aproximadamente 2,3 milhões de blocos de pedra, alguns pesando mais de duas toneladas. A pirâmide possui câmaras internas, como a Câmara do Rei e a Câmara da Rainha, que demonstram precisão arquitetônica e engenharia avançada. O volume da Grande Pirâmide de Gizé é estimado em cerca de 2,5 milhões de metros cúbicos. Mais precisamente, o volume é de aproximadamente 2.594.463,61 m³. 

Sabendo que o volume ocupado por blocos de pedra corresponde a 75% do volume estimado da Grande Pirâmide de Gizé, qual é o volume não ocupado por blocos de pedra, em decâmetro cúbicos?
","625","1 875","2 500","625 000","1 875 000","a"
"5af3277c-b1de-4430-81ad-e221852e1aa5","Matemática","VII - Tratamento da Informação","Colégio Militar de Brasília",2025,NA,"Durante a viagem ao Egito, o casal viajante Mariana e Ronaldo conheceu Lucas, um aventureiro que está sempre explorando novos destinos ao redor do mundo. Juntos, os três registraram momentos inesquecíveis em alguns dos pontos turísticos mais emblemáticos do país: a Pirâmide de Quéops, a Esfinge de Gizé e o Templo de Karnak.

O gráfico abaixo mostra a quantidade de fotos tiradas por cada um nos pontos turísticos:

  ![](1762968363_Captura de tela 2025-11-12 142555.png){width=300px} 

Com base nesses dados, podemos afirmar que","considerando apenas as fotos tiradas no Templo de Karnak, a média aritmética da quantidade de fotos tiradas pelos três viajantes é aproximadamente 10. ","considerando o total de fotos tiradas pelos três viajantes, a probabilidade de escolher aleatoriamente uma que tenha sido tirada na Esfinge de Gizé é de 33%.","a média aritmética da quantidade de fotos tiradas na Pirâmide de Quéops pelos três viajantes foi superior a 10. ","a porcentagem de fotos tiradas por Ronaldo no Templo de Karnak, em relação ao total de fotos que ele tirou nos três pontos turísticos, é de 20%.","a porcentagem de todas as fotos que foram tiradas por Mariana na Pirâmide de Quéops, em relação ao total geral de fotos dos três viajantes, é maior que 25%.","d"
"6d3a6b0a-6489-4802-bbff-6a02f2f760ec","Matemática","VI - Medidas Geométricas","Colégio Militar de Brasília",2025,NA,"Durante uma conversa, Mariana e Ronaldo compartilharam com Lucas suas experiências em dois monumentos que já visitaram e, juntos, decidiram analisar as formas geométricas presentes nessas construções:

- **O Panteão de Roma (Itália)** – famoso por sua imponente cúpula hemisférica e por apresentar uma estrutura cilíndrica, com base e topo em forma de círculos perfeitos. Este antigo templo romano tem formato aproximado de um cilindro.
- **A Grande Pirâmide de Gizé (Egito)** – uma construção milenar com formato de pirâmide e base quadrada

Encantado com a geometria das construções, Lucas desenhou os sólidos geométricos que representam os dois monumentos.

  ![](1762968532_Captura de tela 2025-11-12 142843.png){width=300px} 

Os sólidos desenhados por Lucas, quando planificados, são formados por","1 retângulo, 1 círculo, 3 triângulos e 1 quadrado.","1 retângulo, 2 círculos e 3 triângulos e 2 quadrados.","1 retângulo, 2 círculos, 4 triângulos e 1 quadrado.","2 retângulos, 1 círculo, 5 triângulos e 2 quadrados.","2 retângulos, 2 círculos, 2 triângulos e 1 quadrado.","c"
"5ad23598-93ea-415f-929d-63f7109e095d","Matemática","V - Números Decimais","Colégio Militar de Brasília",2025,NA,"Mariana e Ronaldo perceberam que ainda não haviam visitado Paris — a charmosa capital da França e um dos destinos turísticos mais procurados do mundo, que atrai milhões de visitantes todos os anos.

Durante uma pesquisa para planejar a viagem, encontraram passagens aéreas por uma companhia que oferecia voo com decolagem prevista para as 10 horas e 50 minutos do dia 25 de junho, partindo do Aeroporto de Guarulhos (GRU), em São Paulo, com destino ao Aeroporto Charles de Gaulle (CDG), em Paris.

Considerando que Paris está 5 horas à frente de São Paulo por conta do fuso horário, e que a duração do voo é de 11 horas e 12 minutos, o casal calculou que chegaria à capital francesa no dia

  ![](1762968672_Captura de tela 2025-11-12 143104.png){width=300px} ","25 de junho às 15 horas e 50 minutos no horário de São Paulo. ","25 de junho às 3 horas e 2 minutos no horário de Paris. ","26 de junho às 22 horas e 2 minutos no horário de Paris. ","26 de junho às 3 horas e 2 minutos no horário de Paris.","26 de junho às 3 horas e 2 minutos no horário de São Paulo. ","d"
"05f8914d-94f8-4547-86aa-32414bf5145d","Matemática","VI - Medidas Geométricas","Colégio Militar de Brasília",2025,NA,"Durante a viagem a Paris, Mariana e Ronaldo aproveitaram para visitar a famosa Torre Eiffel. Encantada com a estrutura, Mariana decidiu desenhá-la em uma malha quadriculada. Considerando que cada quadradinho menor da malha tem lado de 1,5 centímetro (cm), a área da Torre Eiffel desenhada por Mariana, em decímetros quadrados (dm²) e o percentual aproximado de quadrados cinza-escuros em relação aos quadrados cinza-claros são, respectivamente,

  ![](1762969022_Captura de tela 2025-11-12 143656.png){width=300px} ","4,32 dm² e 35,2%","9,72 dm² e 54,3%","243 dm² e 54,3%","432 dm² e 64,8%","972 dm² e 35,2%","b"
"6fc79568-3b1e-42c4-bd11-70127c24122c","Matemática","III - Múltiplos e Divisores","Colégio Militar de Brasília",2025,NA,"Mariana e Ronaldo estavam em um tour pela Itália. A primeira cidade a ser visitada foi Roma e em seguida iam para Florença. Para realizar esse percurso, eles tinham três opções diferentes de meio de transporte: ônibus, trem e avião.

A cada 1 hora e 12 minutos parte um ônibus de Roma para Florença, a cada 1 hora e 48 minutos parte um trem de Roma para Florença e a cada 2 horas e 24 minutos parte um avião de Roma para Florença. Sabendo que às 7 horas e 53 minutos, Mariana e Ronaldo podiam pegar qualquer um dos três meios de transportes de Roma para Florença, a que horas eles poderão escolher novamente qualquer um dos três meios de transportes para realizar esse trajeto?

  ![](1762969151_Captura de tela 2025-11-12 143904.png){width=300px} ","7 horas e 12 minutos.","14 horas e 53 minutos.","14 horas e 55 minutos.","15 horas e 05 minutos.","15 horas e 15 minutos.","d"
"39caa0a2-663c-42ad-ae23-e3957e1424be","Matemática","IV - Frações","Colégio Militar de Brasília",2025,NA,"Após passarem alguns dias em Florença explorando museus e pontos históricos, Mariana e Ronaldo seguiram para a famosa região vinícola da Toscana. Lá, participaram de um roteiro de degustação em três vinícolas distintas, visitadas em dias consecutivos.

O casal decidiu registrar detalhadamente a quantidade de vinho consumida em cada visita, tomando como referência o volume total planejado para todo o roteiro. O relatório anotado ficou assim:

- Primeiro dia: consumo de metade do volume total.
- Segundo dia: consumo equivalente a três oitavos do volume total.
- Terceiro dia: consumo correspondente a um dezesseis avos do volume total.

Sabe-se que todo o restante não consumido foi guardado para um evento especial no último dia da viagem. Qual a fração exata do volume total que ainda restou para esse evento, após as três degustações?","$\frac{1}{16}$","$\frac{3}{16}$","$\frac{1}{8}$","$\frac{5}{32}$","$\frac{15}{16}$","a"
"87a1c43f-9923-4019-a4ff-9bbe82f8c8aa","Matemática","VI - Medidas Geométricas","Colégio Militar de Brasília",2025,NA,"Mariana e Ronaldo, durante a viagem para a Suécia, resolveram fazer a trilha muito famosa e adorada pelos viajantes, o Triângulo de Jämtland. Como o próprio nome diz, o trajeto dessa trilha tem um formato muito próximo de um triângulo com três lados com medidas distintas.

Sabe-se que o primeiro lado do triângulo da trilha mede 230 hectômetros (hm), o segundo lado tem $\frac25$ do comprimento do primeiro lado e o terceiro lado tem seu comprimento igual à média aritmética dos outros dois lados. Como a trilha possui trechos desafiadores, Mariana e Ronaldo caminharam 69 metros (m) por minuto durante toda a trilha. Em quanto tempo o casal concluiu essa trilha sabendo que eles fizeram duas pausas para descanso e hidratação que duraram 30 e 42 minutos cada?

  ![](1762969962_Captura de tela 2025-11-12 145236.png){width=300px} ","10 horas e 50 minutos.","11 horas e 40 minutos.","11 horas e 52 minutos.","12 horas e 32 minutos.","12 horas e 52 minutos.","e"
"97c66150-d3ca-4f81-99ba-7aa87d57961e","Matemática","V - Números Decimais","Colégio Militar de Brasília",2025,NA,"A melhor viagem de Mariana e Ronaldo foi a visita à Tailândia, que é um país do Sudeste Asiático. Quando estavam organizando essa viagem, perceberam que o maior gasto deles seria com a passagem aérea, então resolveram pesquisar bastante antes de comprar.

Depois de muita pesquisa, encontraram a passagem de ida e volta por R$ 8 605,00 para cada um. O valor ainda continuava muito alto, então eles resolveram negociar a forma de pagamento. Foram apresentadas três opções diferentes de pagamento na compra das duas passagens:

1ª opção: pagamento à vista com desconto 5% de desconto;
2ª opção: pagamento em 5 parcelas iguais sem acréscimo; e
3ª opção: aumento de 6% no valor da passagem e pagamento em 10 parcelas iguais.

Assinale a alternativa correta","Na opção 1 o casal economizará R$ 430,25.","Na opção 2 o casal pagará 5 parcelas de R$ 3 542,00.","Na opção 3 o casal pagará 10 parcelas de R$ 912,13.","Na opção 1 o casal pagará R$ 860,50 a mais que na opção 2.","Na opção 3 o casal pagará R$ 1 893,10 a mais que na opção 1.","e"
"da68d2e4-8133-4e99-b605-4da5aedc6a05","Matemática","V - Números Decimais","Colégio Militar de Brasília",2025,NA,"Durante uma viagem ao Japão, o casal Mariana e Ronaldo visitou o famoso Mercado Toyosu, em Tóquio, onde presenciaram o tradicional leilão de atum. No primeiro leilão de 2025, eles ficaram impressionados ao ver um atum rabilho ser arrematado por aproximadamente R$ 7 890 000,00, com o peixe pesando cerca de 275 quilos. No entanto, o recorde desse leilão ainda pertence ao ano de 2019, quando um atum foi vendido por impressionantes dezoito milhões e novecentos mil reais.

Com base no valor recorde, podemos afirmar que","o algarismo 8 ocupa a ordem das dezenas de milhão.","o algarismo 1 ocupa a ordem das dezenas de milhar.","o número possui 3 ordens e pertence a 8 classes.","o valorabsoluto do algarismo 9 é de 90 000.
","o valor posicional do algarismo 9 é de 900 000.","e"
"f64701c0-5a41-45db-8cd0-e6df89482d07","Matemática","VI - Medidas Geométricas","Colégio Militar de Brasília",2025,NA,"Mariana e Ronaldo viajaram para Singapura, onde finalmente conheceram o luxuoso Hotel
Marina Bay Sands, famoso por ter a maior piscina de borda infinita nas alturas do mundo, situada a cerca de 190 metros de altura, com vista deslumbrante da cidade.

Encantados com o local, eles passaram horas aproveitando a piscina, que possui o mesmo volume de um paralelepípedo, com as seguintes dimensões aproximadas:

- 15000 centímetros (cm) de comprimento;
- 8 metros (m) de largura; e
- 0,012 hectômetro (hm) de profundidade média. 

  ![](1762970299_Captura de tela 2025-11-12 145812.png){width=300px} 

Enquanto conversavam com o gerente do hotel, souberam que, por questões de segurança estrutural, a piscina está operando no momento com apenas 95% da sua capacidade total de água.

Com base nessas informações, o volume atual de água, em litros, contido na piscina e o volume de água que ainda falta para encher completamente a piscina são, respectivamente,","1 350 000 litros e 90 000 litros.","1 360 000 litros e 80 000 litros.","1 368 000 litros e 144 000 litros.","1 368 000 litros e 72 000 litros.","1 440 000 litros e 72 000 litros.","d"
"7d105515-f3b4-4ee6-be3b-53bae42d6c4b","Matemática","VI - Medidas Geométricas","Colégio Militar de Brasília",2025,NA,"Durante uma viagem internacional, dois casais de amigos — Mariana e Ronaldo, Karina e Lucas — visitaram diferentes países. Ao retornarem, compartilharam entre si as construções que mais chamaram a atenção:

- Figura 1: Habitat 67, em Montreal (Canadá) — conjunto habitacional formado por módulos cúbicos empilhados.
- Figura 2: Universidade de Monterrey Campus Sinaloa, no México — edifício com formato de um grande paralelepípedo.
- Figura 3: Cabana em forma de prisma triangular, situada nas montanhas do Colorado (EUA) — estrutura que lembra um prisma triangular.
- Figura 4: Pirâmide de vidro do Louvre, em Paris (França) — famosa construção com forma de pirâmide quadrangular.

  ![](1762970561_Captura de tela 2025-11-12 150234.png){width=300px} 

Agora, observando os sólidos representados nas figuras, determine a fração correspondente entre o número de vértices e o número de arestas de cada sólido, na ordem:

  ![](1762970587_Captura de tela 2025-11-12 150259.png){width=300px} ","$\frac32$, $\frac23$, $\frac23$ e $\frac58$","$\frac23$, $\frac23$, $\frac23$ e $\frac34$","$\frac23$, $\frac23$, $\frac23$ e $\frac58$","$\frac23$, $\frac23$, $\frac59$ e $\frac58$","$\frac23$, $\frac35$, $\frac23$ e $\frac12$","c"
"41d491ef-2dbb-47da-a92b-ac1094aab73e","Matemática","V - Números Decimais","Colégio Militar de Brasília",2025,NA,"Durante uma viagem de pesquisa ambiental pela Costa Rica, Mariana e Ronaldo participaram de um projeto para instalar acampamentos sustentáveis em áreas florestais preservadas. Eles foram responsáveis por organizar um terreno retangular, cujo comprimento mede 22,5 metros e cuja largura corresponde a $\frac79$ do comprimento. Além disso, para evitar a entrada de animais silvestres, o instrutor local recomendou que o cercamento fosse feito 12% maior que o perímetro do terreno, garantindo uma sobra para fixação da rede de proteção. Quantos decâmetros (dam) de rede foram necessários para cercar completamente o terreno, considerando a sobra recomendada?","8 dam","8,96 dam","80 dam","89,6 dam","896 dam","b"
"2a90b483-c650-45a1-ad4f-7ebcf373ebe8","Português","CMB - 2025/2026","Colégio Militar de Brasília",2025,NA,"**Água é fundamental para a vida, inclusive na alimentação**

*“A insegurança hídrica tem estreita relação com a insegurança alimentar, ou seja, há uma parcela expressiva da população brasileira que tem fome e sede simultaneamente”*, diz Pedro Jacobi

  ![](1762970926_Captura de tela 2025-11-12 150839.png){width=300px} 

Dia 22 de março é comemorado o Dia Mundial da Água e foi estabelecido pela Assembleia Geral da Organização das Nações Unidas (ONU) em 1993. Porém, a relação desse líquido com a vida humana vai além da simples ingestão e passa também pela produção de alimentos.

**Crise hídrica**

Cada lugar possui um índice pluviométrico diferente, isto é, o volume da chuva varia de acordo com diversos fatores que incluem, além do geográfico, a presença ou não de vegetação natural, impacto da ação humana, tratamento das águas, entre outros. Quando se pensa na intervenção do ser humano, outra palavra recorrente é a escassez hídrica. “A partir do desmatamento nos biomas, dos processos de degradação dos solos, da poluição atmosférica e das águas, todas condições comprometem as bacias hidrográficas fundamentais para o consumo humano, ampliando os danos à saúde”, explica Pedro Jacobi, professor titular sênior do Programa de Pós-Graduação em Ciência Ambiental do Instituto de Energia e Ambiente.

O poder público também tem responsabilidade nesse impacto: a má qualidade das águas dos rios por falta de tratamento de esgoto doméstico e ocupação em áreas de mananciais, falta de planejamento para a construção de novos reservatórios, falta de investimentos para a redução de perdas e falta de coordenação institucional são alguns pontos elencados pelo professor.

**Água e alimentação**

A água está intrinsecamente ligada aos sistemas agroalimentares, já que a produção de alimentos depende de uma boa quantidade de irrigação e até mesmo da água em si para os demais processos. No Brasil, Jacobi comenta que, como a maior parte das terras agrícolas é irrigada sazonalmente, dependendo das chuvas, situações de escassez hídrica decorrentes das mudanças climáticas são cada vez mais preocupantes.

Segundo o Instituto Brasileiro de Geografia e Estatística (IBGE), o setor agropecuário foi responsável por 97,4% do consumo total de água no Brasil em 2017. “O setor agropecuário busca constantemente pela alta produtividade, que promove a expansão das lavouras como as de soja e milho e dos espaços destinados à pecuária, demandando a expansão da fronteira agrícola para regiões como a Amazônia e o Cerrado”, diz o professor. A consequência disso é o desmatamento e as queimadas florestais, que não comprometem apenas a região, mas também muitos outros locais que dependem da formação de chuvas.

Os reflexos desses problemas atingem tanto a quantidade quanto a qualidade das águas, o que, em cadeia, afeta diretamente a produção de alimentos, com consequências para as populações vulneráveis socialmente. “Os agricultores familiares são os mais duramente afetados, com a queda da qualidade das pastagens e da produção agrícola, gerando endividamento que dificulta desenvolver os próximos plantios”, explica Jacobi.

**Sede e fome**

O Objetivo de Desenvolvimento Sustentável (ODS) 6 da ONU pretende “garantir a disponibilidade e a gestão sustentável da água potável e do saneamento para todos”. A água é um direito universal reconhecido pela ONU, mas ele não é cumprido integralmente. “Existe um dado para o qual não podemos deixar de olhar: a insegurança hídrica tem estreita relação com a insegurança alimentar, ou seja, há uma parcela expressiva da população brasileira que tem fome e sede simultaneamente, de acordo com relatório da Rede Brasileira de Pesquisa em Soberania e Segurança Alimentar“, ressalta o professor.

Para tentar controlar a situação, Jacobi diz que o Brasil precisará ampliar os estoques de alimentos e privilegiar culturas mais resistentes a secas, por causa das mudanças climáticas, além de difundir o nexo água, energia e alimentação, já que a água é um eixo estruturador. “A partir daí, entende-se que a governança e gestão da água devem ser integradas aos demais setores pelo seu papel fundamental para a produção de alimentos e garantidor de energia devido à importância da hidroeletricidade no País.”

**Após a leitura, é possível concluir que a finalidade do Texto 1 é**","indicar a importância da água para a vida humana e para os animais domésticos e silvestres.","demonstrar técnicas bem-sucedidas de irrigação utilizadas no agronegócio brasileiro.","mostrar a relevância da água para a vida humana e sua influência na produção de alimentos.","provar que a crise hídrica é causada pela falta de chuvas em certas regiões do planeta.","incentivar o consumo de alimentos que utilizem menos água em sua produção.","c"
"099796e1-c9fc-47c2-9d9d-bef543ab42e4","Português","CMB - 2025/2026","Colégio Militar de Brasília",2025,NA,"Ao analisar o título do Texto 1, é possível substituir a palavra “fundamental”, mantendo as mesmas relações de sentido do contexto, por:","potável.","finita.","insubstituível.","básica.","útil.","d"
"b0f2dfd4-974f-4a9a-a5d1-e5781c5a68d7","Português","CMB - 2025/2026","Colégio Militar de Brasília",2025,NA,"O Texto 1 possui 8 parágrafos. Os fatores que influenciam a variação da disponibilidade da água estão presentes em qual parágrafo do Texto 1?","2º parágrafo.","4º parágrafo.","5º parágrafo.","6º parágrafo.","8º parágrafo.","a"
"3462f872-ceb9-4ea5-a075-cee3f332c108","Português","CMB - 2025/2026","Colégio Militar de Brasília",2025,NA,"Em *“A insegurança hídrica tem estreita relação com a insegurança alimentar, ou seja, há uma **parcela expressiva** da população brasileira que tem fome e sede simultaneamente”* (Texto 1), a expressão destacada apresenta **sentido oposto a:**","grande parte.","porção insignificante.","parte considerável.","percentagem importante.","quantidade relevante.","b"
"3bcf6ab0-c491-4907-8f5c-8f6462b0d7b8","Português","CMB - 2025/2026","Colégio Militar de Brasília",2025,NA,"No fragmento “A insegurança hídrica tem estreita relação com a insegurança alimentar, ou seja, há uma parcela expressiva da população brasileira que tem fome e sede **simultaneamente**” (Texto 1), a palavra destacada possui **sentido oposto a**:","ao mesmo tempo.","sincronicamente.","concomitantemente.","assincronicamente.","em conjunto.","d"
"db16ce2c-d49f-45c7-846e-a1f000778812","Português","CMB - 2025/2026","Colégio Militar de Brasília",2025,NA,"No início do 8º parágrafo do Texto 1, em “Para tentar controlar **a situação**”, a expressão destacada retoma:","“[...] queda da qualidade das pastagens e da produção agrícola [...]” (6º parágrafo)","“A água é um direito universal reconhecido pela ONU”. (7º parágrafo)","“Os reflexos desses problemas atingem tanto a quantidade quanto a qualidade das águas.” (6º parágrafo)","“Os agricultores familiares são os mais duramente afetados.” (6º parágrafo)","“[...] a insegurança hídrica tem estreita relação com a insegurança alimentar”. (7º parágrafo)","e"
"aa3acee5-ff58-45f5-a869-531b8b6ce2d7","Português","CMB - 2025/2026","Colégio Militar de Brasília",2025,NA,"Assinale a alternativa em que o uso da vírgula segue a mesma justificativa gramatical do fragmento *“Cada lugar possui um índice pluviométrico diferente, isto é, o volume da chuva varia de acordo com diversos fatores [...]”* (Texto 1).
","“[...] o Brasil precisará ampliar os estoques de alimentos e privilegiar culturas mais resistentes a secas, por causa das mudanças climáticas, além de difundir o nexo água, energia e alimentação.”","“A água é um direito universal reconhecido pela ONU, mas ele não é cumprido integralmente.”","“ [...] a insegurança hídrica tem estreita relação com a insegurança alimentar, ou seja, há uma parcela expressiva da população brasileira que tem fome e sede simultaneamente [...]”","“Porém, a relação desse líquido com a vida humana vai além da simples ingestão e passa também pela produção de alimentos.”","“Segundo o Instituto Brasileiro de Geografia e Estatística (IBGE), o setor agropecuário foi responsável por 97,4% do consumo total de água no Brasil em 2017.”","c"
"0e7f31e4-8386-43d6-8a1e-135c873f81ec","Português","CMB - 2025/2026","Colégio Militar de Brasília",2025,NA,"  ![](1762971663_Captura de tela 2025-11-12 152057.png){width=300px} 

Sobre a temática da tirinha (Texto 2), é possível concluir que ","ambos chegam a um consenso: água e amor são essenciais à vida.","ambas as prioridades (a do filho e a do pai) são idênticas.","o filho concorda com o pai: a água é essencial à vida.","o pai concorda com a resposta dada pelo filho na prova.","as prioridades do filho são diferentes das prioridades do pai.","e"
"d87a9ad3-cb28-4aff-bc83-66dbf9948cdf","Português","CMB - 2025/2026","Colégio Militar de Brasília",2025,NA,"Quanto à classe gramatical, as palavras “ESSENCIAL” (1º quadrinho), “VOCÊ” (1º quadrinho), “ÓBVIO” (2º quadrinho), “ÁGUA” (2º quadrinho) e “AMOR” (3º quadrinhos) do Texto 2 são, respectivamente:
","substantivo, pronome demonstrativo, adjetivo, substantivo, adjetivo. ","adjetivo, pronome pessoal, adjetivo, substantivo, substantivo.","adjetivo, pronome possessivo, substantivo, adjetivo, adjetivo.","substantivo, pronome pessoal, adjetivo, substantivo, adjetivo.","adjetivo, pronome possessivo, adjetivo, pronome pessoal, substantivo.","b"
"df63f985-5b08-4bda-92d7-78c98323a579","Português","CMB - 2025/2026","Colégio Militar de Brasília",2025,NA,"Em “COMO VOCÊ CONSEGUIU ERRAR **ESSA**?” (Texto 2), a palavra destacada é um pronome __________________, que se refere a _____________________.","demonstrativo – um questionamento da prova","pessoal do caso reto – uma resposta do pai","possessivo – um questionamento do professor","demonstrativo – um pedido do pai","possessivo – uma resposta do aluno","a"
"bc3d8330-ad2e-46ec-b26d-23816bd1546a","Português","CMB - 2025/2026","Colégio Militar de Brasília",2025,NA,"  ![](1762971845_Captura de tela 2025-11-12 152356.png){width=300px} 
  ![](1762971869_Captura de tela 2025-11-12 152422.png){width=300px} 

Levando em conta os temas “água” e “amor”, presentes nos Textos 2 e 3, o 3º quadrinho do Texto 2, materializa-se por meio da linguagem verbal e não verbal no ____ quadrinho do Texto 3.","1º","3º","5º","6º","8º","e"
"96ee3da3-541d-49a4-9f42-618b1600fb39","Português","CMB - 2025/2026","Colégio Militar de Brasília",2025,NA,"**Planeta Água**

Água que nasce na fonte serena do mundo
E que abre um profundo grotão
Água que faz inocente riacho e deságua
Na corrente do ribeirão.

Águas escuras dos rios
Que levam a fertilidade ao sertão
Águas que banham aldeias
E matam a sede da população.

Águas que caem das pedras
No véu das cascatas, ronco de trovão
E depois dormem tranquilas
No leito dos lagos (no leito dos lagos)
No leito dos lagos.

Água dos igarapés
Onde Iara, a mãe d'água, é misteriosa canção
Água que o sol evapora
Pro céu vai embora, virar nuvens de algodão.

Gotas de água da chuva
Alegre arco-íris, sobre a plantação
Gotas de água da chuva
Tão tristes, são lágrimas na inundação.

Águas que movem moinhos
São as mesmas águas que encharcam o chão
E sempre voltam humildes pro fundo da terra
Pro fundo da terra.

Terra! Planeta Água
Terra! Planeta Água
Terra! Planeta Água

**Leia o trecho abaixo da canção “Planeta Água” (Texto 4):**

“Gotas de água da chuva
Alegre arco-íris, sobre a plantação
**Gotas de água da chuva**
**Tão tristes, são lágrimas na inundação.”**

Levando em conta que a água se manifesta na natureza de diferentes formas, já que, em alguns momentos, ela é vista como fonte de alegria e vida e, em outros, pode causar tristeza e destruição, o que o trecho em destaque revela?","Mostra que a chuva, mesmo durante a inundação, pode trazer beleza e emoção.","Expressa a tristeza causada pela enchente, como se alguém estivesse chorando.","Destaca que as gotas da chuva são tão leves quanto as lágrimas das pessoas.","Explica que a chuva e as lágrimas são elementos da água com a mesma origem.","Revela que as chuvas são tão importantes quanto as lágrimas das pessoas.","b"
"c56d4400-7fdd-4cf9-9475-284552661708","Português","CMB - 2025/2026","Colégio Militar de Brasília",2025,NA,"No contexto do trecho “Águas que **movem** moinhos / São as mesmas águas que **encharcam** o chão” (Texto 4), há uma oposição de ideias. Com base nessa oposição, qual é o efeito de sentido produzido pelo uso das palavras destacadas?","Indicar que a água tem sempre o mesmo papel, sem mudanças e interferências.","Destacar que a água só serve para mover as coisas, não tirando nada do lugar.","Mostrar que a água pode ser útil em algumas situações e prejudicial em outras.","Dizer que “movem” e “encharcam” têm o mesmo sentido e repetem uma ideia.","Apresentar relação de semelhança de sentido entre elas, já que são sinônimas.","c"
"826950f5-e0e0-4bfb-b14d-dd577a8697ac","Português","CMB - 2025/2026","Colégio Militar de Brasília",2025,NA,"As palavras “céu”, “igarapés” e “lágrimas”, no Texto 4, são acentuadas pelas regras de:","monossílabos átonos terminados em ditongo aberto “éu”, oxítonas, paroxítonas. ","monossílabos átonos terminados em ditongo aberto “éu”, paroxítonas, proparoxítonas.","monossílabos tônicos terminados em ditongo aberto “éu”, proparoxítonas e oxítonas.","monossílabos tônicos terminados em ditongo aberto “éu”, oxítonas, proparoxítonas.","monossílabos tônicos terminados em ditongo aberto “éu”, paroxítonas, paroxítonas.","d"
"969e464c-079e-4693-a8da-753b41aab814","Português","CMB - 2025/2026","Colégio Militar de Brasília",2025,NA,"  ![](1762972197_Captura de tela 2025-11-12 152950.png){width=300px} 

No Texto 5, Armandinho afirma: “A SOLUÇÃO CAIU DO CÉU”. Considerando as linguagens verbal e não verbal, presentes na tirinha, o que podemos inferir sobre a dinâmica familiar na casa da menina?","Há a utilização da água de rios, embora ela more na cidade.","Há um poço artesiano, por isso não falta água.","Há um sistema de aproveitamento das águas fluviais.","Há um sistema de captação das águas pluviais.","Há caixas d’água, que são abastecidas por uma empresa.","d"
"e64d9ea8-40e4-493b-aedc-2614f981896a","Português","CMB - 2025/2026","Colégio Militar de Brasília",2025,NA,"Na tirinha (Texto 5), os personagens discutem a falta de água e apresentam uma solução alternativa. Em relação às formas verbais presentes no texto, assinale a alternativa correta.","“Faltou” e “caiu” estão no pretérito perfeito do indicativo, indicando ações concluídas no passado.","“Temos” está no pretérito imperfeito do indicativo, sugerindo uma ação habitual no passado.","“Diria” está no modo subjuntivo, expressando uma hipótese irreal.","“Caiu” está no presente do indicativo, expressando uma ação habitual.","“Temos” e “diria” estão ambos no modo subjuntivo, expressando dúvida ou desejo.","a"
"a6fb91e5-922e-4f02-9702-866750c0f9c0","Português","CMB - 2025/2026","Colégio Militar de Brasília",2025,NA,"Leia, atentamente, o 3° quadrinho da tirinha (Texto 5) e assinale a alternativa correta quanto ao uso das reticências.","Marcam um chamamento dos personagens envolvidos na tirinha","Marcam o fim de uma frase, sugerindo prolongamento da ideia.","Marcam uma enumeração não exaustiva e repetitiva no diálogo.","Marcam supressão de palavra(s) na fala do personagem da tira.","Marcam, no meio da frase, breve interrupção do pensamento.","b"
"18a93ff7-2327-4bcb-852a-fa2cbdb471f4","Português","CMB - 2025/2026","Colégio Militar de Brasília",2025,NA,"  ![](1762972357_Captura de tela 2025-11-12 153229.png){width=300px} 

Após análise da charge, é possível concluir que o tema principal do Texto 6 é:","falta d’água","verão.","desmatamento","seca","reflorestamento","c"
"19747652-256d-4198-9d5f-6497c93ab279","Português","CMB - 2025/2026","Colégio Militar de Brasília",2025,NA,"Ao observar as linguagens verbal e não verbal do Texto 6, constata-se que a ironia presente no texto se deve ao fato de:","as árvores terem secado e caído, devido ao calorão excessivo na floresta.","não haver nenhuma garrafa d’água na imagem, o que revela a seca no local.","os lenhadores estarem sentindo-se satisfeitos, por terem concluído seu trabalho.","à medida que o tempo passa, o sol estar ficando cada vez mais quente e nocivo.","os homens terem cortado todas as árvores e estarem sentindo falta de sombra.","e"
"54b10253-151c-45ea-b6d1-a814a1b3cf7b","Matemática","V - Números Decimais","Colégio Militar de Manaus",2025,NA,"Na aula de Matemática, o professor Túlio explicou que um número é considerado “capicua” ou “palíndromo” quando, lido da esquerda para a direita ou da direita para a esquerda, representa sempre o mesmo valor, por exemplo: 77, 121, 2442 e 90709. Observe:

  ![](1763142529_Captura de tela 2025-11-14 144832.png){width=300px} 

Seja XYZ um número de três dígitos, a probabilidade de ele ser considerado “capicua” é igual a:","1%","5%","10%","15%","20%","c"
"f1cf5962-241b-4113-9d0b-5e19189045b8","Matemática","III - Múltiplos e Divisores","Colégio Militar de Manaus",2025,NA,"O professor de Matemática João trabalha com jogos de Lógica no Laboratório de Matemática do Colégio Militar de Manaus. Em uma de suas atividades, ele usou fichas que têm os algarismos 1 e 2: de um lado, está o número 1 e, no verso, está o número 2 (ou o contrário). O professor pediu ao aluno Caio que formasse, com essas fichas, o menor número possível que fosse múltiplo de 9, deixando virado para cima o lado escolhido. A diferença entre o número que aparece no verso das fichas e o número que Caio apresentou é um número:","Divisível por 11","Divisível por 2 e por 3","Divisível por 2, mas não por 3","Divisível por 3, mas não por 2","Primo","d"
"e8e15cfa-09c2-4051-9c37-32456cd6e2ac","Matemática","V - Números Decimais","Colégio Militar de Manaus",2025,NA,"Três irmãos, Monique, Nair e Otávio, foram à cantina de sua escola e compraram lanches diferentes cada um. O valor gasto por cada um foi representado com base nas expressões abaixo:

  ![](1763142842_Captura de tela 2025-11-14 145353.png){width=300px} 

Se o valor total gasto pelos três irmãos foi pago com uma nota de R$ 20,00, quanto sobrará de troco?","R$ 4,60","R$ 5,80","R$ 6,80","R$ 10,20","R$ 13,20","c"
"1b3dab88-4c16-42f3-bd82-4f85d2d524aa","Matemática","I - Sistema de Numeração","Colégio Militar de Manaus",2025,NA,"Muito antes da invenção da escrita, os povos antigos já buscavam formas de registrar quantidades. Na Mesopotâmia, por exemplo, eram usadas pequenas pedras chamadas token, que representavam animais, colheitas ou objetos. Com o tempo, esses símbolos foram substituídos por marcas em tábuas de argila, facilitando a contagem e a organização da vida em sociedade. Séculos depois, surgiram diferentes sistemas de numeração, como o egípcio e o romano, até chegar ao sistema que usamos hoje: o indo-arábico, também chamado de decimal, por ser baseado no número 10:

  ![](1763142982_Captura de tela 2025-11-14 145615.png){width=300px} 

Sobre o sistema de numeração romano e o sistema de numeração decimal, marque a alternativa correta:","O sistema romano é posicional, assim como o sistema decimal.","No número 575.434.859.007, o algarismo 8 tem valor absoluto igual a 8.","O sistema decimal utiliza apenas os símbolos de 0 a 8, pois o 9 é formado pela repetição do 1.","No número 32.457.898, o algarismo 2 ocupa a classe das unidades de milhar.","No sistema decimal não existe relação entre a posição de um algarismo e o seu valor.","b"
"9391295e-6d07-4b62-a07c-f27c583932e0","Matemática","I - Sistema de Numeração","Colégio Militar de Manaus",2025,NA,"Durante a aula de História da Professora Maria, foi apresentada uma notícia em que um pesquisador, ao estudar os registros de uma catedral em uma cidade histórica, encontrou uma placa antiga com a data de início de uma reforma gravada em números romanos: MCDXCIX. Nos documentos, também constava que a obra durou 49 anos, mas o ano de término estava apagado da placa. Para restaurar a inscrição, o pesquisador precisa saber qual número romano será colocado na placa para indicar o ano de finalização da reforma?","MDXLV","MDXLVI","MDXLVII","MDXLVIII","MDXLIX","d"
"3da697af-00c0-4526-9c96-1b192b0811cf","Matemática","V - Números Decimais","Colégio Militar de Manaus",2025,NA,"Alessandro trabalha em uma loja de eletrodomésticos e, no final de cada mês, recebe um salário fixo de R$ 2.400,00. Além disso, ele ganha uma comissão de 5% sobre o valor total de suas vendas mensais.

No mês de agosto, Alessandro fez um total de vendas de R$ 18.750,00. Qual foi o valor total recebido por ele?","R$ 3.327,50","R$ 3.330,00","R$ 3.335,00","R$ 3.337,50","R$ 3.340,00","d"
"f2df385c-7309-49ad-99c2-01978f755eeb","Matemática","VI - Medidas Geométricas","Colégio Militar de Manaus",2025,NA,"Sávio quer fazer uma obra em sua casa. Ele comprou tijolos e deixou organizado em um local de sua casa de acordo com as dimensões e a disposição abaixo:

  ![](1763143231_Captura de tela 2025-11-14 150023.png){width=300px} 

O filho de Sávio perguntou qual eram as dimensões de cada tijolo, e Sávio não soube responder. Qual deve ser a resposta de Sávio para que seu filho saiba qual o tamanho de cada tijolo?","8cm x 40cm","10cm x 40cm","12cm x 40cm ","8cm x 44cm","10cm x 50cm","b"
"72ea9f68-06ae-4419-9c57-99cb9e9d0c89","Matemática","VI - Medidas Geométricas","Colégio Militar de Manaus",2025,NA,"A turma de Aline está estudando as propriedades das figuras geométricas planas e espaciais. Observe as figuras e as afirmações abaixo:

  ![](1763143327_Captura de tela 2025-11-14 150200.png){width=300px} 

I. As figuras (a), (c), (g) e (i) são corpos redondos.
II. As figuras (d), (e) e (h) são prismas.
III. As figuras (b) e (f) são polígonos.
IV. Entre as figuras apresentadas, apenas (b), (e) e (f) são figuras planas.
V. A figura (d) é uma pirâmide de base pentagonal.

Assinale a alternativa que apresenta as afirmações corretas:","I, II e III","II, III e IV","I e III","I, II e IV","II, IV e V","c"
"0f26c54f-dc53-4bf9-b7f9-2b15ef705f36","Matemática","VI - Medidas Geométricas","Colégio Militar de Manaus",2025,NA,"Lucas ganhou de aniversário uma caixa para guardar os seus brinquedos. Como Lucas gosta de Matemática, resolveu guardar dentro da caixa cubos de madeira de 5cm de lado, que havia construído com sua professora. Como mostra a figura, a caixa tem a forma de um bloco retangular, e alguns cubos já foram colocados na caixa:

  ![](1763143537_Captura de tela 2025-11-14 150531.png){width=300px} 

Se Lucas continuar a empilhar os cubos conforme a figura e com base nas informações acima, qual é a quarta parte do total de cubos que ainda falta para Lucas encher a caixa completamente?","92,75","105","389","97,25","97,5","d"
"ed799c16-70f8-4cba-a47a-31e5d900fb72","Matemática","V - Números Decimais","Colégio Militar de Manaus",2025,NA,"Em uma prova de ciclismo, cinco competidoras registraram os seguintes tempos para completar o percurso:

  ![](1763143614_Captura de tela 2025-11-14 150646.png){width=300px} 

Sabendo que o menor tempo corresponde à melhor colocação, qual é a ordem correta do pódio do 1º ao 5º lugar?","Daniela → Bruna → Eduarda → Ana → Carla","Bruna → Daniela → Eduarda → Ana → Carla","Eduarda → Bruna → Daniela → Ana → Carla","Daniela → Eduarda → Bruna → Carla → Ana","Eduarda → Ana → Bruna → Daniela → Carla","a"
"f26165fc-a69f-4e03-b668-8c91349902c6","Matemática","II - As 4 Operações","Colégio Militar de Manaus",2025,NA,"O professor de Matemática Paulo propôs aos seus alunos, ao final da aula, um desafio sobre formação de sequências. A explicação sobre o assunto é a seguinte:

É sempre possível formar uma sequência de números que terminam em 1, seguindo repetidamente as instruções abaixo:

- se o número for ímpar, soma-se 1;
- se o número for par, divide-se por 2.

Paulo deu o seguinte exemplo, começando com o número 21, e formou a seguinte sequência, sem haver número repetido dentro da própria sequência:

21→22→11→12→6→3→4→2→1

Sendo assim, na sequência, aparecem nove números; por isso se diz que ela tem comprimento 9. E ela começa com um número ímpar, por isso dizemos que ela é uma sequência ímpar.

Com base nas informações dadas, quantas são as sequências pares e quantas são as sequências ímpares de comprimento 7?","3 sequências pares e 2 ímpares","3 sequências pares e 5 ímpares","2 sequências pares e 6 ímpares","5 sequências pares e 3 ímpares","4 sequências pares e 4 ímpares","d"
"2529825d-fe31-4ef6-a52e-0989d44bbb9d","Matemática","V - Números Decimais","Colégio Militar de Manaus",2025,NA,"Mônica precisava realizar uma transferência via PIX para uma amiga e, como não possuía dinheiro em cédulas, decidiu utilizar as moedas que guardava em seu cofrinho. Ao abri-lo, contou 160 moedas, distribuídas da seguinte forma:

  ![](1763145397_Captura de tela 2025-11-14 153629.png){width=300px} 

Considerando essas informações, a quantia total de dinheiro que havia no cofrinho também poderia ser obtida por meio de:","320 moedas de R$ 0,25 centavos","134 moedas de R$ 0,50 centavos","50 moedas de R$ 1,00 e 100 moedas de R$ 0,25 centavos","672 moedas de R$ 0,05 centavos","67 moedas de R$ 1,00 real e 2 moedas de R$ 0,10 centavos","e"
"2ad687a2-ca38-4fd2-9e8e-8d78cdc6d9d2","Matemática","V - Números Decimais","Colégio Militar de Manaus",2025,NA,"Maysa foi à feira e comprou uma banana e uma laranja. O feirante pesou as frutas na balança conforme a figura:

  ![](1763145470_Captura de tela 2025-11-14 153744.png){width=300px} 

Considere que a banana equilibrou a balança com 150g, e a laranja equilibrou a balança com 250g. Sabendo que o preço do quilograma da banana é de R$ 8,00 e o preço do quilograma da laranja é de R$ 6,00, quanto Maysa pagou pelas duas frutas?","R$ 2,70","R$ 2,90","R$ 3,70","R$ 3,90","R$ 5,50","a"
"eb745946-b889-4f79-befa-a4e8ab555c7a","Matemática","V - Números Decimais","Colégio Militar de Manaus",2025,NA," Camila está reformando a cozinha e deseja cobrir $\frac34$ de uma parede que mede 6m de comprimento por 3m de altura com azulejos quadrados de 30cm de lado. Os azulejos são vendidos em caixas com 30 unidades, e cada caixa custa R$ 31,80. Desconsidere perdas e quebras.

  ![](1763145568_Captura de tela 2025-11-14 153919.png){width=300px} 

A quantia que Camila gastará para obter a quantidade exata de azulejos é:","R$ 149,00","R$ 154,50","R$ 171,00","R$ 163,80","R$ 159,00","e"
"683b94c7-2827-4092-a729-6b9c5151c831","Matemática","VII - Tratamento da Informação","Colégio Militar de Manaus",2025,NA,"A professora Mirela aplicou uma avaliação nas turmas 601, 602, 603 e 604 do 6º ano do Colégio Militar. A média geral dos 120 alunos que realizaram a mesma prova e já estavam matriculados foi de 7,265.

Uma semana após a aplicação da prova, entrou um novo aluno em cada turma, e as notas desses quatro estudantes (da mesma avaliação feita na escola anterior) foram lançadas no sistema:

  ![](1763145663_Captura de tela 2025-11-14 154047.png){width=300px} 

Considerando a entrada dos novos alunos, qual é a nova média geral das turmas?","7,400","7,200","6,923","6,845","6,725","b"
"dcba063f-8308-4645-b0ef-8ecca5632ccb","Matemática","VII - Tratamento da Informação","Colégio Militar de Manaus",2025,NA,"A tabela abaixo apresenta o resultado de uma pesquisa feita com alunos do 6º ano sobre a preferência entre as disciplinas de Matemática e Português. Considere, nesse caso, que cada aluno entrevistado teve apenas uma opção de preferência

  ![](1763145798_Captura de tela 2025-11-14 154309.png){width=300px} 

Considerando os dados apresentados na tabela, qual a probabilidade de escolher algum aluno que prefira a disciplina Matemática?","55%","45%","35%","65%","75%","a"
"b1586a97-0281-4884-bc9d-f821094f5d1a","Matemática","VII - Tratamento da Informação","Colégio Militar de Manaus",2025,NA,"O gráfico abaixo representa a quantidade de alunos do Colégio Militar de Manaus que participaram de diferentes modalidades esportivas nos Jogos Internos realizados nos anos de 2024 e 2025.

  ![](1763145884_Captura de tela 2025-11-14 154436.png){width=300px} 

Em relação à participação dos alunos do Colégio Militar de Manaus nos Jogos Internos, qual modalidade esportiva apresentou o maior aumento percentual de 2024 para 2025?
","Natação","Atletismo","Basquete","Futebol","Vôlei","e"
"dc5eb09e-a0fb-4ad3-a044-fd8fdb4bc93c","Matemática","VII - Tratamento da Informação","Colégio Militar de Manaus",2025,NA,"A professora Vitória realizará uma aula prática de 40 minutos com 60 alunos no Laboratório de Biologia. Há 17 microscópios funcionando. Cada microscópio só pode ser usado por um aluno por vez.

Todos os microscópios serão utilizados durante toda a aula, e será feito um rodízio para que cada aluno tenha exatamente o mesmo tempo de observação. Desconsidere qualquer tempo de troca. Quanto tempo cada aluno pôde usar o microscópio nessa aula?
","10 minutos e 48 segundos","11 minutos e 20 segundos","11 minutos e 12 segundos","11 minutos","12 minutos","b"
"7798bd85-7399-4aab-9112-23427f0fffec","Matemática","VI - Medidas Geométricas","Colégio Militar de Manaus",2025,NA,"Uma indústria possui um tanque de armazenamento em formato de paralelepípedo retangular, com medidas de 600cm de comprimento, 400cm de largura e 150cm de profundidade.

Antes de ser utilizado, o tanque foi enchido com $\frac35$ de sua capacidade total de água. Durante a manutenção, o técnico precisou esvaziar 3,75m³ de água do tanque. Após esse processo, qual foi o volume de água que permaneceu no tanque, em litros?","17.600 L","17.850 L","17.950 L","18.000 L","21.600 L","b"
"50db5f11-f769-4ee8-87ae-739f611322b9","Matemática","VI - Medidas Geométricas","Colégio Militar de Manaus",2025,NA,"Carlos está reformando as portas de sua rede de restaurantes. Ele contratou uma empresa para fazer tal serviço. Carlos pediu da empresa que fossem no estilo do oeste americano formada por duas abas conforme a figura abaixo e com a medida na horizontal de cada aba medindo 0,53 m cada lado e de maior altura ‘’h’’ possível. 

  ![](1763146104_Captura de tela 2025-11-14 154817.png){width=300px} 

A empresa para atender o pedido de Carlos, fabricou as portas e informou que a altura h deveria medir um valor menor que 1,50 m e maior que 0,70 m. Dessa forma a empresa apresentou para Carlos as portas em três tipos de materiais e nas devidas quantidades que seriam necessárias para realizar a obra.

TIPO 1: 10 chapas no tamanho de 53 x 675 cm
TIPO 2: 8 chapas no tamanho de 53 x 900 cm
TIPO 3: 4 chapas no tamanho de 53 x 1125 cm

Sabendo que a empresa atendeu as solicitações, que não houve sobra de material, que todas as portas seriam iguais e sua altura h seria representada por um número natural em centímetros, então, o número de portas entregues pela empresa foi de:","246","84","41","75","123","e"
"768b6a8f-84e2-4cf7-958c-eefd428500b4","Português","CMM - 2025/2026","Colégio Militar de Manaus",2025,NA,"TEXTO I: VIAGENS DE GULLIVER

Eu havia me formado médico havia pouco tempo. Meu consultório ainda tinha poucos pacientes e, na verdade, eu não estava gostando muito da minha rotina. Trabalhava pouco e o dinheiro que ganhava quase não dava para sustentar minha esposa Mary e meus filhos. Certo dia, um amigo, que era comandante de um navio, foi me visitar.

— Gostaria de lhe fazer um convite, Gulliver. Você quer trabalhar como médico de bordo do meu navio Antílope? — perguntou.

Eu estava acostumado a navegar desde a infância. Gostava de viagens marítimas, de enfrentar ondas grandes e ventos fortes. Quando entrei na Faculdade de Medicina, precisei abandonar essas viagens, pois tinha pilhas de livros para ler e muitas aulas às quais me dedicar. Quando o comandante do Antílope fez a proposta, meus olhos brilharam. Minha esposa pediu muito para que eu não embarcasse. Tinha ouvido muitas histórias de navios que se perdem e nunca voltam, lendas de monstros marinhos e furacões que sugam os marinheiros.

Mas minha ânsia por aventuras foi mais forte. Em 4 de maio de 1699 parti com o Antílope e a sua tripulação do porto de Bristol, na Inglaterra. As primeiras semanas de viagem foram tranquilas. Como o meu emprego não exigia que eu me dedicasse em tempo integral, afinal não há pessoas doentes a bordo todo dia, ofereci-me para trabalhar como marinheiro. Assim, ajudava a tripulação no que era necessário.

No dia em que o capitão nos avisou que em breve chegaríamos à Índia, uma tempestade horrível começou. Ondas gigantescas atingiam a proa e lavavam o convés, arrastando com elas tudo o que encontravam pela frente.

Tínhamos de controlar as velas, que podiam se rasgar com ventos fortíssimos. Quando a noite chegou, um estrondo se ouviu e todos nós percebemos que teríamos de pular na água. O navio havia batido contra um rochedo de repente, fazendo com que o casco praticamente se partisse ao meio. Gritei pelos meus companheiros, mas não ouvi resposta. Comecei a nadar. Era preciso vencer as ondas, que por vezes quebravam em cima de mim.

Quando a chuva se acalmou um pouco, comecei a sentir cãibras. Estiquei o corpo e me deitei de costas para boiar. Logo que recuperei as forças voltei a nadar. Foi então que senti algo sob meus pés, era uma coisa fofa e eu podia caminhar sobre ela.

— Terra! — gritei. — É areia, terra firme!

Andei com dificuldade até a praia e me deitei. Pensei em Mary, nas crianças, na minha casa... Senti muitas saudades de tudo e, exausto, acabei adormecendo.

(...)

Acordei com o sol nos olhos. Ainda me sentia muito cansado e tinha dores pelo corpo. Tentei movimentar o braço e não consegui. Depois procurei levantar, mas minha cabeça não saiu do chão. Eu estava completamente preso à areia da praia. Fiquei desesperado, não sabia o que estava acontecendo.

De repente, senti uma espécie de cócegas na perna, que foi subindo para a barriga e em seguida para o peito. “O que será isso? Deve ser um caranguejo ou talvez haja formigas nesta praia”, pensei com medo. Eu só conseguia enxergar o azul do céu, pois estava imobilizado. Em questão de segundos, as cócegas passaram para o pescoço e, finalmente, para o queixo. Abaixando os olhos, pude enfim ver o que estava sobre mim.

— Socorro!!!! — gritei desesperado.

A criatura que pisava no meu queixo era um ser humano em miniatura. Parecia um soldadinho de chumbo, só que de carne e osso. Meu grito fez com que ele caísse no chão. Logo senti vários homenzinhos subindo no meu corpo e indo me olhar do alto do meu nariz. Estávamos todos assustados. Um deles, que parecia ser o chefe, começou a fazer um discurso enorme em cima do meu queixo. Tinha cara de poucos amigos e parecia muito corajoso. Pisava firme e me olhava nos olhos sem sinal de medo. Eu não entendia nada da língua dele, mas achei melhor fingir que prestava atenção. Quando ele desceu e ordenou que soltassem meu cabelo, pude virar o rosto. Foi aí que percebi que eu estava preso por milhares de linhas, que atravessavam meu corpo de um lado a outro, e eram amarradas a minúsculas estacas fincadas no chão.

O resto do dia foi muito estranho. Pedi que me libertassem, mas eles não entenderam. O tal chefe foi muito atencioso e mandou que me dessem comida. Os homens pequeninos soltaram as amarras do meu braço direito e assim eu pude pegar as iguarias que haviam colocado sobre uma toalha estendida na areia. Ofereceram-me uns trinta ou quarenta frangos, que eram do tamanho de uma asa de passarinho. Para acompanhar, tomei copos de vinho do tamanho de um dedal de costura. Aquela comida bem-feita e saborosa me fez recuperar o cansaço, mas o vinho me deu muito sono. Adormeci, porém antes ouvi muitos deles dizerem insistentemente a palavra Lillipute. Mais tarde, vim a saber que esse era o nome do país onde eu estava.

No dia seguinte, percebi que aquelas criaturas ainda estavam com medo de mim. Nós não conseguíamos nos falar por causa das diferentes línguas, mas, através de gestos, consegui que eles compreendessem que eu não pretendia lhes fazer mal. Aos poucos foram me soltando, mas um verdadeiro exército em miniatura me cercava. Quando eu fazia qualquer gesto suspeito, atiravam flechas em mim. Elas machucavam como pequenas agulhas que entravam na minha pele.

Não reagi a nenhum ataque, apenas tirei as flechas do corpo e pedi para que parassem. Por fim, fui totalmente solto e pude ficar de pé. Um grito de pavor saiu da boca dos milhares de homenzinhos ao meu redor, por isso logo me sentei e eles se acalmaram.

Depois de um tempo, o chefe confabulou com várias pessoas e, por meio de gestos, o exército me fez entender que eu devia então levantar e andar até a capital do reino. Tomei muito cuidado para não pisar em nenhum deles. Chegando lá, fiquei encantado com o que vi. Era uma cidadezinha linda, com campos, plantações, casas, árvores, animais, flores, tudo minúsculo. As pessoas, curiosíssimas, abriam as janelas para me ver passar.

Fui levado a uma igreja abandonada, que tinha uma porta grande e que seria a minha casa. Para entrar nela, eu precisava me arrastar no chão; entretanto, o local era amplo o suficiente para que eu me deitasse se quisesse. Só não era possível ficar de pé lá dentro, pois eu bateria com a cabeça no teto.

No fim da tarde, o rei saiu de sua torre e foi me ver, montado em um minicavalo e acompanhado de uma pequena comitiva. Examinou-me da cabeça aos pés e ordenou que acorrentassem minha perna esquerda a um pilar da entrada da igreja. Tentei me comunicar com ele em inglês, espanhol, português, francês, italiano, mas foi impossível, ele não entendia nenhuma dessas línguas. Por fim foi embora e eu decidi entrar na minha
nova casa e dormir um pouco.

Glossário:
PROA – parte da frente de um navio.
CONVÉS – piso superior de um navio.
ESTACAS – troncos de madeira cravados em uma construção.
FINCADAS – cravadas.
DEDAL – escudo para o dedo, para protegê-lo de picadas de agulha durante a costura.
COMITIVA – grupo de pessoas que acompanha uma autoridade.
PILAR – coluna, suporte vertical.

**O narrador de Viagens de Gulliver apresenta vários argumentos que justificam o fato de ter aceitado o convite para a aventura a bordo do Antílope. Assinale a alternativa que contém um desses argumentos:**","“tinha pilhas de livros para ler”.","“Minha esposa pediu muito para que eu não embarcasse”.","“tinha [...] muitas aulas às quais me dedicar”.","“Eu estava acostumado a navegar desde a infância”. ","“não há pessoas doentes a bordo todo dia”.","d"
"429aaee3-5194-4cdc-b67c-a57cfb5a31b9","Português","CMM - 2025/2026","Colégio Militar de Manaus",2025,NA,"Analise o trecho: “Depois de um tempo, o chefe **confabulou** com várias pessoas”. Qual a única palavra que, ao substituir a que está em destaque, modifica o sentido original?
","…o chefe **conspirou** com várias pessoas.","…o chefe **insistiu** com várias pessoas. ","…o chefe **dialogou** com várias pessoas.","…o chefe **tramou** com várias pessoas.","…o chefe **maquinou** com várias pessoas.","b"
"fb197993-633a-4f0c-abe6-633a6e370bb6","Português","CMM - 2025/2026","Colégio Militar de Manaus",2025,NA,"No texto, é possível reconhecer diferentes aspectos da narrativa, como narrador, personagens, espaço, tempo e enredo. Considerando esses elementos, assinale a alternativa correta:","As ações se desenvolvem em três espaços: o navio Antílope, o mar aberto e o reino de Lilipute.","A narração ocorre em terceira pessoa, sendo conduzida pelo próprio Dr. Gulliver.","Os acontecimentos não seguem ordem cronológica, pois o relato começa depois da viagem.","Todos os personagens recebem nomes, o que facilita sua identificação.","O período da história não é claramente indicado, embora as ações ocorram por meio de flashbacks (volta ao passado)","a"
"3568f22e-d4f1-494e-9efd-5956d55f2590","Português","CMM - 2025/2026","Colégio Militar de Manaus",2025,NA,"Na frase “A criatura que pisava no meu queixo era um ser humano em miniatura. Parecia um soldadinho de chumbo, só que de carne e osso. Meu grito fez com que **ele** caísse no chão.”, a palavra destacada se refere:
","à criatura.","ao ser humano em miniatura. ","ao soldadinho de chumbo.","à expressão “carne e osso”.","à expressão “Meu grito”.","b"
"bfc072b1-3cb9-4d88-b63b-8dc62a80fdda","Português","CMM - 2025/2026","Colégio Militar de Manaus",2025,NA,"Alguns trechos da narrativa apresentam fatos, outros revelam a opinião do narrador. Assinale a alternativa em que há uma opinião:","“Ainda me sentia muito cansado e tinha dores pelo corpo.”","“Era uma cidadezinha linda, com campos, plantações, casas, árvores, animais, flores, tudo minúsculo.”","“A criatura que pisava no meu queixo era um ser humano em miniatura.”","“Não reagi a nenhum ataque, apenas tirei as flechas do corpo e pedi para que parassem.”","“Foi aí que percebi que eu estava preso por milhares de linhas, que atravessavam meu corpo de um lado a outro, e eram amarradas a minúsculas estacas fincadas no chão.”","b"
"69e649d9-7c3c-4be6-b14f-30ac51801a00","Português","CMM - 2025/2026","Colégio Militar de Manaus",2025,NA,"Em qual alternativa temos um exemplo de linguagem figurada?","“minha cabeça não saiu do chão”.","“eu estava preso por milhares de linhas”.","“Tomei muito cuidado para não pisar em nenhum deles”.","“Ondas gigantescas atingiam a proa e lavavam o convés”.","“Acordei com o sol nos olhos”. ","e"
"1c2f6b12-8ecd-48e1-bed8-7a8060c6b887","Português","CMM - 2025/2026","Colégio Militar de Manaus",2025,NA,"Assinale a única alternativa em que a palavra em destaque tem a função de apresentar uma característica, ou seja, configura-se como um adjetivo:","“eu devia então levantar e **andar** até a capital do reino”.","“Elas machucavam como pequenas **agulhas** que entravam na minha pele”.","“Eu só conseguia enxergar o **azul** do céu”.","“senti vários homenzinhos subindo no meu corpo e indo me olhar do **alto** do meu nariz”.","“Senti muitas saudades de tudo e, **exausto**, acabei adormecendo”. ","e"
"02b4d2b5-a86f-4702-8e80-42c76cf51914","Português","CMM - 2025/2026","Colégio Militar de Manaus",2025,NA,"No trecho: “De repente, senti uma espécie de cócegas na perna... ‘O que será **isso**?’ pensei com medo.”. A palavra “**isso**” foi usada para:","Apontar algo que o narrador, até aquele momento, não conseguia definir.","Mostrar que Gulliver estava falando com os pequeninos.","Indicar algo que o narrador já tinha certeza do que era. ","Revelar um objeto que Gulliver tinha visto na areia.","Referir-se ao medo que o narrador estava sentindo.","a"
"44695729-585d-4aaf-9bd9-dab582133a94","Português","CMM - 2025/2026","Colégio Militar de Manaus",2025,NA,"  ![](1763147344_Captura de tela 2025-11-14 160855.png){width=300px} 

Pode-se afirmar, a partir da tirinha, que o sentimento de euforia do personagem central só NÃO está representado:","Na ausência do celular no último quadrinho.","Na frase que se repete nas três últimas tirinhas.","Nas dimensões do personagem, que cresce à medida que os quadrinhos avançam.","No tamanho da fonte do texto por meio da qual é escrita a frase “Alguém curtiu a minha foto!”.","Na cor utilizada no plano de fundo dos quadrinhos, que, aos poucos, escurece.","a"
"b03244fd-fa6d-401a-8090-22383e796a34","Português","CMM - 2025/2026","Colégio Militar de Manaus",2025,NA,"O Texto II tem como FINALIDADE:","Narrar a respeito de indivíduos que são viciados em redes sociais.","Defender a concepção de que a solidão depende de quantos seguidores a pessoa obtém por meio das redes.","Provocar uma reflexão bem-humorada a respeito de como a percepção de si depende da aceitação do outro. ","Narrar a história de um dinossauro que se via pequeno e inferior, tal qual uma lagartixa.","Alertar os leitores sobre a influência nociva da internet na vida das pessoas.","c"
"ebdc2d91-facd-40b9-ba56-b023116c2123","Português","CMM - 2025/2026","Colégio Militar de Manaus",2025,NA,"A tirinha apresenta uma situação ligada ao uso das redes sociais. Assinale a alternativa que melhor expressa o TEMA abordado:","A irrelevância de ganhar muitas curtidas nas redes sociais.","A importância de ter muitos seguidores para fazer amigos.","A necessidade de curtidas nas redes sociais para se sentir importante.","Como usar as redes sociais de forma segura e sem exageros.","O passo a passo para criar um perfil popular e conseguir curtidas.","c"
"74434c5b-823c-4f8c-b0c1-5804c3435f28","Português","CMM - 2025/2026","Colégio Militar de Manaus",2025,NA,"Pode-se afirmar corretamente que o HUMOR do Texto II é construído com base:","Nos conhecimentos prévios do leitor a respeito da anatomia das lagartixas.","Na relação proporcional entre a conquista de autoestima do personagem e as suas dimensões físicas. ","Na pouca quantidade de amigos virtuais e curtidas obtidos pelo personagem.","No sentimento de insignificância que acompanha o personagem por todos os quadrinhos.","Na demonstração de arrogância e do excesso de autoconfiança do personagem.","b"
"23f55fb0-ccc5-4ad0-bf04-a5c057ed8a07","Português","CMM - 2025/2026","Colégio Militar de Manaus",2025,NA,"Assinale a alternativa que reescreve adequadamente a fala “Me sinto tão insignificante”, sem que se mude o sentido original:","Me sinto tão **irrelevante.**","Me sinto tão **descontraído**","Me sinto tão **imprestável.**","Me sinto tão **insalubre.**","Me sinto tão **essencial**","a"
"cb305291-07af-4783-add9-45283e5c4d35","Português","CMM - 2025/2026","Colégio Militar de Manaus",2025,NA,"No primeiro quadrinho, as reticências (“...”) depois de “Ninguém se importa comigo…” indicam que","o personagem está falando baixo.","a frase é uma pergunta.","há uma interrupção do pensamento. ","o personagem está se transformando em um dinossauro.","há uma surpresa forte, similar ao uso do ponto de exclamação.","c"
"d5d57830-0732-4cff-b1ab-117b10c0f51c","Português","CMM - 2025/2026","Colégio Militar de Manaus",2025,NA,"Em “Alguém **curtiu** a minha foto!”, o verbo em destaque expressa:","Uma hipótese expressa por meio de uma ação não concluída.","Um fato presente que ocorre regularmente.","Um futuro próximo de ocorrer.","Um fato certo que expressa uma ação concluída. ","Uma sugestão expressa por meio de uma ação concluída.","d"
"0de9ea73-c7be-4e84-8e4b-4115d18ab316","Português","CMM - 2025/2026","Colégio Militar de Manaus",2025,NA,"TEXTO III

Quando sofro,
sou grande e sinto uma dor enorme.
Quando percebo a dor no mundo,
sou pequeno e quase não existo.

Quando estou apaixonado,
sou gigante e sinto uma força incrível.
Quando vejo o amor no mundo,
sou ínfimo, quase mosquito.

Quando estou triste,
sou grande e sinto que o mundo vai desabar.
Quando olho para a tristeza no mundo,
sou pequeno e sinto tudo largo à minha volta.

Quando estou alegre,
sou enorme e sinto meu corpo abraçar todo o mundo.
Quando percebo a alegria do mundo,
sou anão e meu sopro é vão.

Quando estou aqui e agora,
cresço e vejo muito amplo.
Quando olho para tudo o que já passou e para o porvir,
quase sumo, sou um grão de areia a rolar no deserto.

Grande sou, pequeno sou.
O mundo está em mim, eu estou no mundo.
Gigante e anão a viver nos mistérios da alma.

Glossário:
ÍNFIMO – que é muito pequeno.
VÃO – inútil, à toa.
PORVIR – futuro.

**Ao afirmar que é “ínfimo, quase mosquito”, pode-se depreender, pelo contexto, que o eu-lírico:**","Percebe que o amor que sente individualmente é pequeno diante do sentimento de amor coletivo. ","Chega à conclusão de que seus sentimentos são desprezíveis.","Percebe que seus sentimentos são o elemento central.
","Chega à conclusão de que seu amor é uma experiência única e insubstituível.","Compara-se a um inseto porque quer associar-se às imagens de incômodo e perturbação.","a"
"e60d2fda-e0e8-43bb-be34-0f8d462828ae","Português","CMM - 2025/2026","Colégio Militar de Manaus",2025,NA,"O poema transmite uma mensagem que não está escrita literalmente. Considerando as imagens de “ser grande” e “ser pequeno”, assinale a alternativa que melhor expressa essa mensagem implícita:","O eu-lírico nunca muda, pois está sempre igual em qualquer situação.","Sentir amor torna qualquer pessoa maior do que o mundo.","O que sentimos depende se olhamos para nós ou para o mundo. ","A tristeza faz o mundo desabar.","O eu-lírico muda de tamanho fisicamente, a depender do seu sentimento.","c"
"1c4430e9-6daf-4444-bf5f-33b32dc530d7","Português","CMM - 2025/2026","Colégio Militar de Manaus",2025,NA,"No verso “O mundo está em mim, eu estou no mundo”, a vírgula foi usada para:","Sinalizar que a segunda frase é a causa da primeira.","Introduzir uma explicação para a ideia dita antes.","Marcar uma comparação entre as duas partes do verso.","Separar duas frases que expressam ideias diferentes.","Dividir dois itens como se fosse uma lista.","d"
"22c8dd3e-cfd4-4279-ace3-cfec4d52facb","Português","CMM - 2025/2026","Colégio Militar de Manaus",2025,NA,"Observe as palavras sublinhadas nos trechos abaixo, retirados do poema lido. Assinale a alternativa em que a palavra destacada é classificada como primitiva:","“Quando estou **apaixonado**”.","“sou gigante e sinto uma força **incrível**”","“Quando percebo a **alegria** do mundo”","“sou ínfimo, quase **mosquito**”","“Quando estou **triste**”","e"
"07a3bad4-b1ca-4a7c-a960-beff102b1993","Português","CMM - 2025/2026","Colégio Militar de Manaus",2025,NA,"Assinale a alternativa que contenha uma palavra oxítona:","Sumo.","Grão.","Dor.","Porvir. ","Areia. ","d"
"4802f915-d3d2-49df-9d57-6a965aeac57d","Matemática","VII - Tratamento da Informação","Colégio Militar de Belo Horizonte",2025,NA,"Em 2024, o Colégio Militar de Belo Horizonte (CMBH) alcançou o melhor resultado no Exame Nacional do Ensino Médio (ENEM) de toda a sua história. Conquistou o 5º lugar entre mais de 20 mil escolas públicas e a 59ª colocação no ranking geral. Além disso, foi a escola pública mais bem colocada de Belo Horizonte e a segunda melhor de Minas Gerais.

O gráfico a seguir apresenta a evolução das médias das notas do CMBH no ENEM ao longo dos últimos anos.

  ![](1763403097_Captura de tela 2025-11-17 151119.png){width=300px} 

Com base nos dados apresentados no gráfico acima, marque a alternativa correta:","A diferença entre a maior e a menor média é de mais de 100,0 pontos.","As médias dos anos de 2013 e 2021 foram iguais.","No ano de 2019 a média foi maior que 692,6 pontos.","Do ano de 2023 para 2024 a média subiu 31,3 pontos.","Do ano de 2015 para 2016 a média subiu 16,0 pontos.","d"
"7b89d2a3-0297-4954-9115-eeabba5164c3","Matemática","VI - Medidas Geométricas","Colégio Militar de Belo Horizonte",2025,NA,"José utiliza caixas de papelão para montar cenários do jogo ""Minecraft"". Ele utilizou duas caixas, em formato de paralelepípedos, para montar o cenário ilustrado na figura abaixo.

  ![](1763403311_Captura de tela 2025-11-17 151502.png){width=300px} 

A base da figura (o paralelepípedo maior) possui as dimensões de 24 cm x 2 dm x 900 mm, e o topo (o paralelepípedo menor) tem 1/3 do volume da base. Qual é a medida correspondente, em litros, do volume total do cenário criado por José?","38,4 litros","43,2 litros","50,4 litros","57,6 litros","72,0 litros","d"
"13d78d0d-a98c-4706-b99a-2196045a5a19","Matemática","VI - Medidas Geométricas","Colégio Militar de Belo Horizonte",2025,NA,"Em uma quadra de beach tennis, a rede tem 8,20 metros de comprimento por 1,0 metro de altura. Essa rede é formada por quadradinhos (malhas),e cada lado desses quadradinhos mede 5 centímetros. Desconsiderando a espessura dos fios que formam a rede, quantos quadradinhos compõem toda a área da rede?","328 quadradinhos.","820 quadradinhos.","1640 quadradinhos.","3 280 quadradinhos.","8 200 quadradinhos.","d"
"59c3fb2b-a2bb-4b71-9464-92f7c3b436ae","Matemática","IV - Frações","Colégio Militar de Belo Horizonte",2025,NA,"Em corrida, ""pace"" refere-se ao ritmo médio que um corredor mantém ao percorrer uma determinada distância, geralmente expresso em minutos por quilômetro (min/km). João vai participar de uma maratona e precisa melhorar o seu pace e, para tanto, ele está treinando em uma praça retangular que possui 5 quilômetros de perímetro. Em um de seus treinos diários, ao iniciá-lo, o relógio de João marcava o horário de 6h15min (manhã) e, ao terminá-lo, marcava o horário de 8h30min (manhã). Qual foi o pace de João nesse treino, sabendo que ele deu 3 voltas ao redor da praça?","6 min/km","7 min/km","9 min/km","10 min/km","12 min/km","c"
"c2396b02-cdf9-4e9c-a4ce-5eb66f1b8138","Matemática","VI - Medidas Geométricas","Colégio Militar de Belo Horizonte",2025,NA,"Durante uma aula de matemática, a professora mostrou o **dodecaedro regular**, um sólido geométrico com todas as faces pentagonais. Ela propôs o seguinte desafio aos alunos:

""Usando seus conhecimentos sobre poliedros, descubra **quantos vértices e arestas** esse sólido possui.""

Com base nisso, assinale a alternativa correta:
","O dodecaedro possui 30 arestas e 20 vértices.","O dodecaedro possui 20 arestas e 30 vértices.","O dodecaedro possui 12 arestas e 12 vértices.","O dodecaedro possui 16 vértices e 20 arestas.","O dodecaedro possui 18 vértices e 24 arestas.","a"
"fa76136f-1dbe-4219-8d3a-7c541c4b355c","Matemática","VI - Medidas Geométricas","Colégio Militar de Belo Horizonte",2025,NA,"Carlos está reformando sua casa, de formato retangular, e decidiu instalar rodapés ao longo de todas as paredes externas da residência. Para isso, ele utilizou a planta baixa da casa (representada na imagem abaixo) a fim de calcular a quantidade necessária de material. Após fazer os cálculos, um pedreiro recomendou que Carlos comprasse a quantidade referente ao perímetro total de sua casa, além de uma margem extra de 5% dessa quantidade, para cobrir possíveis perdas nos cortes.

  ![](1763403803_Captura de tela 2025-11-17 152315.png){width=300px} 

Sabendo que o metro linear do rodapé custa R$9,80, quanto Carlos irá gastar, no total, para a compra desse material, seguindo a recomendação de seu pedreiro?","R$ 250,80","R$ 274,45","R$ 329,28","R$ 335,65","R$ 354,26","c"
"6b2fac2e-5614-4d48-9869-3a84e30fc64e","Matemática","VI - Medidas Geométricas","Colégio Militar de Belo Horizonte",2025,NA,"Durante um exercício militar, profissionais da área da saúde precisam montar um acampamento para oferecer diversos serviços à população, como atendimento médico, odontológico e pediátrico. Esses atendimentos são realizados em barracas com formato de sólidos geométricos, conforme representado na figura abaixo.

  ![](1763403869_Captura de tela 2025-11-17 152423.png){width=300px} 

Qual é o nome do sólido geométrico que melhor representa o formato da barraca?","Prisma pentagonal.","Prisma quadrangular.","Pirâmide quadrangular.","Tetraedro.","Pirâmide pentagonal.","a"
"2d8c2cb3-6e75-42e1-9076-2bf71aa93826","Matemática","VI - Medidas Geométricas","Colégio Militar de Belo Horizonte",2025,NA,"O professor de Pietro apresentou, em uma aula de Geometria, um jogo chamado ""Tangram"", que é um quebracabeça geométrico chinês composto por sete peças (dois triângulos grandes, um médio e dois pequenos, um quadrado e um paralelogramo) que se combinam para formar figuras. Pietro ficou fascinado com o desafio e utilizou as peças para formar a inicial do seu nome, como mostra a figura abaixo. Considere o lado do quadrado da malha quadriculada da figura medindo 1 cm e que nenhuma peça foi sobreposta.

  ![](1763403943_Captura de tela 2025-11-17 152536.png){width=300px} 

Qual é a área da letra construída por Pietro?","7,0 cm²","7,5 cm²","8,0 cm²","8,5 cm²","9,0 cm²","c"
"64d77785-379f-47c8-90a3-8c04bdcdc1de","Matemática","VI - Medidas Geométricas","Colégio Militar de Belo Horizonte",2025,NA,"Um caminhão está parcialmente carregado com caixas de papelão empilhadas. As figuras abaixo mostram duas perspectivas dessa carga: uma vista lateral e uma vista superior em perspectiva. Cada pilha de caixas tem uma altura específica, visível na vista lateral.

  ![](1763404060_Captura de tela 2025-11-17 152733.png){width=300px} 

Com base nessas imagens e sabendo que o caminhão totalmente carregado comporta 72 caixas, qual é, aproximadamente, a porcentagem da carga parcial demonstrada na figura, em relação à carga total?","18,0%","40,2%","55,6%","72,5%","86,0%","c"
"0b729850-fc32-4052-9075-a504c6989be9","Matemática","IV - Frações","Colégio Militar de Belo Horizonte",2025,NA,"Seis alunos do CMBH -Amorim, Baccarinni, Carvalho, Diniz, Elisa e Falcão - deveriam dividir igualmente um pote de balas. Amorim chegou ao colégio antes dos demais, pegou $\frac16$ das balas e saiu. Depois, Baccarinni  chegou ao colégio e, achando que era a primeira, também pegou $\frac16$ do que restava. Os outros quatro dividiram o restante em partes iguais. Qual fração do total inicial cada um dos quatro últimos recebeu?","$\frac16$","$\frac19$","$\frac{11}6$","$\frac{25}{36}$","$\frac{25}{144}$","e"
"f1cb787d-02b5-4ca9-98e9-31d086fbb923","Matemática","V - Números Decimais","Colégio Militar de Belo Horizonte",2025,NA,"Resolva a expressão numérica:

![](1763404260_Captura de tela 2025-11-17 153052.png){width=300px} 

O número encontrado foi:","$\frac{301}{40}$","$\frac{291}{40}$","$\frac{21}{20}$","$\frac{15}{10}$","$\frac{7}{10}$","a"
"4de7bc4b-042f-48d6-acfc-f072bb5bb093","Matemática","II - As 4 Operações","Colégio Militar de Belo Horizonte",2025,NA,"Para economizar energia, o CMBH adotou a prática de manter apagadas algumas lâmpadas durante a noite, mantendo acesas as demais, de acordo com cada dia da semana, conforme a tabela abaixo.

  ![](1763404475_Captura de tela 2025-11-17 153427.png){width=300px} 

Sabendo que cada lâmpada fica apagada exatamente 3 noites por semana, quantas lâmpadas existem CMBH?","72","90","100","120","180","b"
"74ae2bb5-1a65-403f-bba9-bb55b793660b","Matemática","I - Sistema de Numeração","Colégio Militar de Belo Horizonte",2025,NA,"Em um tabuleiro 4x4, devem ser escritos os números de 1 a 16, em algarismos romanos, de forma que a soma dos números presentes em cada linha, cada coluna e cada diagonal seja sempre a mesma. O tabuleiro abaixo já está parcialmente preenchido.

  ![](1763404543_Captura de tela 2025-11-17 153536.png){width=300px} 

Os números que devem estar nos locais onde estão as letras a e b, são, respectivamente:","I e X","II e XI","III e XII","IV e ХIII","V e XIV","d"
"bdceef69-dd0f-4465-8efc-272932e0d8c0","Matemática","I - Sistema de Numeração","Colégio Militar de Belo Horizonte",2025,NA,"Um número C, de quatro algarismos, domina outro número M, também de quatro algarismos, se cada algarismo de C for maior do que o algarismo da mesma ordem de M. Quantos números de quatro algarismos dominam o número 7581? ","16","32","64","91","270","c"
"a50b696a-3771-4458-9475-e1e22a5b7e8f","Matemática","V - Números Decimais","Colégio Militar de Belo Horizonte",2025,NA,"No CMBH, o número de alunos que não praticam esporte no turno da tarde corresponde a 40% do número de alunos que praticam algum esporte à tarde. A porcentagem de alunos que praticam esporte à tarde em relação ao total de alunos do CMBH, está entre:","40% e 50%","50% e 60%","60% e 70%","70% e 80%","80% e 90%","d"
"3862c96c-737b-4320-8787-a7b2940a6c84","Matemática","III - Múltiplos e Divisores","Colégio Militar de Belo Horizonte",2025,NA,"Considere os números 42 e 56. Se calcularmos o mínimo múltiplo comum e o máximo divisor comum desses dois números, a soma deles é:","56","182","228","456","546","b"
"dca901b0-3587-44d2-adbe-834c85582946","Matemática","V - Números Decimais","Colégio Militar de Belo Horizonte",2025,NA,"Numa feira, João vende bananas a R$ 9,95 por quilo e abacaxis a R$ 9,72 por quilo. Um dia ele confundiu as etiquetas e vendeu 82 kg de bananas e 63 kg de abacaxi pelos preços trocados. Quanto ele deixou de receber por causa da confusão?","R$ 4,37","R$ 7,41","R$ 11,02","R$ 14,49","R$ 18,86","a"
"8fabf311-505d-4677-a299-ddff3bbfc749","Matemática","IV - Frações","Colégio Militar de Belo Horizonte",2025,NA,"Para encher a piscina do CMBH existem duas torneiras. Estando a piscina inicialmente vazia, uma das torneiras, sozinha, demoraria 232 horas para encher a piscina e a outra torneira, também sozinha, demoraria 184 horas. Se as duas forem abertas juntas, nas mesmas condições de antes, elas encheriam a piscina em, aproximadamente:","23 horas","29 horas","52 horas","78 horas","103 horas","e"
"75d05c01-4240-45e7-bf4a-902aff68a7d3","Português","CMBH - 2025/2026","Colégio Militar de Belo Horizonte",2025,NA,"  ![](1763405153_Captura de tela 2025-11-17 154531.png){width=300px} 
  ![](1763405192_Captura de tela 2025-11-17 154624.png){width=300px} 
  ![](1763405223_Captura de tela 2025-11-17 154655.png){width=300px} 
  ![](1763405255_Captura de tela 2025-11-17 154725.png){width=300px} 
  ![](1763405290_Captura de tela 2025-11-17 154802.png){width=300px} 

**A narradora descreve seu sonho com grande riqueza de detalhes e, ao acordar, continua a pensar nele durante todo o dia. Analisando o texto completo, qual das alternativas abaixo melhor explica o principal sentimento da narradora em relação à casa que ela viu no sonho?**","Ela sente uma curiosidade passageira sobre Portugal e planeja fazer uma viagem de turismo para encontrar a casa, tratando o sonho como uma inspiração.","Ela sente medo de que a casa do sonho, por ser antiga e com um gato talvez empalhado, possa trazer azar, e por isso decide esquecer a ideia de comprá-la.","Ela sente indiferença pela casa, pois o que mais lhe interessou no sonho foi a conversa que não conseguiu entender e a música de fundo que ouvia.","Ela sente uma profunda melancolia e um desejo intenso de encontrar e possuir aquela casa específica, acreditando que ela existe de verdade em algum lugar.","Ela sente raiva por não ter dinheiro suficiente para comprar a casa, já que, mesmo no sonho, percebeu que o preço era muito alto para ela.","d"
"ad033fc0-b149-479d-8dec-904b6d567a25","Português","CMBH - 2025/2026","Colégio Militar de Belo Horizonte",2025,NA,"No Texto I, os elementos que compõem um texto narrativo são organizados de uma maneira especial. Qual alternativa descreve corretamente a relação entre o foco narrativo, o espaço e o tempo no texto?","A história é contada por um narrador-observador que não participa dos fatos. O tempo é cronológico, começando com o sonho e terminando com a compra da casa em Portugal.","A história se passa inteiramente no Brasil, onde a narradora, em primeira pessoa, inventa um sonho sobre Portugal para expressar sua vontade de viajar, sendo o país europeu um espaço totalmente fictício.","O enredo se desenvolve em dois espaços e tempos distintos: o espaço imaginário de Portugal durante o tempo do sonho, e o espaço real da narradora após acordar, no tempo presente da escrita. O foco narrativo é em primeira pessoa, unindo essas duas situações por meio de seus sentimentos.","O espaço da narrativa é exclusivamente a casa dos idosos em Portugal, e o tempo se resume a alguns minutos de conversa. A narradora é apenas uma personagem secundária que ouve a história contada pelos velhos.","O foco narrativo muda ao longo do texto, começando em primeira pessoa (a narradora sonhando) e
depois mudando para a terceira pessoa quando descreve os idosos e o gato, que são os verdadeiros personagens principais.","c"
"bf6cd51f-99ea-4461-a1aa-3179a736d9e5","Português","CMBH - 2025/2026","Colégio Militar de Belo Horizonte",2025,NA,"Com base no Texto I e nas suas principais características, assinale a alternativa que identifica corretamente o gênero textual ao qual ele pertence e os elementos que o justificam.","Conto, por se tratar de uma narrativa curta, fictícia e com um clímax bem definido, na qual a personagem principal tem um sonho revelador que altera sua vida.
","Crônica, já que o texto aborda um fato do cotidiano, com uma abordagem pessoal e subjetiva, apresentando reflexões próprias da autora e um tom de conversa com o leitor.","Fábula, uma vez que a narrativa utiliza personagens fantásticos e apresenta um ensinamento moral no final, alertando o leitor sobre a tolice de sonhar demais.","Lenda, pois a história é um relato de um evento misterioso e fantástico, passado de geração em geração, que busca explicar a origem de um lugar ou fenômeno.","Blog, pois a autora expõe sua visão sobre a importância de sonhar com lugares distantes e apresenta argumentos para convencer o leitor de sua tese.","b"
"ce78e42d-53e3-4bb8-97e4-a09a9eee2214","Português","CMBH - 2025/2026","Colégio Militar de Belo Horizonte",2025,NA,"O trecho a seguir foi retirado do Texto I. Leia-o para responder à questão de número 24.

""O gato não miava nem se movia; nem sequer ronronava, agora recordo bem. Quem sabe se estava morto ou **empalhado?** E, meu Deus, será azar sonhar com gato **empalhado?** O que vale é que embora empalhado ou morto, era branco e não preto."" (linhas 49 a 52)

Considerando o parágrafo em que se insere, assinale a alternativa que apresenta o sentido mais adequado para a palavra **""empalhado"".**","Assustado e sem conseguir se mexer.","Enrolado ou preso em um pedaço de palha.","Preenchido com palha para conservar a sua forma.","Enrijecido, como se estivesse com muito frio ou medo.","Dormindo e imóvel, como se estivesse em um sono muito pesado.","c"
"6025d9af-1ced-453a-aaad-98d42e2a3cc4","Português","CMBH - 2025/2026","Colégio Militar de Belo Horizonte",2025,NA,"Releia o trecho, retirado do Texto I, em que a narradora reflete sobre sua própria personalidade antes de ser dominada pelo desejo de ter a casa do sonho:

""Sempre me satisfiz com o meu pedaço de pão e jamais cobicei a galinha gorda dos outros."" (linhas 41 e 42)

O trecho é usado pela narradora para descrever uma característica dela. Considerando o contexto, sobre maneira como a narradora costumava ver a vida, esse fragmento revela que ela
","nunca teve interesse em criar animais ou viver no campo, preferindo uma vida mais simples e com menos trabalho.","sempre foi uma pessoa que se alimentou de forma modesta e não sentia inveja de banquetes ou comidas luxuosas que os outros tinham.","se contentava com o que possuía, por mais simples que fosse, e não desejava os bens, a riqueza ou a sorte das outras pessoas.","respeitava os pertences das pessoas mais velhas, afirmando que nunca teve a intenção de tomar para si a casa ou os móveis das senhoras do sonho.","sempre preferiu não se envolver nos problemas ou nas responsabilidades de outras pessoas, focando apenas em cuidar da sua própria vida.","c"
"e0a8dddf-21ae-4d41-9edd-e361a6b8698d","Português","CMBH - 2025/2026","Colégio Militar de Belo Horizonte",2025,NA,"Releia o trecho a seguir, retirado do Texto I, para responder à questão de número 26.

""E o fato é que não consigo tirar da cabeça, nem a casa velha, nem as senhoras idosas, nem o gato branco e a cadeira."" (linhas 39 e 40)

Assinale a alternativa em que a vírgula está empregada pelo mesmo motivo que as vírgulas do trecho transcrito:","""E aos poucos se avistava uma cidade ou aldeia com casas antigas, abarracadas, subindo um morro; [...]"". (linha 6)","""E a verdade é que eu queria satisfazer este sonho, descobrir aquela casa, aquele rio, aquelas velhas."" (linhas 29 e 30)","""Já falei que o conto à toa fazendo um papel que nunca fiz, imagine contar sonho, tanta tolice sem sentido."" (linhas 37 e 38)","[...] branco, sendo o contrário do preto, naturalmente dá sorte, vivo ou morto, que isso da vida e da morte não faz grande diferença em matéria de azar. (linhas 53 e 54)","Quem não tiver paciência de ler, o que é justo, mude a vista; há muita coisa no jornal, tanta colaboração de primeira; [...]. (linhas 57 e 58)","b"
"7ca902bf-1d3f-466d-869a-50a3457b4c0c","Português","CMBH - 2025/2026","Colégio Militar de Belo Horizonte",2025,NA,"Analise o trecho a seguir retirado do Texto I:

""Era uma das coisas mais agradáveis dali aquele jasmim-estrela miúdo e de cheiro, **cuja** massa verde amontava contra a parede do oitão, desprendendo galhos finos janela adentro."" (linhas 48 e 49)

Considerando o contexto, é correto afirmar que a palavra **""cuja""** estabelece uma relação de posse entre
","jasmim-estrela e massa verde.","coisas e massa verde.","jasmim-estrela e amontava.","jasmim-estrela e cheiro.","massa verde e cheiro.","a"
"98787acf-8839-4738-879d-94dd0b0146ee","Português","CMBH - 2025/2026","Colégio Militar de Belo Horizonte",2025,NA,"Em qual das alternativas a seguir todas as palavras, retiradas do Texto I, têm a sílaba tônica identificada corretamente e estão classificadas conforme sua tonicidade?","Na palavra ""inofensivo"", a sílaba tônica é ""fen"" e o vocábulo é uma proparoxítona; na palavra ""tábuas"", a sílaba tônica é ""tá"" e o vocábulo é uma paroxítona.","Na palavra ""confundir"", a sílaba tônica é ""fun"" e o vocábulo é uma paroxítona; na palavra ""coisas"", a sílaba tônica é ""co"" e o vocábulo é uma paroxítona.","Na palavra ""jasmim"", a sílaba tônica é ""mim"" e o vocábulo é uma oxítona; na palavra ""mãos"", a sílaba tônica é ""mã"" e o vocábulo é uma paroxítona.","Na palavra ""subconsciente"", a sílaba tônica é ""en"" e o vocábulo é uma paroxítona; na palavra ""Portugal"", a sílaba tônica é ""gal"" e o vocábulo é uma oxítona.","Na palavra ""entender"", a sílaba tônica é ""ten"" e o vocábulo é uma paroxítona; na palavra ""história"", a sílaba tônica é ""tó"" e o vocábulo é uma proparoxítona.","d"
"a4f170d1-b4e8-4e11-bbbd-1302cba8555b","Português","CMBH - 2025/2026","Colégio Militar de Belo Horizonte",2025,NA,"Considerando os trechos a seguir, retirados do Texto I, assinale a alternativa que apresenta a correta identificação do tempo verbal e do modo verbal da forma destacada.","""Com a intensidade maior da minha vida, embora eu não tivesse coragem de o dizer às velhas, **assaltara**-me a cobiça de ser dona da casa delas [...]"". (linhas 21 e 22) (pretérito perfeito do indicativo)
","""Porque parece que era coisa importante, coisa essencial que eu **ouvisse** e entendesse."" (linha 32) (pretérito imperfeito do subjuntivo)","""Também ninguém **pense** que estou inventando um apólogo [...]"" (linha 36) (presente do indicativo)","""Mas me deixou melancólica e cheia de saudades, incapaz de escrever coisas sensatas, como **seria** da minha obrigação."" (linhas 38 e 39) (pretérito imperfeito do indicativo)","""Pois tanto a casa como a sala **hão** de existir em algum lugar [...]"". (linha 43) (futuro do pretérito do indicativo)","b"
"61b9a6be-1d3a-47be-b29d-a3df70d15666","Português","CMBH - 2025/2026","Colégio Militar de Belo Horizonte",2025,NA,"  ![](1763406856_Captura de tela 2025-11-17 161409.png){width=300px} 

O efeito de humor da tirinha não é construído por uma piada direta. Assinale a alternativa que melhor descreve a criação do humor na tirinha.","A graça está na cara de espanto do sapo e no tamanho exagerado do pé do adulto, que são os desenhos mais engraçados da tira.","O humor está na resposta surpreendente do adulto, que pega o sonho simples do menino e o transforma em uma ideia confusa e divertida, deixando o menino pensativo no final.","O engraçado é que o adulto não gostou do sonho do menino e, por isso, deu uma resposta boba só para ele parar de falar no assunto.
","A piada está apenas naquilo que o menino fala no primeiro quadrinho, porque a ideia de uma pessoa sonhar que é um tatu já é muito engraçada por si só.","O humor acontece por causa do susto que o menino leva no último quadrinho, pois ele fica com muito medo da ideia de ser um tatu de verdade.","b"
"eb0a78db-3e49-4496-825e-8cac15662c44","Português","CMBH - 2025/2026","Colégio Militar de Belo Horizonte",2025,NA,"**Das Utopias**

Se as coisas são inatingíveis... ora!
Não é motivo para não querê-las...
Que tristes os caminhos, se não fora
A presença distante das estrelas!

No poema ""Das Utopias"", o eu lírico usa a imagem das ""estrelas"" para falar sobre coisas ""inatingíveis"". De acordo com a lógica do poema, qual é a principal função ou o principal valor dessas ""estrelas distantes""?","Iluminar os caminhos, durante a noite, para que os viajantes não se percam na escuridão, mostrando a importância da luz para a segurança.","Provar que, com esforço e persistência, qualquer objetivo, por mais distante que pareça, pode um dia ser alcançado, transformando o sonho em realidade.","Servir como guias e fontes de inspiração que dão sentido e beleza à jornada da vida (""os caminhos""), ainda que nunca sejam plenamente alcançadas.","Causar tristeza e frustração nas pessoas, pois sua presença distante serve como uma lembrança constante de tudo aquilo que elas desejam, mas que jamais conseguirão ter.
","Apenas enfeitar o céu e tornar a jornada mais agradável visualmente, fazendo com que os caminhos da vida pareçam menos monótonos e cansativos.","c"
"61a69831-8122-489e-8db2-232dc1f7adda","Português","CMBH - 2025/2026","Colégio Militar de Belo Horizonte",2025,NA,"Leia as afirmativas a seguir sobre a pontuação do Texto III. Na sequência, julgue as afirmativas como verdadeiras (V) ou falsas (F).

( ) O uso das reticências no primeiro verso indica uma pausa para meditação e traz uma ideia de continuidade, reforçando o tom reflexivo.
( ) O ponto de exclamação no primeiro verso mostra surpresa ou indignação diante da constatação anterior.
( ) O ponto de exclamação no último verso indica que a frase tem um sentido exclamativo, mas está incorreto, pois o ponto deveria ser uma interrogação.
( ) O uso das reticências e dos pontos de exclamação ajudam a marcar o tom emotivo e reflexivo do poema.
( ) A vírgula no terceiro verso é usada para separar o sujeito do verbo, uma regra gramatical essencial.

Assinale a alternativa correta:
","V, V, F, V, F.","F, V, F, V, V.","V, F, V, V, F.","V, V, V, V, F.","F, V, V, F, F.","a"
"7b656575-78af-48de-b46b-02452ebae3a9","Português","CMBH - 2025/2026","Colégio Militar de Belo Horizonte",2025,NA,"Releia o seguinte verso transcrito do Texto III:

""Se as coisas são **inatingíveis**... ora!""

Observe a formação da palavra destacada **""inatingíveis""**. Qual das alternativas a seguir descreve corretamente o efeito de sentido causado pela formação dessa palavra, considerando a flexão e a derivação?","Na palavra **""inatingíveis"",** houve flexão verbal, pois ela indica uma ação que não pode ser realizada,
relacionando-se ao verbo ""atingir"".","A derivação com o prefixo **""in-""** indica um sentido de movimento ou entrada, sugerindo que as coisas se movem para unum interior.","A flexão de grau transforma o adjetivo em superlativo, pois intensifica a noção de que é impossível atingir algo.","O sufixo **""-íveis""** transforma a palavra em um substantivo que expressa a ação de não atingir,
completando o sentido do prefixo.","O prefixo **""in-""** adiciona sentido de negação, e a flexão para o plural (-is) indica que houve concordância com o substantivo.","e"
"ca146eed-f04d-4637-a49f-882282235e8c","Português","CMBH - 2025/2026","Colégio Militar de Belo Horizonte",2025,NA,"  ![](1763407178_Captura de tela 2025-11-17 161930.png){width=300px} 
  ![](1763407204_Captura de tela 2025-11-17 161956.png){width=300px} 
  ![](1763407245_Captura de tela 2025-11-17 162038.png){width=300px} 
  ![](1763407269_Captura de tela 2025-11-17 162101.png){width=300px} 
  ![](1763407307_Captura de tela 2025-11-17 162139.png){width=300px} 
  ![](1763407329_Captura de tela 2025-11-17 162202.png){width=300px} 
  ![](1763407368_Captura de tela 2025-11-17 162241.png){width=300px} 

Releia o trecho do Texto IV transcrito a seguir para responder à questão de número 34:

""Ela é **como** a matemática Que não deixa nada de graça"" (linhas 62 e 63)

Em qual alternativa a seguir, a palavra destacada **""como""** é empregada no mesmo sentido desse trecho?
","""Esse ensinamento / Funciona **como** se fosse uma bússola"" (linhas 55 e 56).","""A esse mundo dominar / E **como** haveria de ser?"" (linhas 50 e 51).","""Eu queria era um nintendo / **Como** gratificação"" (linhas 121 e 122).","**Como** você já sabe, a reunião da próxima segunda-feira foi cancelada.","Eu sei que você irá à minha festa. E **como** isso vai ser bom!","a"
"4a741e80-a402-46e9-9224-9f991d9c1767","Português","CMBH - 2025/2026","Colégio Militar de Belo Horizonte",2025,NA,"Considerando o Texto IV, qual alternativa a seguir apresenta um fato relacionado ao personagem Jerônimo?","""É um papo muito esquisito"" (linha 94)","""Não gostava de escola"" (linha 5)","""Sou um cabra ajuizado"" (linha 131)","""Vida de estudante é difícil."" (linha 104)","""Que história de garoto malcriado"" (linha 11)","b"
"e5415a2a-5598-4715-93ab-52cadc3d3f8f","Português","CMBH - 2025/2026","Colégio Militar de Belo Horizonte",2025,NA,"Considerando o Texto IV, enquanto Jerônimo ouve as explicações da professora, ele pensava em tudo o que ela já tinha falado e pediu para ela continuar (linhas 71 a 73). O que essa atitude revela sobre esse personagem?","Ele queria adiar o momento de começar a fazer as atividades da escola o máximo que pudesse.","Ele passou a demonstrar interesse nas explicações da professora sobre a importância de estudar.","Ele passou a querer estudar e gostava de ouvir as histórias que a professora contava muito bem.","Ele começou a ficar com sono e queria que a professora o fizesse dormir com a interessante história.","Ele não havia entendido a importância da escola e queria mais tempo para jogar bola e ver desenho.","b"
"2ef11fd1-513c-4ba3-8bf6-5365a4386552","Português","CMBH - 2025/2026","Colégio Militar de Belo Horizonte",2025,NA,"Considerando os trechos do Texto IV a seguir, julgue as afirmativas sobre o papel das classes de palavras como verdadeiras (V) ou falsas (F).

( ) No trecho ""O **seu** nome era Jerônimo"" (linha 3), a palavra **""seu""** atua como um pronome
substantivo, pois substitui o nome do garoto.
( ) No trecho ""Vá **ligeiro** se ajeitar"" (linha 18), a palavra **""ligeiro""** funciona como um adjetivo, concordando com a pessoa que se ajeita.
( ) No trecho ""De um **bom** comportamento"" (linha 123), a palavra **""bom""** atua como um adjetivo, qualificando o substantivo ""comportamento"".
( ) No trecho ""Ele era **meio** preguiçoso"" (linha 4), a palavra **""meio""** é um numeral que indica a quantidade exata de preguiça de Jerônimo.
( ) No trecho ""**Vida** de estudante é difícil."" (linha 104), a palavra **""Vida""** é um substantivo que atua como o termo principal sobre o qual se faz uma afirmação.

Assinale a alternativa correta:","V, V, V, F, F.","F, V, F, V, F.","F, F, V, F, V.","V, V, F, F, V.","F, F, V, V, F.","c"
"983f10f3-75e5-43ca-bd23-c297fdf2143e","Português","CMBH - 2025/2026","Colégio Militar de Belo Horizonte",2025,NA,"Considerando o Texto IV, qual das seguintes alternativas apresenta o tema principal da história sobre Jerônimo contada em formato de poema?","A escola é um lugar para decorar matérias, por isso a única forma de aprender é estudar em casa.","A educação é essencial e prepara os estudantes para alcançarem os objetivos e viverem bem.","As crianças devem brincar e ver desenhos o tempo todo, sem se preocupar com a escola.","Ir para a escola é difícil, e estudar é perda de tempo, então não há benefícios em frequentá-la.","Estudar é muito difícil, então é melhor jogar bola e ver desenhos o dia todo para ser feliz.","b"
"f83cf4de-3214-4185-9445-87b8ee72b736","Português","CMBH - 2025/2026","Colégio Militar de Belo Horizonte",2025,NA,"Considerando os seguintes trechos do Texto IV, em qual das alternativas o pronome sublinhado
classificado corretamente?","""**Ele** era meio preguiçoso"" (linha 4) (Pronome demonstrativo).","""O **seu** nome era Jerônimo"" (linha 3) (Pronome pessoal do caso reto).","""Conheço **esses** itens,"" (linha 43) (Pronome possessivo).","""É o que vai **te** direcionar"" (linha 57) (Pronome pessoal do caso oblíquo).","""**Minha** mãe grita:"" (linha 113) (Pronome pessoal do caso reto).","d"
"e381049c-4366-4686-8889-cc39666ca2ef","Português","CMBH - 2025/2026","Colégio Militar de Belo Horizonte",2025,NA,"Releia e analise o trecho do Texto IV a seguir:

""Não venha querer **me enrolar**"" (linha 44) 

Considerando o contexto da fala, qual das alternativas a seguir apresenta a interpretação mais completa precisa do que Jerônimo quis dizer com a expressão destacada?","Ele está pedindo para a professora ser mais rápida na sua explicação, pois acha que ela está demorando.","Ele acredita que a professora está tentando envolvê-lo em uma situação complicada da qual ele quer participar.","Ele pensa que a professora está tentando confundir suas ideias com uma explicação muito difícil de entender.","Ele pensa que a professora está tentando enganá-lo com uma explicação sem fundamento, já que ele não acredita na comparação que ela fez.","Ele acha que a professora está tentando impedir uma bagunça na sala de aula.","d"
"0a4bbabf-6f3a-405e-afd0-729bd4607263","Matemática","VI - Medidas Geométricas","Colégio Militar de Campo Grande",2025,NA,"Neste ano, o Colégio Militar de Campo Grande está comemorando 32 anos de existência e, para homenageá-lo, uma aluna fez o desenho abaixo utilizando uma malha quadriculada na qual cada quadradinho tem 1 centímetro quadrado (1 cm²) de área:

  ![](1763575026_Captura de tela 2025-11-19 145650.png){width=300px} 

Em relação às áreas das letras construídas pela aluna na malha quadriculada, é correto afirmar que","a soma das áreas das letras C e M é igual à soma das áreas das letras M e G.","(B) a diferença entre as áreas das letras M e C é um número múltiplo de 4.","tanto a área da letra M quanto a da letra G são múltiplos do número 4.","a letra G tem a mesma área da letra C.","a área da letra M supera em 10 cm² a área da letra G.","e"
"0212eb99-8531-4431-b05d-48de41f5d1f2","Matemática","VI - Medidas Geométricas","Colégio Militar de Campo Grande",2025,NA,"O aluno João quer descobrir o volume de um enfeite que se encontra dentro de seu aquário, que tem formato de um paralelepípedo reto retângulo e possui as dimensões internas de 2,54 dm de comprimento, 0,9 m de largura e 0,04 dam de altura. Para isso, João encheu o aquário de água até o nível dela atingir 90% da altura do aquário e de modo que o enfeite ficasse totalmente submerso. Em seguida, retirou o enfeite de maneira cuidadosa, sem desperdício de água, e notou que a altura da água diminuiu 0,03 m. Sendo assim, podemos concluir que a soma dos algarismos do volume do objeto retirado é igual a","9","10","18","19","27","e"
"c084d61b-190c-4d4b-863a-b1160c073a76","Matemática","VII - Tratamento da Informação","Colégio Militar de Campo Grande",2025,NA,"O Colégio Militar de Campo Grande precisa escolher um aluno para representá-lo em um importante evento. Inicialmente, foram pré-selecionados cinco alunos. Para a escolha final, foram aplicadas avaliações para esses alunos nas disciplinas de Matemática, Língua Portuguesa e Redação, com notas variando de 0 a 10, conforme tabela abaixo. O escolhido será aquele que conseguir a maior média nas três avaliações e, em caso de empate, aquele com maior nota em Matemática.

  ![](1763575535_Captura de tela 2025-11-19 150526.png){width=300px} 

Com base nessas informações, o(a) aluno(a) escolhido(a) foi:","Esther.","Gabriel.","Isabel.","João.","Sarah.","a"
"4e8d4244-ddc1-4150-9405-3acb6c9e1769","Matemática","VII - Tratamento da Informação","Colégio Militar de Campo Grande",2025,NA,"Os professores de Língua Portuguesa, da coordenação do 1º Ciclo do Ensino Fundamental (6° e 70 Anos) do Colégio Militar de Campo Grande, resolveram fazer uma pesquisa sobre a quantidade de livros lidos pelos alunos durante o primeiro semestre de 2025. O gráfico abaixo mostra quantos alunos leram a mesma quantidade de livros. 

  ![](1763575850_Captura de tela 2025-11-19 151043.png){width=300px} 

Com base no gráfico acima, foram feitas as seguintes afirmações:

I - 10% do total de alunos não leu nenhum livro;
II - um terço do total de alunos leu exatamente 2 livros;
III - exatamente 50 alunos leram mais de três livros; e
IV - exatamente 20% do total de alunos leu apenas 1 livro.

As afirmações verdadeiras são:","Ie II.","Ie III","IIe IV.","III e IV.","II, III e IV.","d"
"efd51e79-a3f1-4fed-b630-1053d92d7698","Matemática","III - Múltiplos e Divisores","Colégio Militar de Campo Grande",2025,NA,"Após aplicar uma prova de Matemática para seus 28 alunos, o professor fez a seguinte promessa: o aluno que alcançar nota maior ou igual a 5 receberá duas balas, enquanto aquele que obtiver nota inferior a 5 receberá apenas uma bala. Para cumprir essa promessa, o professor utilizou um total de 32 balas. Sendo assim, em relação à quantidade de alunos que ficaram com notas inferiores a 5, pode-se afirmar que é um número","múltiplo de 7.","múltiplo de 5.","múltiplo de 3.","divisor de 32.","divisor de 18.","c"
"5b7bf15b-1ac4-44d0-9709-b76f3aa522c3","Matemática","V - Números Decimais","Colégio Militar de Campo Grande",2025,NA,"O dominó é um jogo clássico com peças retangulares chamadas de ""pedras"" ou ""tijolos"". Cada peça é dividida ao meio por uma linha e apresenta dois valores numéricos, representados por pontinhos chamados ""pips"". Caso a peça não tenha nenhum ""pip"", o número considerado (ou representado) é zero.

No conjunto tradicional de dominó duplo-seis (o mais comum), há 28 peças. Cada extremidade pode ter de zero a seis ""pips"". Outro fato curioso é que, quando a soma dos ""pips"" é zero, a peça é conhecida como ""lisa"".

A figura abaixo mostra todas as 28 peças do conjunto tradicional.

  ![](1763577499_Captura de tela 2025-11-19 153812.png){width=300px}

 Consideremos uma partida em que todas as 28 peças do conjunto tradicional estão viradas com os ""pips"" para baixo. Ao escolhermos uma peça aleatória, a probabilidade de que a soma de seus ""pips"" seja um número múltiplo de 5 é um número compreendido entre:","16% e 17%.","17% e 18%.","18% e 19%.","20% e 21%.","21% e 22%.","e"
"58c5d3d0-61e9-4d03-8571-a5cdea3570ff","Matemática","II - As 4 Operações","Colégio Militar de Campo Grande",2025,NA,"**Formatos de papel: para que serve cada um?**

Os formatos de papel mais utilizados seguem o padrão ISO 216, que define as dimensões com base em uma fórmula matemática para garantir que a divisão entre seus lados seja mantida ao cortar ou dobrar uma folha. A série A, que abrange sucessivamente do A0 (maior formato) até o A10 (menor formato), é a mais popular e seu formato é sempre retangular. Essa padronização tem origem na Alemanha, no início do século XX, e foi adotada mundialmente por sua praticidade, principalmente para impressão e design gráfico. Além disso, o ISO 216 é amplamente aceito em mais de 150 países, tornando-o um padrão global eficaz.

**Tipos de formatos de papel (principais tamanhos)**

A série A é o formato mais comum atualmente. Para a obtenção de cada formato menor, utiliza-se o formato anterior, mantendo-se o lado menor e reduzindo o lado maior à metade.

**Tamanho A0**: É o maior tamanho da série A, usado principalmente para mapas, gráficos técnicos e grandes projetos.
**Tamanho A1**: Utilizado para desenhos técnicos, grandes pôsteres e apresentações gráficas detalhadas.
**Tamanho A2**: Ideal para gráficos e desenhos arquitetônicos.
**Tamanho A3**: Amplamente utilizado para cartazes, projetos de design e pôsteres de marketing.
**Tamanho A4**: O formato mais comum, utilizado em impressoras para documentos de escritório e pessoais. 
**Tamanho A5**: Excelente para cadernos pequenos, brochuras e convites.

Como mencionado no texto acima, o formato mais comum de papel é o tamanho A4. Esta prova, por exemplo, está impressa neste formato. Geralmente o papel do formato A4 é vendido em resmas, isto é, em pacotes de 500 folhas. Sabe-se que uma resma desse tipo de papel tem massa (popularmente conhecido como peso) de 2,5kg. Com base nisso, desprezando a massa das embalagens e de acordo com as informações do texto, uma resma do mesmo papel, mas no formato do tipo A0, terá uma massa de:
","5kg.","10kg.","20kg.","40kg.","80kg.","d"
"bb7053cd-bb5e-452f-939a-3602b033e15b","Matemática","II - As 4 Operações","Colégio Militar de Campo Grande",2025,NA,"Joaquim trabalha na feira vendendo frutas. Procurando melhorar a aparência da sua banca de frutas, ele comprou um novo tipo de embalagem para expor os kiwis que ele recebe da distribuidora. Certo dia Joaquim recebeu da distribuidora uma caixa de madeira contendo uma quantidade de kiwis. Essa quantidade era maior do que duas dúzias e menor do que sete dúzias. Ao colocar os kiwis dessa caixa nas embalagens, Joaquim observou que, quando colocava 9 kiwis em cada embalagem, sobravam 3 frutas na caixa e que, quando ele colocava 4 kiwis em cada embalagem, faltavam 3 frutas na última embalagem. Sabendo que as embalagens de kiwi que ficam expostas na banca contêm sempre a mesma quantidade de frutas, assinale a alternativa que apresenta a quantidade de kiwis que vieram nessa caixa de madeira.","93","57","46","39","21","b"
"68aeab8f-87fa-489f-a44f-93ebe527920a","Matemática","IV - Frações","Colégio Militar de Campo Grande",2025,NA,"Mestre Kami preparou uma panelada de pipoca doce para seus 6 amigos lancharem quando chegarem da escola. Florzinha e Docinho chegaram primeiro, dividiram igualmente toda a pipoca da panela em 6 baldes, sendo um para cada amigo. Após isso, cada uma consumiu sua parte, posteriormente, devolveram as pipocas restantes dos outros baldes à panela, depois foram ao parque para brincar. Lindinha, quando chegou, pensou que era a primeira e dividiu igualmente a pipoca que estava na panela novamente em 6 baldes, comeu a sua parte e devolveu o restante à panela. Goku, quando chegou, pensou que Lindinha era a primeira a comer sua parte, então dividiu igualmente a pipoca da panela em 5 baldes, comeu a sua parte e devolveu o restante na panela e foi brincar. Gohan chegou, achou que era o último e comeu toda a pipoca que havia na panela. Quando Batman chegou não havia mais nada e ele ficou sem lanchar.

Assinale a alternativa que apresenta uma afirmação correta sobre a situação.","Se Gohan, ao chegar, dividisse igualmente em 2 baldes a pipoca doce que estava na panela e comesse uma parte, mesmo assim ele teria comido mais do que Goku.","Lindinha devolveu na panela menos de 50% da pipoca doce, com relação ao início da situação.","Florzinha, Docinho e Lindinha comeram juntas mais pipoca do que Gohan.","Juntas, Florzinha e Docinho comeram a maior quantidade de pipoca doce.","Goku comeu mais pipoca do que Lindinha.","a"
"b615277e-12b6-4601-b86f-6e62bc50488a","Matemática","VI - Medidas Geométricas","Colégio Militar de Campo Grande",2025,NA,"A partir de um quadrado de lado 1 cm, retira-se um triângulo retângulo, conforme representado na figura abaixo. Repete-se este procedimento por todos os demais vértices do quadrado, obtendo-se um octógono (polígono de oito lados).

  ![](1763578126_Captura de tela 2025-11-19 154838.png){width=300px} 

A área desse octógono, em cm², é igual a:","$\frac79$","$\frac59$","$\frac49$","$\frac13$","$\frac29$","a"
"5a854973-1adc-4ebb-a25a-5bc0cb6c7fcd","Matemática","V - Números Decimais","Colégio Militar de Campo Grande",2025,NA,"O time ""Bom de Bola"" resolveu pintar os números das cadeiras da arquibancada do seu estádio de futebol e fizeram orçamento com três pintores da cidade: João cobrou R$ 1,00 por algarismo pintado; Manoel cobrou R$ 2,75 por cada algarismo par, R$ 2,10 por cada algarismo ímpar e não cobrou pela pintura do algarismo zero; e Francisco cobrou R$ 2750,00 pelo trabalho todo.

Sabendo que o estádio tem 975 cadeiras nas arquibancadas e que estas serão enumeradas do 1 ao 975, assinale a alternativa cuja afirmação está correta","Serão pintados um total de 2805 algarismos.","A diferença do orçamento mais caro para o mais barato é de R$ 67,00.","O orçamento de Manoel é o mais barato, pois ele não cobrou pelo zero.","Se João cobrasse R$ 1,10 por cada algarismo, seu orçamento ficaria R$ 350,00 mais caro do que o orçamento de Francisco.","Para que o orçamento de João fosse o mais barato ele teria que cobrar no máximo R$ 0,97 por cada algarismo.","e"
"bf6f51fb-0a0c-43a6-b67b-e07361b1afb0","Matemática","VI - Medidas Geométricas","Colégio Militar de Campo Grande",2025,NA,"Nas figuras abaixo, temos um quadrado ABCD, dividido em dois triângulos, ABD e BCD, de mesma área e um triângulo retângulo EFG. Considere que m(EF) é igual a metade da medida do lado do quadrado e que m(EG) é igual a medida do lado do quadrado.

  ![](1763578309_Captura de tela 2025-11-19 155141.png){width=300px} 

Assinale a alternativa que apresenta uma afirmação correta sobre as áreas dessas figuras.","O triângulo EFG tem a mesma área do triângulo ABD.","A área do triângulo EFG é um terço da área do quadrado ABCD.","A área do triângulo EFG corresponde a 25% da área do quadrado ABCD.","A área do quadrado ABCD é 75% maior do que a área do triângulo EFG.
","A área do triângulo ABD é três vezes maior do que a área do triângulo EFG.","c"
"1bf4d97a-27a3-473d-b773-5c79ce863f4a","Matemática","VI - Medidas Geométricas","Colégio Militar de Campo Grande",2025,NA,"Para homenagear os 32 anos de existência do Colégio Militar de Campo Grande, o professor de matemática do 6º Ano do Ensino Fundamental, Ten Euclides, comprou 32 caixas de bombons para premiar seus alunos. O prêmio será dado aos vencedores de diversos desafios que serão propostos ao longo do ano. O primeiro desafio proposto foi:

*""A compra destas 32 caixas de bombons me custaram R$ 56,25 a mais do que se eu tivesse comprado 27 caixas de bombons. Sendo assim, qual é o valor de 10 caixas de bombons?""*

O vencedor deste primeiro desafio é aquele que responder:","R$ 56,25.","R$ 112,50.","R$ 168,75.","R$ 225,00.","R$ 562,50.","b"
"5b1b6be4-8482-4cfe-b0bf-5e72f8ddfd8c","Matemática","VI - Medidas Geométricas","Colégio Militar de Campo Grande",2025,NA,"Os quadriláteros são polígonos que têm quatro lados, quatro ângulos, quatro vértices e duas diagonais. Considere as seguintes afirmações sobre os quadriláteros.

I - Todo quadrado é retângulo.
II - Todo paralelogramo é um trapézio.
III - Todo quadrado também é um losango.
IV - O segmento de reta que liga dois vértices consecutivos é chamado de diagonal.
V - Todo quadrado é um polígono regular.

A alternativa que contém todas as afirmações verdadeiras é:","I e II.","I e III","II e IV.","I, III e V.","II, III e V.","d"
"4de4f1d7-2e3f-42c1-b5de-e14dab8bbf8e","Matemática","VI - Medidas Geométricas","Colégio Militar de Campo Grande",2025,NA,"Durante a aula de matemática, o Professor Osório, para explicar o conteúdo de perspectiva, levou para a sala de aula diversos cubos de arestas iguais a 1 dm, conforme a figura I.

O objetivo do professor Osório era a construção de um cubo com capacidade de 64 litros, porém, ao juntar os cubos que ele havia levado para a sala de aula, conforme figura II, notou que iriam faltar alguns cubos. Assim, ele resolveu buscar mais cubos na sala dos professores. Para tanto, ele solicitou ajuda de seus alunos, sendo que o professor consegue levar quatro desses cubos por viagem, enquanto seus alunos a metade disso.

  ![](1763578583_Captura de tela 2025-11-19 155616.png){width=300px} 

Com base nessas informações, em uma única viagem, a quantidade mínima de alunos que deverá ajudar o professor será de:","18","19","20","21","22","c"
"c6ec1091-ec51-4ec9-9b45-929ced6bff7b","Matemática","VI - Medidas Geométricas","Colégio Militar de Campo Grande",2025,NA,"Durante a sua preparação para os jogos internos do Colégio Militar de Campo Grande, o aluno Figueiredo realizou um treino em uma pista circular, dividido em três etapas, a saber:

I - Primeira etapa: ele correu dez voltas completas, mais meia volta no sentido horário da pista e ficou parado sem mudar de posição por 2 minutos para recuperar o fôlego;
II - Segunda etapa: caminhou por mais duas voltas completas e mais dois quintos de uma volta, porém no sentido anti-horário;
III - Terceira etapa: correu forte por cinquenta metros no sentido anti-horário e chegou ao ponto de início do treino.

Com base nas informações acima e sabendo que não houve deslocamento entre as etapas do treino, podemos afirmar que a pista na qual Figueiredo realizou seu treino mede:
","5 dam.","0,5 km.","2400 dm.","400 m.","4000 cm.","b"
"f142ac84-7d7a-470e-a179-2307b7c916b7","Matemática","II - As 4 Operações","Colégio Militar de Campo Grande",2025,NA,"Diana decidiu guardar dinheiro em seu cofre para as férias de 2026. Para que ela consiga cumprir esse propósito, ela criou algumas regras que não serão quebradas até o último dia de depósito.

Leia, abaixo, as regras criadas por Diana.

I. Ela deve depositar dinheiro todos os dias;
II. As notas depositadas serão de R$ 2,00; R$5,00; R$ 10,00; R$20,00 e R$ 50,00, sempre nessa ordem e uma por dia;
III. Após o depósito de uma nota de R$ 50,00, ela volta a depositar uma nota de R$ 2,00 e assim sucessivamente.

Observando todas as regras feitas por Diana, e sabendo ainda que seu primeiro depósito foi na segunda-feira, 9 de junho de 2025, quanto Diana terá guardado considerando que seu último depósito será no dia 9 de fevereiro de 2026?
","R$4265,00.","R$ 4263,00.","R$4253,00.","R$ 4203,00.","R$ 3263,00.","a"
"53474628-467a-419a-bf01-6b0b5cf9647d","Matemática","V - Números Decimais","Colégio Militar de Campo Grande",2025,NA,"João possui várias figurinhas em sua coleção e resolveu vender parte delas. Inicialmente ele vendeu 40% do que possuía para seus amigos de classe e, mais tarde, vendeu 20% do que restou para seus vizinhos. Se depois dessas duas vendas ainda lhe restaram 36 figurinhas, quantas figurinhas João possuía inicialmente em sua coleção?","36","40","75","76","90","c"
"535ca0cf-3752-471f-94a7-06c3f65f5125","Matemática","VI - Medidas Geométricas","Colégio Militar de Campo Grande",2025,NA,"Isaac foi passar as férias de julho na fazenda de seu avô. Chegando lá, seu avô pediu sua ajuda com um projeto de plantação de laranja, pois desejava plantar mudas ao longo de todo o perímetro do terreno, mas não sabia quantas mudas de laranjeira comprar. O avô de Issac dispõe de um terreno retangular de 230 metros por 50 metros para cercar e ele quer que as árvores fiquem com espaços iguais entre elas e com a maior distância possível uma das outras. As árvores também serão plantadas nos cantos do terreno.

Assinale a alternativa que apresenta a distância em que cada laranjeira deve ficar uma da outra e quantas mudas de laranjeira o avô de Isaac deve comprar para cercar todo terreno sem perda ou sobra de muda.
","As árvores ficarão com 10 metros de distância uma da outra e ele deve comprar 56 mudas.","As árvores ficarão com 12 metros de distância uma da outra e ele deve comprar 56 mudas.","As árvores ficarão com 10 metros de distância uma da outra e ele deve comprar 57 mudas.","As árvores ficarão com 12 metros de distância uma da outra e ele deve comprar 57 mudas.","As árvores ficarão com 10 metros de distância uma da outra e ele deve comprar 59 mudas.","a"
"0cc1fc3b-217f-4282-9fcf-bf6c85f0bf88","Matemática","III - Múltiplos e Divisores","Colégio Militar de Campo Grande",2025,NA,"Três amigos nadadores, Antônio, Bernardo e Carlos, resolveram treinar juntos em uma piscina retangular de 25 m de comprimento. Nesse treinamento, Antônio, Bernardo e Carlos nadarão, respectivamente, os 25 m em 30s, 32s e 36s. Já na posição para iniciar o treino, eles decidem que esse treinamento somente terminará quando os três retornarem juntos para essa mesma posição inicial. Sendo assim, e sabendo que os três nadadores manterão o mesmo ritmo durante todo o treinamento e nadarão sempre na mesma raia, podemos afirmar que o treino terminou 

  ![](1763579070_Captura de tela 2025-11-19 160423.png){width=300px} ","em menos de 20 minutos.","entre 20 e 30 minutos.","entre 30 e 40 minutos","entre 40 e 50 minutos.","em mais de 50 minutos.","d"
"fbdf454b-1bd1-4877-976a-b6b0bc43fcb8","Português","CMCG - 2025/2026","Colégio Militar de Campo Grande",2025,NA,"  ![](1763579158_Captura de tela 2025-11-19 160552.png){width=300px} 
  ![](1763579184_Captura de tela 2025-11-19 160617.png){width=300px} 
  ![](1763579217_Captura de tela 2025-11-19 160648.png){width=300px} 
  ![](1763579249_Captura de tela 2025-11-19 160720.png){width=300px} 

Sobre os textos I e II, analise as assertivas abaixo.

I. Ambos apresentam a mesma finalidade, pois o texto I tem o objetivo de detalhar, por intermédio da narração, os fatos noticiados no texto II, tratando-se, portanto, do mesmo assunto.
II. Os textos têm o objetivo de apresentar, cada um à sua maneira, diferentes etapas da viagem de Hiram Reis pela região amazônica, sendo que as informações noticiadas no texto II ocorreram após os eventos narrados no texto I.
III. Os dois textos apresentam diferentes finalidades, apesar de abordarem o mesmo fato e de pertencerem ao mesmo gênero textual.

Está(ão) correta(s) a(s) afirmativa(s):","II, somente.","I, somente.","I, II e III.","II e III.","I e III.","a"
"486af947-b82a-4be1-8b63-2e19e173b594","Português","CMCG - 2025/2026","Colégio Militar de Campo Grande",2025,NA,"De acordo com texto I, é correto afirmar que Hiram Reis","é apoiado por uma equipe composta por um pescador, que lhe acompanha a bordo de uma pequena canoa motorizada, e por outro remador, que vive em Porto Alegre.
","remou, de Porto Alegre a São Gabriel do Oeste, mais de 16,5 mil quilômetros, incluindo os treinamentos nas lagoas e praias do litoral gaúcho.","não se preocupou em apenas realizar a travessia do rio, pois interagiu com as comunidades locais e conheceu melhor as suas culturas.","entrou em estado de êxtase, caindo em sono profundo, o que implicou em duas horas de atraso para o início da aventura.","o contato com o bravo e altivo povo Tucuxi foi marcante, assim como o encontro com os Ticunas.","c"
"25878802-e5e0-4dd9-a955-8f732db7ba21","Português","CMCG - 2025/2026","Colégio Militar de Campo Grande",2025,NA,"A frase ""Desafiando o Rio-Mar"", que dá título ao texto I, realça","os 16,5 mil quilômetros que foram remados por Hiram Reis a bordo do ""Cabo Horn"".","a resistência do caiaque ""Cabo Horn"", projetado para navegar em mar aberto.","o desejo de Hiram Reis em remar do rio em direção ao mar aberto.","o desafio que foi vencer a profundidade dos rios da Amazônia.","a grandiosidade dos rios amazônicos, que lembram o mar.","e"
"08782cae-d016-4dd9-9158-0af17664e000","Português","CMCG - 2025/2026","Colégio Militar de Campo Grande",2025,NA,"Em relação ao texto II, assinale a alternativa que justifica a frase ""partiu para uma aventura mais curta, porém mais difícil"" (1.02).","“Não há telefone por satélite e a comunicação é feita quando conseguem usar o telefone celular [...]"". (1.17-18)","""O rio Negro, diferente do Solimões, tem muito poucas comunidades na margem [...]"". (1.05-06)
","""Hiram rema sozinho, mas conta com um pequeno barco de apoio motorizado [...]"". (1.08)","""Ele está descendo o rio Negro, no Amazonas, em uma jornada de 950 km [...]"". (1.02-03)","""Hiram saiu de São Gabriel da Cachoeira no Natal."" (1.13)","b"
"31bf19b3-83c5-4e4d-b316-cba8361d03e8","Português","CMCG - 2025/2026","Colégio Militar de Campo Grande",2025,NA,"Considere os trechos abaixo, transcritos do texto I:

Trecho I: ""[...] a dinâmica de um rio em constante evolução."" (1.08)
Trecho II: ""[...] brindaram com suas alegres evoluções."" (l.11-12)

Acerca das palavras sublinhadas nos trechos e analisando-as de acordo com os efeitos de sentido do uso de sinônimos e de antônimos, é correto afirmar que as palavras ""evolução"" e ""evoluções""","não são sinônimas nem antônimas, pois apesar de ter sido utilizada a mesma palavra com o mesmo significado nos dois trechos (uma no singular e outra no plural), somente palavras com diferentes grafias podem ser consideradas sinônimas ou antônimas.","são antônimas, pois nos dois trechos não foi utilizada exatamente a mesma palavra, visto que no trecho I a palavra ""evolução"" encontra-se no singular, enquanto que no trecho II a palavra ""evoluções"" encontra-se no plural.","são antônimas, pois trata-se do uso de uma mesma palavra, porém utilizada no trecho II com sentido oposto à do trecho I, atribuindo diferentes sentidos aos substantivos aos quais elas se referem em cada caso.","não são sinônimas nem antônimas, pois trata-se do uso de uma mesma palavra em diferentes contextos, tendo, portanto, significados distintos em cada um dos trechos em que foram usadas.","são sinônimas, pois nos dois trechos foi utilizada a mesma palavra com o mesmo significado, apesar da diferença da flexão de número: singular (no trecho I) e plural (no trecho IІ).","d"
"c550d0d3-dd10-4fe6-8b37-64f7c2414b29","Português","CMCG - 2025/2026","Colégio Militar de Campo Grande",2025,NA,"Assinale a alternativa que apresenta um trecho, extraído do texto I ou do texto II, em que Hiram Reis expõe uma opinião.","""Apesar de garantir a segurança e ajudar a levar mantimentos, o barco que o acompanha é praticamente uma canoa com um motor."" (texto II, 1.09-11)","""[...] mais importante que o chegar a cada destino era observar, comparar, fotografar e estudar cada imagem [...]"" (texto I, 1.09-10)"," ""O maior desafio do percurso, além da distância, é a falta de gente [...]"" (texto II, 1.05)","""A forte correnteza dificultou um pouco a aproximação e tive de remar vigorosamente.""  (texto I, 1.13-14)","""A chegada à capital amazonense está prevista para a próxima quarta-feira (20)."" (texto II, 1.15-16)","b"
"c0fc4e59-4c87-407e-8908-4ba409f47ee7","Português","CMCG - 2025/2026","Colégio Militar de Campo Grande",2025,NA,"Assinale a alternativa que apresenta palavras que fazem parte de uma mesma classe gramatical, considerando o contexto e o sentido de cada uma delas em relação aos textos dos quais foram transcritas.","""cortesmente"" (texto I, I.15) e ""muito"" (texto II, 1.06).","""evolução"" (texto I, 1.08) e ""aberto"" (texto II, 1.22).","""bravos"" (texto I, 1.17) e ""paradas"" (texto II, 1.20).","""labor"" (texto I, I.18) e “gaúcho"" (texto II, 1.24).","""nós"" (texto I, 1.06) e “ele"" (texto II, 1.02).","a"
"55e69e31-989b-446e-9486-9fc3b659089e","Português","CMCG - 2025/2026","Colégio Militar de Campo Grande",2025,NA,"  ![](1763579728_Captura de tela 2025-11-19 161520.png){width=300px} 

Na linha 10, o vocábulo ""desconcertado"" está entre vírgulas, pois","separa o vocativo ""rapaz"" das demais informações do texto, compostas apenas por substantivos e advérbios.","não está na ordem exigida pela frase, pois o certo seria que o termo estivesse antes do substantivo ""rapaz"".","destaca uma característica momentânea atribuída ao substantivo ao qual o vocábulo faz referência.","referencia uma característica permanente dos substantivos mencionados anteriormente.","trata-se de um substantivo que caracteriza o termo ""rapaz"".","c"
"09b14979-606c-4f1b-9e80-d2b0bd902c55","Português","CMCG - 2025/2026","Colégio Militar de Campo Grande",2025,NA,"Acerca dos pares de palavras destacadas em negrito no texto III, assinale a alternativa que apresenta a opção correta de escrita de cada um deles na ordem em que são apresentados no texto, considerando, também, o contexto em que foram empregados.","polo/onde/porquê.","polo/onde/por quê.
","pólo/onde/por quê.","polo/aonde/porquê.","pólo/aonde/por quê.","a"
"ec4fa218-a4e5-460c-abc4-39d65413bde5","Português","CMCG - 2025/2026","Colégio Militar de Campo Grande",2025,NA,"Analisando-se o papel das classes gramaticais na organização do texto, pode-se afirmar que, no texto III, as expressões ""de ferro"" (1.05) e ""fumegantes"" (1.05) referem-se","ao mesmo substantivo, sendo que ambas, pelo contexto, devem ser entendidas no sentido figurado.","ao mesmo adjetivo, sendo que ambas, pelo contexto, não devem ser entendidas no sentido figurado.","ao mesmo substantivo, sendo que apenas uma delas, pelo contexto, deve ser entendida no sentido figurado.","a diferentes adjetivos, sendo que ambas, pelo contexto, não devem ser entendidas no sentido figurado.","a diferentes substantivos, sendo que somente uma delas, pelo contexto, não deve ser entendida no sentido figurado.","c"
"3faa8ee8-8e44-4889-af10-be7e4c8054d5","Português","CMCG - 2025/2026","Colégio Militar de Campo Grande",2025,NA,"Assinale a alternativa que apresenta a frase que melhor se relaciona ao efeito de humor expresso no texto III.","Um bom comunicador sabe que o silêncio é tão importante quanto a fala.","Os limites da minha linguagem significam os limites do meu mundo.","Não se pode comprar maçãs com laranjas.","Jogou verde para colher maduro.","A maçã não cai longe da árvore.","b"
"666d91b0-47ef-4dbc-a4d6-865b1080ee51","Português","CMCG - 2025/2026","Colégio Militar de Campo Grande",2025,NA,"  ![](1763580081_Captura de tela 2025-11-19 162114.png){width=300px} 
  ![](1763580120_Captura de tela 2025-11-19 162153.png){width=300px} 

Analise as proposições abaixo e julgue-as como verdadeiras (V) ou falsas (F).

I. O foco narrativo está em 3ª pessoa, já que Ana é onisciente e sabe tudo o que se passa na história, o que pode ser comprovado pelos trechos ""Pedro, que estava intrigado [...]"" (1.09), ""Рedro ficou surpreso [...]"" (1.11) e ""[...] sentiu que era hora de voltar para casa."" (1.14).
II. O conflito da narrativa se materializa a partir do momento em que a protagonista volta no tempo e se depara com uma cidade do século XIX, manifestando fascínio diante do quadro que acabara de se desenrolar.
III. O tempo é, predominantemente, psicológico, já que o texto privilegia as emoções da personagem ao invés da sequência cronológica dos acontecimentos iniciados no século XIX, como pode ser observado em ""ela estava feliz por ter vivido essa experiência incrível."" (1.16-17)
IV. O deslocamento da personagem no tempo é apenas imaginário, o que faz com que o espaço da narrativa se restrinja ao sótão, conforme demonstrado em ""continuou a sonhar com os tempos antigos"" (1.20-21) e “a curiosidade sempre a levaria a lugares incríveis!"" (1.21-22).

A sequência correta, de cima para baixo, é:
","F, V, F, F.","F, V, F, V.","F, F, V, F.","V, F, V, F.","V, V, V, V.","a"
"02699e83-0645-4485-96dd-1a3e82eb57cd","Português","CMCG - 2025/2026","Colégio Militar de Campo Grande",2025,NA,"No trecho “Fascinada, ela começou a explorar o ambiente” (1.08), о adjetivo poderia ser substituído, sem prejuízo de sentido, pela palavra sublinhada em:","Ficou **cismada** com o que ouvira.","Ela ficou **embevecida** com o espetáculo.","**Inimizada** a garota ficou após a discussão.","Quedou-se, **impassível,** diante das dificuldades.","Ficou **atarantada** com o excesso de informações recebidas.","b"
"b792ca46-a63c-431e-a3f3-fcfb7707218c","Português","CMCG - 2025/2026","Colégio Militar de Campo Grande",2025,NA,"Leia atentamente a frase abaixo, transcrita do texto IV.

""[...] que estava intrigado com as roupas modernas dela."" (1.09)

A palavra ""que"" estabelece o mesmo tipo de relação, entre as partes do texto, que a palavra sublinhada em","""[...] **que** um dia as pessoas andariam em carros..."" (1.11-12)","""[...] **que**, um dia, talvez voltasse para mais uma aventura no passado."" (l.19-20)","""[...] **que**, com ou sem o relógio, a curiosidade sempre a levaria a lugares incríveis!"" (1.21- 22)","""[...] **que** era muito curiosa, chamada Ana, adorava imaginar como era a vida no passado."" (1.01-02)","""[...] **que,** mesmo que as épocas fossem diferentes, as pessoas sempre encontravam uma forma de ser feliz e de se divertir."" (1.17-18)","d"
"09c53536-4851-4587-b9f0-b58ab46bb5d1","Português","CMCG - 2025/2026","Colégio Militar de Campo Grande",2025,NA,"Em relação ao trecho ""Uma menina que era muito curiosa"" (1.01), de que maneira ele deverá ser reescrito para o verbo indicar uma ação no passado, que ocorreu antes de outra ação também iniciada e concluída no passado?","Uma menina que foi muito curiosa.","Uma menina que for muito curiosa.","Uma menina que fora muito curiosa.","Uma menina que seria muito curiosa.","Uma menina que fosse muito curiosa.","c"
"3a3f835f-4547-47f6-a796-309d7dd07c10","Português","CMCG - 2025/2026","Colégio Militar de Campo Grande",2025,NA,"Assinale a alternativa em que todas as palavras apresentam a mesma classificação, quanto à posição da sílaba tônica, da palavra “sótão"" (1.06).
","fórceps / lápis / sofá.","vírus / tórax / Nobel.","ideia / vôlei / rubrica.","órgão / irmão / bênção.","prótons / ideia / troféu.","c"
"37a57ba4-4d6e-4fad-b9b8-10c1e855aa2c","Português","CMCG - 2025/2026","Colégio Militar de Campo Grande",2025,NA,"  ![](1763580450_Captura de tela 2025-11-19 162722.png){width=300px} 

Nos textos V e VI, o efeito de humor é revelado em quais quadrinhos?","3° quadrinho do texto V e 1º quadrinho do texto VI.","1° quadrinho do texto V e 2º quadrinho do texto VI.","2° quadrinho do texto V e 1º quadrinho do texto VI.","2° quadrinho em ambos os textos.","3° quadrinho em ambos os textos.","e"
"653c183d-8e79-41eb-ae77-d7f99d6561fd","Português","CMCG - 2025/2026","Colégio Militar de Campo Grande",2025,NA,"Assinale a alternativa em que o verbo, ao ter a sua flexão alterada no texto original, foi conjugado de acordo com o tempo e o modo verbal indicados entre parênteses.","Se **arrumasses** tudo para a viagem. (pretérito imperfeito do indicativo)","Espero que suas roupas **caibam** todas nessa malinha. (futuro do subjuntivo)","**Conhecerei** um pouco das outras pessoas. (futuro do pretérito do indicativo)","**Descobriria** novos países, culturas diferentes. (pretérito imperfeito do subjuntivo)","Se suas roupas **coubessem** todas nessa malinha? (pretérito imperfeito do subjuntivo)","e"
"70a06f88-56c3-495b-bb79-2e4de834f451","Português","CMCG - 2025/2026","Colégio Militar de Campo Grande",2025,NA,"TEXTO VII

**AQUARELA**

Numa folha qualquer
eu desenho um sol amarelo.
E com cinco ou seis retas
é fácil fazer um castelo.

Com o lápis em torno da mão
e me dou uma luva.
E se faço chover
com dois riscos tenho um guarda-chuva.

Se um pinguinho de tinta
cai num pedacinho azul do papel,
num instante imagino
uma gaivota a voar no céu.

Vai voando,
contornando a imensa curva, norte, sul.
Vou com ela, viajando,
Havaí, Pequim ou Istambul.
Pinto um barco à vela branco, navegando,
é tanto céu e mar num beijo azul.

[...]

E o futuro é uma astronave
que tentamos pilotar.
Não tem tempo, nem piedade
nem tem hora de chegar.
Sem pedir licença, muda a nossa vida
e depois convida a rir ou chorar.

Quantos pronomes pessoais, sem contar as repetições, foram utilizados no texto VII?","1","2","3","4","5","c"
"5260a8fe-0d76-4678-b4ad-2aa5592cc004","Português","CMCG - 2025/2026","Colégio Militar de Campo Grande",2025,NA,"  ![](1763580644_Captura de tela 2025-11-19 163037.png){width=300px} 

Considerando a leitura e análise dos textos desta prova, pode-se afirmar que a ideia principal expressa na frase ""Gosto de viajar por palavras do que de trem."" (texto VIII) está melhor representada, dentre as alternativas abaixo, no texto","VII","III","IV","V","II","d"
"d407fdbb-5586-4a98-aa6f-dc0d02d3cd3e","Matemática","I - Sistema de Numeração","Colégio Militar de Fortaleza",2025,NA,"Observe a tabela que se segue. Ela lista, em ordem decrescente, os 10 maiores países em extensão territorial do mundo, de acordo com dados da Organização das Nações Unidas (ONU).

  ![](1764006953_Captura de tela 2025-11-24 145537.png){width=300px} 

Agora, observe os valores das áreas (em Km2) dos países listados acima e assinale a opção correta.","O valor relativo do algarismo 8 no número que representa a área do Canadá é 8.000.","A ordem do algarismo 4 no número que representa a área do Cazaquistão é unidade de milhão.","O algarismo 9 na centena de milhar está localizado no número que representa a área da Rússia.","O algarismo 8 na centena de milhar está localizado no número que representa a área do Estados Unidos.","O algarismo 9 na dezena de milhar está localizado no número que representa a área do Canadá.","d"
"acc46310-552f-4e5d-88f8-6b2664bde24d","Matemática","V - Números Decimais","Colégio Militar de Fortaleza",2025,NA,"Em meados do século XIX, diversos inventores buscavam criar dispositivos capazes de transmitir a voz humana a longas distâncias. Entre esses inventores, destacou-se Alexander Graham Bell, célebre por desenvolver um aparelho funcional, o telefone, e, há 149 anos, considerando o corrente ano (2025), obteve a sua patente, marcando o início da comunicação telefônica como a conhecemos. Considere que o sistema numérico romano, herdado da Roma Antiga, utiliza combinações de letras para representar números. Em algarismos romanos, o número que representa 50% do ano em que Alexander Graham Bell obteve a patente do telefone escreve-se da seguinte maneira:","MDCCCLXXVI.","MDCCCLXVI.","CMXXXVIII.","MCXXXVIII.","CMLXXXVI.","c"
"0bdf55e7-bfbc-43d6-9198-fdf3e50e746e","Matemática","II - As 4 Operações","Colégio Militar de Fortaleza",2025,NA,"Em uma corrida de carros, de 10.000 𝑘𝑚, realizou-se o rodízio (revezamento) dos 5 pneus que o carro possui (4 principais e 1 estepe). O estepe é o pneu reserva que fica guardado para substituir qualquer um dos quatro pneus quando necessário. Considerando-se que os 5 pneus permaneceram até o final da corrida e que, ao longo da corrida, a equipe organizou paradas para que todos os 5 pneus fossem igualmente utilizados, após o carro percorrer os 10.000 𝑘𝑚 totais, cada pneu rodou a distância de ","2.000 km.","4.000 km.","6.000 km.","8.000 km.","10.000 km.","d"
"a081a53c-a3bb-4309-9c3b-ebf590ddbd89","Matemática","VI - Medidas Geométricas","Colégio Militar de Fortaleza",2025,NA,"Nicodemos construiu sobre uma mesa um cubo de aresta igual a 5 dm utilizando blocos cúbicos de plástico menores e idênticos, cada um com aresta igual a 1 dm. Após montado, removeu alguns dos blocos menores, conforme ilustrado na figura abaixo: 

  ![](1764007531_Captura de tela 2025-11-24 150525.png){width=300px} 

Após isso, Nicodemos colou um adesivo em cada uma das faces expostas dos blocos menores que restaram. Podemos afirmar que o número total de adesivos que Nicodemos utilizou foi igual a
","108.","116.","125.","150.","168.","c"
"cb106a91-734a-4009-a5ef-b1c93b6ad285","Matemática","V - Números Decimais","Colégio Militar de Fortaleza",2025,NA,"O professor de Matemática esqueceu a senha de 5 dígitos do seu computador, mas lembrou que havia anotado em uma folha de papel. Quando pegou a folha com a senha anotada, percebeu que o quarto dígito estava rasurado, conforme mostra a imagem abaixo:

  ![](1764007630_Captura de tela 2025-11-24 150701.png){width=300px} 

Rapidamente, o professor utilizou um programa de computador que detecta cada dígito da senha separadamente. O programa não conhece as letras e números constantes no papel, portanto, executa todo o rastreamento, a fim de descobrir toda a senha. Esse mesmo programa necessita 3 minutos para descobrir um algarismo, 4 minutos e 20 segundos para vogais minúsculas e 5 minutos e 10 segundos para consoantes maiúsculas. Para detectar letras maiúsculas, o programa demora o dobro do tempo que detecta uma letra minúscula correspondente (vogal ou consoante). Sabe-se que o programa levou exatamente 23 minutos e 45 segundos para determinar todos os dígitos da senha. Marque a alternativa que apresenta uma possível senha fornecida pelo programa.","aDEf9.","aDE79.","aDEu9.","aDEM9.","aDE39.","a"
"4dc24b5d-8275-40c4-ac94-5c83c75af794","Matemática","II - As 4 Operações","Colégio Militar de Fortaleza",2025,NA,"Uma máquina de códigos formou um número de 6 algarismos distintos. O algarismo 1 ocupa a
posição das centenas de milhar. Se esse dígito 1 for movido para a última posição, ou seja, colocado à direita dos outros 5 algarismos originais, o valor do número original fica multiplicado por 3. Considerando os dois números formados (o original e o que resulta da movimentação do algarismo 1 para o final), qual a diferença entre o maior e o menor desses dois números obtidos?","142857.","285714.","375612.","428571.","567862.","b"
"fa443f6f-2e64-44fa-b7e0-0e998c732f9e","Matemática","III - Múltiplos e Divisores","Colégio Militar de Fortaleza",2025,NA,"Um antigo professor de matemática escreveu, no quadro, números com as seguintes características: começavam e terminavam com o algarismo 1 e os demais algarismos eram iguais a 2, de forma que a quantidade de algarismos 2 indicava a ordem do número. Por exemplo, o número 12222221 é o sexto número que o professor escreveu, pois possui 6 algarismos 2. Veja abaixo os seis primeiros números que o professor escreveu no quadro:

  ![](1764007798_Captura de tela 2025-11-24 150946.png){width=300px} 

O professor fez a seguinte pergunta à turma: “Dentre os 2025 números escritos, quantos são divisíveis por 3?” A resposta correta é","677 números.","676 números.","675 números.","674 números.","673 números.","c"
"cce61cf2-c6ab-45b4-a4be-0dd9deb63c30","Matemática","VII - Tratamento da Informação","Colégio Militar de Fortaleza",2025,NA,"Os alunos do 5º ano tiveram que realizar um trabalho de geografia sobre a produção mundial de leite. O grupo de Nicodemos fez uma pesquisa detalhada e organizou os dados na tabela abaixo:

  ![](1764007921_Captura de tela 2025-11-24 151154.png){width=300px} 

O grupo também realizou uma pesquisa sobre a produção de leite no Brasil por estados e obteve as informações, apresentadas no gráfico abaixo, relativas aos 5 maiores produtores nacionais:

  ![](1764007955_Captura de tela 2025-11-24 151225.png){width=300px} 

Com base nos dados apresentados na tabela e no gráfico acima, podemos afirmar que","a média aritmética de produção de leite mundial é superior a 10 vezes a quantidade produzida por Minas Gerais.","Paraná, Rio Grande do Sul, Santa Catarina e Goiás produzem juntos uma quantidade de leite inferior a $\frac15$ da quantidade produzida pelo Paquistão.","a quantidade produzida pelos demais estados brasileiros, não listados no gráfico, é inferior a $\frac13$ da quantidade produzida pela China.
","Minas Gerais produz menos de 9% do leite total produzido pelos Estados Unidos.","ainda que o Paraná produzisse 6 vezes mais do que produziu em 2024, o Brasil não superaria a quantidade produzida pelo Paquistão.","e"
"2b49566d-7cfa-47cd-9cc1-10b6df7c39b8","Matemática","VI - Medidas Geométricas","Colégio Militar de Fortaleza",2025,NA,"A jangada é um dos maiores símbolos culturais de Fortaleza, pois está fortemente associada à vida dos pescadores e à relação da capital cearense com o mar. Pensando em homenagear sua cidade, Nicodemos criou a representação de uma jangada em um mosaico, utilizando uma malha quadriculada de lado 1,5 𝑐𝑚. A jangada desenhada por Nicodemos é composta por três partes principais: o mastro, a vela e a parte inferior da jangada, como mostra a imagem a seguir:

  ![](1764008090_Captura de tela 2025-11-24 151442.png){width=300px} 

Com base nas informações apresentadas, analise as afirmações abaixo:

I. Se um potinho de tinta guache de 5𝑚𝐿 pinta 4,5 𝑐𝑚2, 12 potinhos seriam suficientes para pintar a parte inferior da jangada.
II. A área da vela representa mais de 25% da área total da jangada.
III. A vela tem 0,5625 𝑑𝑚2 de área a menos que a parte inferior da jangada.
IV. A soma da área da parte inferior da jangada com a área do mastro é maior que 80% da área total da jangada.
V. O quociente entre a área da vela e a área do mastro é igual a $\frac{25}{14}$.

As afirmações verdadeiras são","I e II.","II e IV.","III e V.","I e IV.","II e V.","e"
"7c3b405b-d3a0-47bf-b74e-244210285ba0","Matemática","V - Números Decimais","Colégio Militar de Fortaleza",2025,NA,"Nicodemos e sua família viajaram até Guaramiranga, que é um município brasileiro do estado do Ceará, localizado na região serrana.

Sabe-se que, no deslocamento de ida, o pai de Nicodemos percorreu uma distância de 100,8 𝑘𝑚 (trajeto de sua residência até o local da hospedagem), levando o tempo de 1,4 ℎ𝑜𝑟𝑎, sempre a uma mesma velocidade.

Se no deslocamento de retorno, realizando o mesmo trajeto da ida de sua residência à hospedagem, a viagem durou 12 𝑚𝑖𝑛𝑢𝑡𝑜𝑠 a menos do que na ida, podemos afirmar que a velocidade média constante do veículo no trajeto de retorno, foi de

*Observação: considere a velocidade média como sendo o quociente da distância pelo tempo*","72 Km/h.","76 Km/h.","80 Km/h.","84 Km/h.","88 Km/h.","d"
"d9e45ca4-6a54-4bcf-bade-8ba2e38cedc4","Matemática","V - Números Decimais","Colégio Militar de Fortaleza",2025,NA,"Um quadrado mágico é uma tabela quadrada que possui o mesmo número de linhas e o mesmo número de colunas, cuja soma dos valores apresentados em cada linha, cada coluna e nas duas diagonais formadas por quatro quadrados é sempre a mesma.

Pensando em estimular o raciocínio de sua turma, o professor propôs o quadrado mágico conforme figura abaixo e lançou a seguinte pergunta: “Qual a média aritmética dos valores representados pelos símbolos -   ![](1764008373_Captura de tela 2025-11-24 151926.png){width=300px} ?”

  ![](1764008397_Captura de tela 2025-11-24 151950.png){width=300px} 

A resposta correta obtida pela turma foi","2,8","3,2","4,75","14","16","a"
"4f359a99-2bf4-4709-81c9-a9126cda97e8","Matemática","V - Números Decimais","Colégio Militar de Fortaleza",2025,NA,"Os meses de fevereiro a maio compreendem o período mais chuvoso em Fortaleza, com picos de chuva em março e abril. A ""quadra chuvosa"", como é conhecida essa época, pode variar um pouco, mas esses meses são os que historicamente apresentam maior probabilidade de precipitação. Em uma forte tempestade nesse período, ocorreu um relâmpago tão forte e estridente que o fornecimento de energia elétrica da cidade foi interrompido durante muitas horas. O aluno Nicodemos, que estava estudando matemática em seu quarto, observou que, no exato instante em que ouviu o estrondo do
relâmpago, seu relógio de parede marcava 4ℎ 47𝑚𝑖n da tarde (horário de Brasília). A partir daí, incrivelmente, houve uma interferência no funcionamento dos ponteiros do relógio de parede de Nicodemos, que passou a girar no sentido contrário, mas sem alterar a velocidade. A energia elétrica foi reestabelecida somente na manhã do dia seguinte, precisamente às 6ℎ 19𝑚𝑖𝑛, horário de Brasília.

No instante em que a luz retornou, o horário que estava marcando no relógio de parede de Nicodemos era igual a","1h 17 min","2h 15 min","2h 17 min","3h 15 min","3h 17 min","d"
"55efe306-682e-4c2a-ba40-6d775c87167c","Matemática","II - As 4 Operações","Colégio Militar de Fortaleza",2025,NA,"Nicodemos ganhou de seu pai 8 fichas numeradas de 1 a 8. Ele pegou todas essas 8 fichas e colocou em dois potes, pote 𝐴 e pote 𝐵, de modo que a soma dos números das fichas de um pote seja igual à soma dos números das fichas do outro pote. Se há apenas 3 fichas no pote 𝐴 e 5 fichas no pote 𝐵, então pode-se afirmar que","4 fichas no pote 𝐵 têm número par.","a ficha 1 está no pote A","a ficha 2 está no pote 𝐵.","apenas 3 fichas no pote 𝐵 têm número ímpar.","o pote 𝐴 possui exatamente duas fichas pares.","c"
"d4ae44a1-674f-4576-8338-9cfa6bf03b21","Matemática","VI - Medidas Geométricas","Colégio Militar de Fortaleza",2025,NA,"Considere as afirmativas abaixo:

I. Os sólidos geométricos são divididos em dois grupos principais: poliedros e corpos redondos.
II. Todo quadrado é um losango.
III. Existe um grupo de quadriláteros que possuem apenas um par de lados paralelos.
IV. Existe um grupo de quadriláteros que possuem todos os lados iguais, mas não são quadrados.
V. Uma caixa d’água no formato de hexaedro regular de aresta medindo $\frac32$ 𝑐𝑚 tem capacidade maior do que 3,37 𝑙𝑖𝑡𝑟𝑜𝑠.

Após a análise das afirmações, concluímos que","todas as afirmações são erradas.","apenas uma afirmação está errada.","duas afirmações estão erradas.","três afirmações estão erradas.","quatro afirmações estão erradas.","b"
"ffafb493-9d5e-4cc0-bf96-0056eb34c0aa","Matemática","II - As 4 Operações","Colégio Militar de Fortaleza",2025,NA,"O diálogo a seguir, entre os alunos Nicodemos e Mariana, ocorreu no dia 12 de agosto de 2025, uma terça-feira, como se vê na figura.

  ![](1764009110_Captura de tela 2025-11-24 153142.png){width=300px} 

A Aluna Mariana, que gosta muito de desafios matemáticos, obteve rapidamente a resposta, não esquecendo, obviamente, dos anos bissextos (2016, 2020 e 2024). Analisando a situação-problema apresentada acima, podemos afirmar que o número de dias de vida que Nicodemos possuía na data do diálogo era de","4074.","4073.","4072.","4071.","4070.","b"
"61074a37-fcc8-4244-adfd-2a864048d1b2","Matemática","VII - Tratamento da Informação","Colégio Militar de Fortaleza",2025,NA,"Um torneio de futebol foi disputado por 5 seleções da América Central, além de um país convidado da América do Norte. Cada uma dessas seleções disputou exatamente um jogo com cada uma das outras 5. A tabela abaixo apresenta a classificação final do torneio, o qual atribuía 3 pontos por vitória, 1 ponto por empate e 0 ponto por derrota.

  ![](1764009478_Captura de tela 2025-11-24 153751.png){width=300px} 

Sabendo que o MÉXICO ganhou da JAMAICA, podemos afirmar que houve empate do MÉXICO com","a seleção de HONDURAS.","a seleção da COSTA RICA.","a seleção do PANAMÁ.","a seleção de EL SALVADOR.","nenhuma das seleções.","a"
"3d8b29a1-e548-449e-93cc-689c6794b8ff","Matemática","VII - Tratamento da Informação","Colégio Militar de Fortaleza",2025,NA,"O professor de Ciências levou a turma para o laboratório. Ele pegou um recipiente grande cheio de água e colocou na balança.

O professor disse:

— “Olhem, crianças! Com o recipiente cheio de água, o peso total é de 5500 𝑔𝑟𝑎𝑚𝑎𝑠”.

Depois, ele tirou metade da água e colocou novamente na balança e disse:

— “Agora, com metade da água, o peso ficou em 3500 𝑔𝑟𝑎𝑚𝑎𝑠.”

Com base nas informações do diálogo acima, analise as afirmações abaixo (itens I, II e III), e assinale a opção correta.

I. o recipiente vazio pesa 2 𝑘𝑔.
II. estando o recipiente cheio, a água pesa 4 𝑘𝑔.
III. considerando que 1 𝐿 de água é igual a 1 𝑘𝑔, estando o recipiente completamente cheio, para esvaziá-lo são necessários, no mínimo, oito vezes outro recipiente com 0,5 𝑑𝑚3 de volume.
","As afirmações I e II estão corretas.","As afirmações II e III estão corretas.","Somente a afirmação I está correta.","Somente a afirmação II está correta.","Somente a afirmação III está correta.","b"
"8e92714d-547d-43f9-8f86-fcadbb86b3c4","Matemática","VII - Tratamento da Informação","Colégio Militar de Fortaleza",2025,NA,"Nicodemos participou de um torneio online de corrida futurista, que se constituía de 6 corridas para cada participante. O desempenho do jogador era medido pelo tempo (em segundos) gasto para completar as corridas.

Os resultados obtidos por Nicodemos nas 5 primeiras corridas, em segundos, foram de:

- Corrida 1: 615
- Corrida 2: 590
- Corrida 3: 605
- Corrida 4: 620
- Corrida 5: 600

Nicodemos sabia que, para se classificar para a próxima fase do torneio, precisaria que a média aritmética dos tempos obtidos nas suas 6 corridas não ultrapassasse 605 segundos.

Dessa forma, o tempo máximo, em segundos, que Nicodemos deverá obter na 6ª corrida para que consiga se classificar será de","590","600","605","610","615","b"
"ae4c37a4-8731-4588-9439-a32d0c9af240","Matemática","V - Números Decimais","Colégio Militar de Fortaleza",2025,NA,"A Prefeitura de “Calculândia” deseja estender o acesso à energia elétrica até locais mais afastados do centro do município. Para isso, desenvolveu um projeto chamado “Projeto LUZ, CUSTE O QUE CUSTAR!”, que visa, num primeiro momento, à instalação de postes que atendam a dois vilarejos diferentes (A e B). O trajeto, a partir do início da transmissão de energia (poste M) até os vilarejos A e B (poste N e poste K, respectivamente), seguindo sempre por estradas retas, está ilustrado abaixo:

  ![](1764009795_Captura de tela 2025-11-24 154307.png){width=300px} 

É sabido que a distância entre o poste M (início da transmissão), seguindo pela estrada, até o vilarejo A (poste N) é de 3120𝑚 e que a distância entre o vilarejo A (poste N), também seguindo pela estrada, até o final da transmissão (poste K) é de 3696𝑚.

Com o objetivo de economizar, a Prefeitura optou por colocar todos esses postes ao longo das duas estradas, de forma a manter sempre a mesma distância entre eles e que, essa distância, fosse a maior possível. O projeto dava ênfase quanto à obrigatoriedade de que a nova transmissão passasse pelo poste N, ou seja, não seriam admitidos atalhos entre os postes. Sabe-se que:

- o valor unitário de cada poste é de 𝑅$ 2.225,00;
- o “Projeto LUZ, CUSTE O QUE CUSTAR” destina o valor de 𝑅$ 320.000,00 para a aquisição dos postes;
- a Prefeitura deseja comprar o número exato de postes para realizar a transmissão;
- os postes da figura (K, M e N) serão substituídos pelos novos postes.

Com relação ao total gasto na compra dos postes pela Prefeitura, concluímos que","o valor que sobrou do recurso destinado a essa compra resulta em um número primo.","haverá uma sobra de mais de 1% do valor destinado a essa compra.","haverá uma sobra de menos de 0,5% do valor destinado a essa compra.","resulta em um número divisível por 11.","o valor destinado à compra dos postes foi insuficiente.","d"
"844305ed-1ff3-4c34-a0eb-8c3893e2c4c5","Matemática","VI - Medidas Geométricas","Colégio Militar de Fortaleza",2025,NA,"Na Feira de Ciências do Colégio Militar de Fortaleza, os alunos do 9º ano montaram um experimento sobre armazenamento de líquidos em recipientes geométricos. Para isso, utilizaram caixas em formato de paralelepípedo retângulo, com dimensões indicadas na figura abaixo:

  ![](1764009975_Captura de tela 2025-11-24 154608.png){width=300px} 

Cada caixa será usada para armazenar um líquido colorido. Foram colocadas 30 caixas dessas dentro de um tanque em formato de paralelepípedo retangular de acrílico, com 60 𝑑𝑚 de comprimento, 40 𝑐𝑚 de largura e 0,3 𝑚 de altura. Sabe-se que 1 𝑑𝑚³ = 1 𝑙𝑖𝑡𝑟𝑜 e que as caixas são totalmente ocas por dentro.

Desconsiderando as espessuras das paredes das caixas e do tanque, podemos afirmar que, em litros, o volume de espaço ainda disponível dentro do tanque após todas as 30 caixas estarem cheias e colocadas dentro dele é de","480,0","560,5","705,6","714,4","720,0","c"
"158fd1bf-ef26-411e-9d68-e0581844266b","Português","CMF - 2025/2026","Colégio Militar de Fortaleza",2025,NA,"  ![](1764010366_Captura de tela 2025-11-24 155238.png){width=300px} 
  ![](1764010403_Captura de tela 2025-11-24 155315.png){width=300px} 
  ![](1764010432_Captura de tela 2025-11-24 155344.png){width=300px} 
  ![](1764010465_Captura de tela 2025-11-24 155418.png){width=300px} 

Em relação ao tempo narrativo, pode-se afirmar que","alterna eventos do passado e do presente.","apresenta os fatos em sequência cronológica.","não apresenta indicação objetiva de antes e depois.","há predominância de descrever somente as emoções do narrador.","apresenta saltos temporais que confundem a linearidade da história.","b"
"7ad5576a-3635-4d69-8039-a15c54729e9a","Português","CMF - 2025/2026","Colégio Militar de Fortaleza",2025,NA,"Em “Ele batia bola com a parede. Acho que a parede era o único amigo que ele tinha” (linha 36), qual é a função do substantivo “parede” nesse trecho?","Representa a solidão de Caloca.","Tem o papel de reforçar a formalidade da narração.","É usado como termo técnico, comum em manuais de esporte.","Substitui os amigos de forma realista, sem intenção de humor.","Funciona apenas como referência espacial, sem carga expressiva.","a"
"e303a2aa-ad6c-4afb-b04d-63565e1f7abc","Português","CMF - 2025/2026","Colégio Militar de Fortaleza",2025,NA,"A ironia presente no desfecho da narrativa está relacionada ao comportamento de Carlos Alberto. Qual das alternativas esclarece esse efeito?","Ele convence Catapimba a ser capitão do time no lugar do Beto.","Ele vence o campeonato sozinho, sem precisar da ajuda do time.","Ele prefere treinar de madrugada, mesmo sem a presença dos amigos.","Ele joga com a parede e descobre que é mais divertido do que jogar em grupo.","Ele se recusa a ser chamado de Caloca no início, mas, no final, pede para que usem o apelido.","e"
"337bfffa-afd3-435e-9cc2-c0bb86a5431d","Português","CMF - 2025/2026","Colégio Militar de Fortaleza",2025,NA,"A narrativa de Ruth Rocha, embora simples, carrega uma crítica implícita. Essa crítica está
relacionada","à falta de regras claras em jogos informais.","à falta de incentivo ao esporte nas escolas públicas.","à desigualdade econômica entre as crianças do bairro.","ao individualismo e à dificuldade de trabalhar em grupo.","à imposição de autoridade dos adultos sobre as crianças.","d"
"b4135c91-53b3-4621-88a7-ea565060735c","Português","CMF - 2025/2026","Colégio Militar de Fortaleza",2025,NA,"Na frase “... **acontecia** a mesma coisa.” (linha 9), a palavra sublinhada é um verbo. A alternativa em que o verbo sublinhado encontra-se no mesmo tempo e modo do termo acima é:","“Até um trem elétrico ele **ganhou** do avô. ” (linha 2)","“quando **resolvemos** entrar no campeonato do bairro.” (linhas 16 e 17)","“Mas os treinos nunca **chegavam** ao fim.” (linha 18)","“Se vocês me **deixarem** jogar,” (linha 39)","“E quando nós **ganhamos** o jogo final do campeonato...” (linha 66)","c"
"372a8721-164c-408e-9a09-b6cfe2ab63a1","Português","CMF - 2025/2026","Colégio Militar de Fortaleza",2025,NA,"  ![](1764010866_Captura de tela 2025-11-24 160059.png){width=300px} 
  ![](1764010905_Captura de tela 2025-11-24 160138.png){width=300px} 
  ![](1764010924_Captura de tela 2025-11-24 160158.png){width=300px} 

O TEXTO II tem como finalidade principal","apresentar críticas ao modelo educacional dos colégios militares.","informar sobre a rotina esportiva cotidiana dos estudantes da AMAN.","divulgar um evento cultural realizado por alunos de escolas públicas municipais.","noticiar e valorizar um evento estudantil que integra esporte, cultura e juventude.","convencer o leitor a se inscrever nas modalidades esportivas oferecidas pela AMAN.","d"
"6db77927-82e2-4219-b649-c44df0f5decd","Português","CMF - 2025/2026","Colégio Militar de Fortaleza",2025,NA,"No parágrafo “Durante seis dias, os jovens disputam 11 modalidades esportivas, como futebol, vôlei, basquete, handebol, natação, atletismo, hipismo, xadrez, judô, orientação e o exigente pentatlo moderno — **esse** combina corrida, natação, esgrima, pista de obstáculos e tiro a laser.”, o pronome “esse” contribui para a articulação entre as partes do texto, porque faz referência","à “corrida”, impedindo sua repetição.","ao “basquete”, evitando uma quebra sequencial.","ao hipismo, reforçando a dificuldade do esporte.","ao “pentatlo moderno”, descrevendo essa modalidade.","às “modalidades esportivas”, garantindo clareza na referência.","d"
"f850b34c-5d38-43d9-b554-69c07a766c52","Português","CMF - 2025/2026","Colégio Militar de Fortaleza",2025,NA,"No segmento “Outro destaque é a cobertura feita pelos próprios estudantes” (linha 22), a palavra **“próprios”** exerce o papel de","verbo, porque indica resultado de uma ação anterior.","adjetivo, porque caracteriza o substantivo “estudantes”.","substantivo, porque nomeia uma característica dos estudantes.","pronome possessivo, porque substitui o substantivo antecedente.","advérbio, porque modifica a intensidade do substantivo “estudantes”.","b"
"0be8050b-e21c-42e1-9b73-0de109927437","Português","CMF - 2025/2026","Colégio Militar de Fortaleza",2025,NA,"  ![](1764011122_Captura de tela 2025-11-24 160515.png){width=300px} 

Dos nomes dos esportes descritos na tirinha, marque a alternativa que contém somente os oxítonos.","Remo, salto e vela.","Vela, tênis e natação.","Remo, judô e natação.","Judô, ciclismo e futebol.","Judô, natação e futebol.","e"
"0168e5a5-94d9-46ae-aae2-c132c7788d7f","Português","CMF - 2025/2026","Colégio Militar de Fortaleza",2025,NA,"Observe a frase presente no segundo quadrinho:

**“Tantos esportes, e você só falava em futebol?!”**

Perceba que nela aparecem dois sinais juntos: o ponto de interrogação e o ponto de exclamação. 

Esse uso combinado indica que","o personagem faz uma pergunta de forma indignada, misturando dúvida e surpresa.","o uso de “?!” mostra que a frase não é uma pergunta, mas uma simples exclamação.
","os dois sinais juntos aparecem apenas para enfeitar o texto, sem alteração de sentido.","o ponto de interrogação é obrigatório, e o ponto de exclamação foi colocado por engano.","sempre que houver vírgula antes da interrogação, é preciso acrescentar também exclamação.","a"
"7db11882-2184-44b4-bad6-80bcb5dcee0f","Português","CMF - 2025/2026","Colégio Militar de Fortaleza",2025,NA,"  ![](1764011269_Captura de tela 2025-11-24 160743.png){width=300px} 

A partir da leitura do infográfico (TEXTO IV), é possível afirmar que","a delegação brasileira de 2024 possui mais atletas militares que civis.","a Marinha é a Força Armada que sempre envia mais atletas para os Jogos Olímpicos.","o maior número de medalhas do Brasil em 2016 foi conquistado por atletas militares.","o percentual de medalhas conquistadas por atletas militares aumentou nos últimos anos.","o número total de medalhas conquistadas pelo Brasil diminuiu na edição dos jogos de 2020.","c"
"2f29c775-ff9a-4bea-aa24-5174f7983b58","Português","CMF - 2025/2026","Colégio Militar de Fortaleza",2025,NA,"Com base nas palavras extraídas do TEXTO IV, assinale a opção que apresenta um adjetivo cuja flexão se dá no plural masculino.","forças","atletas","medalhas","brasileiros","modalidades","d"
"97ea4421-1296-423b-a8b2-068715808d3a","Português","CMF - 2025/2026","Colégio Militar de Fortaleza",2025,NA,"  ![](1764011371_Captura de tela 2025-11-24 160925.png){width=300px} 
Foi sobre duas rodas que eu perdi uma perna. Hoje, outras duas rodas me fazem correr atrás do que eu quero pra minha vida. De um jeito ou de outro, todo brasileiro tem calo nas mãos. Os meus me dão confiança pra levar meu corpo e meu país pro pódio.

No TEXTO V, o enunciado “todo brasileiro tem calo nas mãos” foi utilizado pelo autor para transmitir uma ideia que vai além do sentido literal. Assim, pode-se afirmar que essa frase sugere que","o povo brasileiro conquista seus objetivos com esforço e perseverança.","a experiência do atleta é única e não pode ser relacionada à vida cotidiana da população brasileira.","o sucesso esportivo é resultado exclusivo de treinos físicos intensos, comparáveis ao trabalho braçal.","a história brasileira é marcada pelo trabalho manual pesado, sem espaço para outras formas de atuação.","a precariedade das condições de vida no Brasil não permite que as pessoas alcancem vitórias sem haver esforço físico.","a"
"d36d5eba-fb2f-4667-9c1a-78adcbe90bfb","Português","CMF - 2025/2026","Colégio Militar de Fortaleza",2025,NA,"No TEXTO V, ao relacionar as “duas rodas” com o acidente e depois com a cadeira de rodas, o narrador constrói um discurso marcado por","ressentimento, já que a lembrança do acidente ainda é dolorosa. ","superação, ao transformar uma tragédia em oportunidade de vitória.","melancolia, por lembrar a vida sem limitações que possuía antes do acidente.","ironia, pois apresenta o mesmo objeto como causa e solução de seus problemas.","crítica social, ao mostrar a falta de segurança no trânsito brasileiro, que aumenta a cada dia.","b"
"b1046fb6-2287-4647-b7de-4ee2028772f8","Português","CMF - 2025/2026","Colégio Militar de Fortaleza",2025,NA,"**Futebol**

Carlos Drummond de Andrade
Futebol se joga no estádio?
Futebol se joga na praia,
futebol se joga na rua,
futebol se joga na alma.
A bola é a mesma: forma sacra
para craques e pernas de pau.
Mesma a volúpia de chutar
na delirante copa-mundo
ou no árido espaço do morro.
São voos de estátuas súbitas,
desenhos feéricos, bailados
de pés e troncos entrançados.
Instantes lúdicos: flutua
o jogador, gravado no ar
— afinal, o corpo triunfante
da triste lei da gravidade. 

No verso “A bola é a mesma: forma sacra”, a palavra **“sacra”** sugere que a bola","é valorizada como se fosse um objeto religioso.","é um simples objeto de jogo, sem valor especial.","é destinada apenas aos grandes craques do futebol.","é uma entidade proibida para quem não sabe jogar.","possui propriedades mágicas capazes de mudar o destino.","a"
"2888fcd3-4e16-4b98-8feb-0df9ab858a98","Português","CMF - 2025/2026","Colégio Militar de Fortaleza",2025,NA,"Ao afirmar que a bola é a mesma “para craques e pernas de pau”, Drummond cria um efeito de","humor, ao equiparar jogadores habilidosos e desajeitados diante do mesmo objeto.","ironia amarga, ao sugerir que os craques não têm vantagem alguma sobre os ruins.","humor involuntário, já que o poeta não pretendia sugerir graça nesse contraste.","contradição, porque a bola usada por craques não é a mesma dos amadores.","ironia, ridicularizando tanto os bons quanto os maus jogadores.","a"
"092f14b7-ea9f-4ae9-8a38-a73d3357e77a","Português","CMF - 2025/2026","Colégio Militar de Fortaleza",2025,NA,"  ![](1764011630_Captura de tela 2025-11-24 161341.png){width=300px} 
  ![](1764011691_Captura de tela 2025-11-24 161439.png){width=300px} 

A oração “Os tempos são decididamente outros” (linhas 11 e 12), empregada pelo narrador, indica que o pai","ironiza a situação, pois considera que nada mudou de fato.","reconhece que a forma de brincar do filho é diferente da sua.","culpa o próprio presente por não ter atendido às expectativas do filho.","reprova a postura do filho e deseja que ele volte a brincar como no passado.","compreende e aceita com naturalidade a mudança de hábitos entre gerações.","b"
"0c857fed-fa27-479f-bf23-7f6744b06032","Português","CMF - 2025/2026","Colégio Militar de Fortaleza",2025,NA,"Observe o trecho:

“— Ah, então é uma bola.
— Claro que é uma bola.
— Uma bola, bola. Uma bola mesmo.”

O efeito produzido pela repetição da palavra **bola** é:","Demonstrar a insistência do pai em convencer o filho de que o objeto é útil.","Representar o entusiasmo infantil ao reconhecer a simplicidade do brinquedo.","Reforçar a crítica do narrador à qualidade da bola de plástico em comparação ao couro.","Ressaltar a aceitação imediata do garoto, que compreende o valor simbólico do presente.","Enfatizar a decepção do garoto diante de um objeto que não corresponde às suas expectativas.","e"
"5979969f-20eb-4fcb-a364-ca731ddad650","Português","CMF - 2025/2026","Colégio Militar de Fortaleza",2025,NA,"Marque a alternativa em que se pode identificar um pronome pessoal oblíquo no texto:","""Lembrando o prazer que sentira ao ganhar a sua primeira bola do pai.” (linhas 1 e 2)","“Ou o que os garotos dizem hoje em dia quando gostam do presente ou não querem magoar o velho.” (linhas 4 e 5)","“Depois começou a girar a bola, à procura de alguma coisa.” (linhas 5 e 6)","O pai começou a desanimar e a pensar que os tempos são outros.” (linha 11)","“O pai segurou a bola com as mãos e a cheirou, tentando recapturar mentalmente o cheiro de couro.” (linhas 32 e 33)
","e"
"7f91083f-81df-4547-9ecf-38098445dec5","Português","CMF - 2025/2026","Colégio Militar de Fortaleza",2025,NA,"No trecho “— Controla, chuta...” (linha 17), o efeito de sentido decorrente do uso da vírgula é","impor como se deve usar a bola.","questionar a forma de jogar bola.","deduzir como se brinca com a bola.","retificar como o garoto pode jogar bola.","ordenar ações que se pode realizar com a bola.","e"
"a74cd922-a2d3-4f96-b88d-b039cfa4ac36","Matemática","III - Múltiplos e Divisores","Colégio Militar de Curitiba",2025,NA,"Augusto aprendeu um truque numérico que sempre leva ao mesmo resultado misterioso. Animado, decidiu mostrar o desafio ao seu irmão, Caio. Para isso, pediu que ele seguisse fielmente as etapas abaixo, na ordem indicada:

Etapa 1. Escolha um número com 3 algarismos, em que o primeiro algarismo seja maior que o segundo, e este maior que o terceiro.
Etapa 2. Troque de posição o primeiro com o terceiro algarismo desse número, formando um segundo número.
Etapa 3. Subtraia o menor desses dois números do maior.
Etapa 4. Troque a posição do primeiro com o terceiro algarismo do resultado da subtração.
Etapa 5. Some o número obtido na etapa 4 com o resultado obtido na etapa 3.

Caio seguiu todas as etapas corretamente. Para sua surpresa, Augusto revelou o resultado final e acertou! Augusto garante que, independentemente do número inicialmente escolhido, o resultado final será sempre o mesmo.

Assinale a alternativa que descreve uma propriedade desse número misterioso obtido ao final das etapas","É múltiplo de 3, mas não é múltiplo de 9","É múltiplo de 11 e de 99","É múltiplo de 2","É múltiplo de 27","É múltiplo de 5","b"
"8d4abdce-0d54-49d7-a1b6-c009d7bbbff0","Matemática","VI - Medidas Geométricas","Colégio Militar de Curitiba",2025,NA,"Uma calculadora básica para operações matemáticas simples foi apresentada aos alunos do 5º ano de um colégio. O teclado do aparelho, representado na figura abaixo, contém as teclas dos algarismos (de 0 a 9), das quatro operações básicas soma (+), subtração (-), multiplicação (x) e divisão (÷), da vírgula decimal (,) e do sinal de igual (=), que exibe o resultado no visor. 

  ![](1764017971_Captura de tela 2025-11-24 175924.png){width=300px} 

Márcia, uma das alunas do 5º ano, está tão habituada a usar a calculadora básica que já memorizou a posição das teclas e digita sem olhar para o teclado. No entanto, ao realizar a operação

675691+80

ela não percebeu que a calculadora estava girada em 180°, ou seja, de cabeça para baixo. Em seguida ela percebeu o engano e virou a calculadora para a posição correta antes de ler o resultado no visor.

Considerando esta situação, assinale a alternativa que representa o resultado que apareceu no visor da calculadora.","194,57","415","458015","5,14","312,85","a"
"bb080c74-c7c8-43e2-a227-577cfcae8993","Matemática","IV - Frações","Colégio Militar de Curitiba",2025,NA,"Com a finalidade de verificar se os alunos do Colégio Militar de Curitiba praticam atividade física fora do colégio, a Seção de Educação Física perguntou a todos os alunos desse estabelecimento se praticavam ou não alguma modalidade esportiva; caso a resposta fosse positiva, qual(is) era(m) essa(s) atividade(s).

Parte dos resultados está apresentado abaixo:

• $\frac34$ dos alunos praticam, pelo menos, uma modalidade esportiva.
• Dentre os que praticam alguma modalidade esportiva, $\frac27$ praticam, pelo menos, duas modalidades.
• 465 alunos praticam exatamente uma modalidade esportiva.

Qual o número de alunos que praticam mais de uma modalidade esportiva? Assinale a alternativa correta.
","217","465","186","248","403","c"
"159c0b13-9813-47c8-bfb5-2d0bfcfa3e74","Matemática","V - Números Decimais","Colégio Militar de Curitiba",2025,NA,"Visando reduzir a dependência de combustíveis importados, o Conselho Nacional Estratégico de Petróleo (CNEP), do hipotético país da Arquelândia, cujas leis não estão pautadas nas regras do mercado financeiro internacional, determinou o aumento do percentual de etanol na mistura de um combustível tipo “A”. Até 31 de julho de 2025, esse combustível continha 25% de etanol. A partir de 1º de agosto de 2025, o percentual obrigatório de etanol na mistura passou a ser de 30%. O dono de um posto de combustível possui um reservatório com capacidade de 5000 litros e nesse momento, encontra-se com 2800 litros de um combustível “A” com a proporção antiga (25% de etanol).

Para se adequar à nova norma, marque a alternativa que corresponde à quantidade de litros de etanol que o dono do posto deve adicionar ao combustível já existente no reservatório.","100 litros ","200 litros","300 litros","400 litros ","500 litros","b"
"2f4740db-48ed-4b86-9731-7177b2f26194","Matemática","VI - Medidas Geométricas","Colégio Militar de Curitiba",2025,NA,"Considere um cubo de 6 faces, numeradas de 1 a 6, que se encontra planificado e está representado na figura 1. Unindo-se adequadamente 8 cubos idênticos, montados a partir da planificação da Figura 1, obtémse um novo cubo, no formato tridimensional, representado na figura 2, no qual foram omitidos os números das faces externas. 

  ![](1764018400_Captura de tela 2025-11-24 180633.png){width=300px}

 Na formação do cubo da figura 2, a montagem foi feita de modo que a soma dos números de todas as faces que ficaram expostas no exterior do cubo montado fosse **a menor possível**. Em relação à soma dos números representados nas 6 faces desse cubo, marque a alternativa correta. ","é divisível por 8 e 9","é divisível por 3 e 8","é divisível por 7 e 8","é divisível por 6 e 7","é divisível por 5 e 4","c"
"1adf0b3a-45b0-4316-b8fd-debf4e759dec","Matemática","VI - Medidas Geométricas","Colégio Militar de Curitiba",2025,NA,"Moisés possui um dado que tem suas seis faces numeradas com seis números consecutivos: 48, 49, 50, 51, 52 e 53.

Assim como em um dado comum, a soma dos números de quaisquer duas faces opostas é sempre igual.

Dessa forma, marque a alternativa que corresponde à soma dos números das faces opostas no dado pertencente a Moisés.","100","101","102","103","104","b"
"a917e799-7553-4949-b1ea-f4b1e27547ca","Matemática","VI - Medidas Geométricas","Colégio Militar de Curitiba",2025,NA,"A figura abaixo representa um terreno, cujos lados são todos segmentos de reta que se encontram formando ângulos retos. Três lados desse terreno já estão medidos, conforme indicados na figura. 

  ![](1764018547_Captura de tela 2025-11-24 180854.png){width=300px} 

O perímetro total desse terreno, em metros, é:","55,94 m","64,73 m","75,74 m","72,83 m","78,65 m","c"
"5e27c3ef-d02e-4792-b08e-cd7022142a4f","Matemática","VI - Medidas Geométricas","Colégio Militar de Curitiba",2025,NA,"O TANGRAM é um quebra-cabeça chinês composto por 7 peças que juntas formam um quadrado perfeito.

As 7 peças estão desenhadas na figura 1 e representadas em uma malha quadriculada, formando um quadrado perfeito, na figura 2.

  ![](1764018611_Captura de tela 2025-11-24 181005.png){width=300px} 

As peças são:

 → 2 triângulos grandes
 → 1 triângulo médio
 → 2 triângulos pequenos
 → 1 quadrado
 → 1 paralelogramo

Com relação às peças do TANGRAM, é correto afirmar que","a área do triângulo pequeno corresponde a $\frac18$ da área do TANGRAM","a área do paralelogramo corresponde à metade da área do triângulo pequeno. ","a área do quadrado, somada à área dos dois triângulos pequenos, corresponde a $\frac34$ da área de um triângulo grande."," a área de um triângulo pequeno corresponde a $\frac13$ da área de um triângulo grande.","o paralelogramo, o quadrado e o triângulo médio têm todos a mesma área. ","e"
"425f3215-6542-4d2e-b3d0-41bb1df315c1","Matemática","V - Números Decimais","Colégio Militar de Curitiba",2025,NA,"No Colégio Militar de Curitiba, a lojinha de artigos militares vende o conjunto completo do uniforme esportivo por R$ 200,00. Para incentivar os alunos a adquirirem o conjunto completo, foi autorizado um desconto de 20%. Após algum tempo, a lojinha aplicou ainda um novo desconto de 15% sobre o valor já reduzido.

Marque a alternativa que corresponde ao percentual do desconto total em relação ao valor original.
","32%","33%","34%","35%","36%","a"
"00e7d6d0-72f8-4d68-9d98-8ec8d3c20b67","Matemática","II - As 4 Operações","Colégio Militar de Curitiba",2025,NA,"O professor de circo Lucca fez uma atividade voluntária para crianças em dois horários diferentes. Para essa atividade, ele tinha a sua disposição 17 pratos de equilíbrio e 34 bolinhas de malabares, de forma que tanto os pratos quanto as bolinhas deveriam ser distribuídos igualmente entre os participantes em cada horário.

Sabe-se que, no primeiro horário, após a divisão entre os participantes, sobraram 5 pratos de equilíbrio e 4 bolinhas de malabares. Já no segundo horário, ao realizar a divisão entre os novos participantes, sobraram 4 pratos de equilíbrio e 8 bolinhas de malabares.

Qual o número de participantes que Lucca teve ao todo com essa atividade? Marque a alternativa correta.","7","10","13","15","19","e"
"11aea425-6ed8-4268-b7bc-a2bc0449633c","Matemática","V - Números Decimais","Colégio Militar de Curitiba",2025,NA,"A mãe de Maria Luiza sempre pesquisa os preços antes de ir ao supermercado. Uma forma de verificar os preços sem se deslocar até o estabelecimento é através do aplicativo Menor Preço, do governo paranaense. Nele, podemos consultar os preços de quaisquer produtos que tenham sido comprados e associados ao Nota Paraná.

Para auxiliar sua mãe na comparação dos preços, Maria Luiza consultou a lista de compras da mãe e construiu uma tabela com os preços dos produtos, em 3 mercados igualmente distantes de sua casa.

Na tabela inseriu também as quantidades necessárias de cada produto, o preço, em reais (R$), por unidade e tomou o cuidado para comparar os produtos iguais de mesma marca. Os resultados estão especificados na tabela abaixo:

  ![](1764019039_Captura de tela 2025-11-24 181647.png){width=300px} 

Maria Luiza calculou o valor da compra nos 3 mercados, de acordo com a tabela acima e posteriormente ordenou-os, do menor para o maior valor. Qual a sequência obtida por Maria Luiza?

Marque a alternativa correta.","B C A","C A B","A B C ","A C B","C B A","d"
"fdc1e690-db1b-40d8-926f-3047e350ac84","Matemática","III - Múltiplos e Divisores","Colégio Militar de Curitiba",2025,NA,"Todos os anos, durante a Semana de Jogos, os estudantes do Colégio Militar de Curitiba (CMC) arrecadam alimentos para a doação de cestas básicas destinadas a famílias carentes. Em 2025 foram arrecadados pouco menos que meia tonelada de feijão, em embalagens de 1 kg. A Legião de Honra do CMC é a responsável pela confecção das cestas, utilizando todos os itens arrecadados. Feita a contagem, notou-se que cada cesta básica poderia ter 2, 3 ou 4 pacotes de feijão, sem sobra nem falta desse produto. No entanto, se fossem colocados 5 pacotes de feijão, em cada cesta básica, seriam necessários mais 2 kg desse produto para completar a última cesta.

Decidiu-se confeccionar as cestas com 3 pacotes de feijão. Qual é a quantidade máxima de cestas básicas que foram produzidas? Marque a alternativa correta.","500","234","117","492","156","e"
"feef2561-9bf0-4650-926f-80127a48ff6f","Matemática","III - Múltiplos e Divisores","Colégio Militar de Curitiba",2025,NA,"As corridas de rua têm motivado muitas pessoas a se exercitar. Gabriel, motivado pelos colegas de trabalho, decidiu correr e anotou algumas informações relativas aos seus treinos de corrida, durante o 1º semestre de 2025, representadas abaixo:

 1ª Anotação: em janeiro treinou, ao todo, 500 km.
 2ª Anotação: em fevereiro percorreu, ao todo, 450 km.
 3ª Anotação: treinou, em média, 495 km mensais, nos 3 primeiros meses do ano.
 4ª Anotação: em abril, sofreu com uma lesão e treinou apenas 200 km.
 5ª Anotação: nos 31 dias de maio, treinou todos os dias, exatamente 15 km.
 6ª Anotação: a distância média mensal dos treinos, nos 6 primeiros meses do ano, foi de 445 km.

Analisando a quantidade de quilômetros (km) percorridos em cada mês, assinale a alternativa correta:","A média aritmética da distância percorrida por Gabriel, no primeiro trimestre foi menor que a média aritmética da distância percorrida no segundo trimestre do ano.","No mês de junho, Gabriel percorreu ao todo 510 km.","No mês de março, Gabriel percorreu, ao todo 535 km","O mês em que Gabriel mais correu foi junho.","No mês de maio, Gabriel percorreu ao todo exatos 450 km.","c"
"bcf0a2e4-4233-4f85-8ed1-5a725abf10b3","Matemática","II - As 4 Operações","Colégio Militar de Curitiba",2025,NA,"Após as provas do concurso de admissão ao Colégio Militar de Curitiba, três amigos foram a uma lanchonete e fizeram seus pedidos:

• Pedido da Rafaela: 1 hambúrguer e 2 sucos de maracujá.
• Pedido do Pedro: 1 hambúrguer, 1 suco de maracujá e 1 porção de batata frita.
• Pedido da Lúcia: 2 hambúrgueres e 1 suco de maracujá.

As contas de Rafaela, Pedro e Lúcia foram, respectivamente, R$ 31,00, R$ 32,00 e R$ 38,00.

Sabendo que todos os hambúrgueres têm o mesmo preço, assim como os sucos de maracujá, marque a alternativa que corresponde ao preço da porção de batata frita","R$ 9,00","R$ 10,00","R$ 12,00","R$ 8,00","R$ 25,00","a"
"f7e88a12-0d11-4385-b56f-7aac2e686bcb","Matemática","II - As 4 Operações","Colégio Militar de Curitiba",2025,NA,"Eduardo possui uma coleção com mais de 50 carrinhos e não vê a hora de atingir 100 unidades. Brincando de agrupar seus carrinhos, percebeu que se fizer grupos de 7 carrinhos, sobram 5, mas se fizer grupos de 8 carrinhos, sobra apenas 1.

Podemos afirmar que a quantidade de carrinhos que Eduardo tem é um número","divisível por 2","divisível por 3","divisível por 5","divisível por 7","primo","e"
"b0efe1d5-2d5e-4b6f-9571-c28358e41b58","Matemática","V - Números Decimais","Colégio Militar de Curitiba",2025,NA,"O relógio analógico da sala de Pedrinho tem apenas o ponteiro das horas, conforme a figura abaixo.

  ![](1764020196_Captura de tela 2025-11-24 183628.png){width=300px} 

Num dado momento, no período da manhã, quando Pedrinho saiu para a aula de educação física, o ponteiro das horas apontava para a marcação referente ao 42º (quadragésimo segundo) minuto, conforme a figura acima.

Após a aula de educação física, sucedeu o intervalo e uma atividade na cantina. Só depois disso, Pedrinho voltou à sala de aula, no mesmo período. Nesse momento, o ponteiro das horas apontava para o 53º (quinquagésimo terceiro) minuto.

Quanto tempo se passou desde que Pedrinho saiu da sala de aula até seu retorno? Marque a alternativa correta.","132 minutos.","11 minutos.","131 minutos.","120 minutos.","212 minutos.","a"
"df71e8a1-175c-4188-8606-7cbd9993edaa","Matemática","IV - Frações","Colégio Militar de Curitiba",2025,NA,"Considere as seguintes regras aplicadas ao voleibol de quadra:

Um set (exceto o 5º set decisivo) é vencido pela equipe que primeiro marcar 25 pontos, com uma diferença mínima de 2 pontos. No caso de empate em 24x24, o jogo continua até que a diferença de dois pontos seja atingida (26x24; 27x25; etc.). Vencerá a partida a equipe que vencer três sets. No caso de um empate em 2x2, o 5º set decisivo será jogado até 15 pontos, com uma diferença mínima de 2 pontos.

Texto disponível em:<www2.fpv.com.br/wp-content/uploads/2025/02/Regras-Oficiais-Voleibol-2025_2028.pdf>. Acesso em 10 Set 25.

A tabela a seguir mostra os pontos do Brasil e do Japão, em cada set, em um jogo amistoso:

  ![](1764020396_Captura de tela 2025-11-24 183948.png){width=300px} 

Com base nesses dados, marque a alternativa que corresponde ao set em que o Brasil obteve o melhor aproveitamento dos pontos com relação ao total de pontos disputados no set.
","1º set","2º set","3º set","4º set","5º set","c"
"d1dd8a95-a6c9-4211-b808-ba6f90c23cd7","Matemática","V - Números Decimais","Colégio Militar de Curitiba",2025,NA,"Giovana gosta de montar Quadrados Mágicos, que são tabelas 3x3 (3 linhas e 3 colunas) nas quais a soma dos números de qualquer linha, coluna ou diagonal é sempre a mesma. Ela pediu ao pai 9 números consecutivos para montar um quadrado mágico. O pai, então, forneceu duas expressões numéricas. Os resultados dessas expressões, quando calculados corretamente, correspondem ao menor e ao maior número da sequência.

As expressões numéricas fornecidas pelo pai de Giovana são as seguintes:

  ![](1764020940_Captura de tela 2025-11-24 184854.png){width=300px} 

Calculados os números, Giovana montou o Quadrado Mágico corretamente.

Marque a alternativa que corresponde ao número encontrado por Giovana, que se localiza no quadrado central do Quadrado Mágico da figura abaixo, representado pelo símbolo # 

  ![](1764020982_Captura de tela 2025-11-24 184933.png){width=300px} ","13","5","17","9","10","d"
"c0d30bb7-13fc-4ac9-bcc1-3d78f9cea4e3","Matemática","III - Múltiplos e Divisores","Colégio Militar de Curitiba",2025,NA,"Com o objetivo de atrair mais turistas, a hipotética cidade de Bela Viagem melhorou sua infraestrutura de transportes ao construir um novo modal: o VLT (Veículo Leve sobre Trilhos), que liga o aeroporto ao centro da cidade, passando por pontos turísticos. A linha do VLT tem 7 estações — A, B, C, D, E, F e G — distribuídas ao longo de um mesmo trajeto, conforme a representação:

 A__________B__________C__________D__________E__________F__________G

O VLT faz paradas em todas as estações e, ao chegar aos terminais A e G, inverte o sentido do percurso.

Marco Antônio, condutor do VLT, iniciou seu turno de trabalho na estação D, e sua primeira parada foi na estação C.

Marque a alternativa que indica em qual estação Marco Antônio estará ao efetuar sua 126ª parada","A","D","C","B","G","b"
"d5278127-7312-4d6b-bd03-2bd9d0444cbd","Matemática","VII - Tratamento da Informação","Colégio Militar de Curitiba",2025,NA,"A prática de atividades esportivas é um dos pilares do Sistema de Colégios Militares do Brasil. Parte dos alunos de todos os colégios se reúne anualmente para os Jogos da Amizade, momento em que competem nas mais diversas modalidades esportivas. A tabela abaixo apresenta dados referentes aos atletas de alguns colégios do sistema que, separados por sexo masculino e feminino, competiram em uma modalidade esportiva individual. 

  ![](1764021600_Captura de tela 2025-11-24 185950.png){width=300px} 

Na modalidade em questão, os atletas competiram de acordo com o sexo, isto é, homens competem contra homens e mulheres competem contra mulheres.

Supondo que todos os atletas tenham a mesma chance de vencer em suas respectivas categorias (masculina e feminina), analise as afirmações abaixo e assinale a alternativa correta","O CMSM tem 10% de chance de ser campeão, tanto na categoria masculina quanto na feminina, visto que tem 10 atletas competindo.","A chance de vitória do CMPA na categoria feminina é maior que na masculina, já que há mais atletas do sexo feminino.","O CMRJ tem igual chance de ser campeão nas categorias masculina e feminina, pois tem 6 atletas em cada uma.","O CMS tem a mesma chance de ser campeão tanto na categoria masculina quanto na feminina.","É mais provável que o CMBel seja campeão na categoria feminina do que na masculina.","d"
"75601955-cb31-412f-bea0-63d1c40d06f9","Português","CMC - 2025/2026","Colégio Militar de Curitiba",2025,NA,"**O Gato de Botas**

Era uma vez um velho moleiro que tinha três filhos. Ao morrer, deixou, como herança, o moinho para o primogênito, um burrinho para o filho do meio e um gato para o caçula, que se pôs a chorar:

— O que será de mim? Por que papai me deixou desamparado? Vou morrer de fome!

O felino, que ouvia tudo em silêncio, resolveu falar:

— Não se preocupe! Peço apenas que compre para mim um par de botas e uma bolsa de couro. 

Então, provarei que sou mais útil que o moinho e o burro.

Sem acreditar, mas curioso, o caçula contou as últimas moedas e saiu para adquirir as encomendas.

Logo que recebeu seus presentes, o gato dirigiu-se ao bosque, onde capturou duas codornas. Em seguida, entregou-as ao rei e disse que foram mimos do Marquês de Carabás — na verdade, um título inventado, para aproximar o rapaz do soberano.

A estratégia continuou durante meses, deixando Sua Majestade cada dia mais curioso para conhecer o tal nobre.

Em uma bela tarde, sabendo que o monarca e a princesa sairiam para passear, o gato convidou o jovem para descansarem à margem do rio. Tiravam uma soneca, quando a carruagem real se aproximou. Sem pestanejar, o felino despertou seu proprietário e disse:

— Se hoje você me escutar, traçará seu destino. Não se esqueça de que agora é o Marquês de Carabás! (...)

O gato, sorrateiramente, perguntou:

— Vossa Majestade nos daria a honra de visitar o palácio do Marquês de Carabás?

O rei aceitou o convite, e o gato foi na frente, pois anunciaria a chegada da família real. Na verdade, o felino saiu em direção às terras de um rico e misterioso ogro.

Quando alcançou as propriedades do monstrengo, o astuto comunicou aos camponeses que ali trabalhavam:

— O rei está chegando! Se não disserem que toda esta paisagem pertence ao Marquês de Carabás, serão sentenciados à morte.

Assim, quando o monarca perguntou de quem eram aqueles campos verdinhos, os lavradores proferiram:

— Do nobre Marquês de Carabás! (...)

O gato continuou a correr, até alcançar o castelo do terrível ogro, que, ao vê-lo, indagou:

— Quem é você? O que deseja em meus domínios?

— Sou o Gato de Botas, seu modesto servo! Ouvi dizer que o senhor possui poderes mágicos, mas não acreditei, pois só creio naquilo que vejo... Será que conseguiria me transformar em um leão?

Imediatamente, houve a metamorfose, e o bichano emendou:

— Nossa! Mas eu duvido que você consiga virar um ratinho! 

Cheio de orgulho, o ogro se converteu em roedor. Sem perder tempo, o leão o comeu e, em seguida, voltou à forma natural.

Naquele momento, o rei chegara às portas do palácio e, impressionado com a riqueza e com a modéstia do jovem, ofereceu a mão da princesa em casamento. O Marquês de Carabás aceitou e foi muito feliz ao lado da esposa e do fiel escudeiro.

O narrador, no texto, afirma que o jovem atendeu ao pedido do gato **“sem acreditar, mas curioso”.** Com base nessa informação, o que podemos inferir sobre os sentimentos do jovem em relação ao plano do gato?","Ele tinha certeza de que o plano daria certo, pois confiava totalmente no gato.","Ele queria se livrar do gato e, por isso, fez o que ele pediu","Ele tinha dúvidas, mas estava intrigado com o que o gato faria.","Ele estava irritado e ajudou o gato apenas por obrigação.","Ele acreditava no plano do gato, mas fingia estar desconfiado para testar sua coragem.","c"
"601a3b81-dffc-4821-a112-448ef64c2801","Português","CMC - 2025/2026","Colégio Militar de Curitiba",2025,NA,"Considerando as características do texto lido de **“O Gato de Botas”**, qual é o gênero textual predominante?","Notícia, porque relata um fato real ocorrido recentemente.","Lenda, porque conta uma história tradicional com fundo histórico e personagens sobrenaturais.","Poema, porque tem versos organizados em estrofes e linguagem figurada.","Conto, porque apresenta uma narrativa curta, com poucos personagens e elementos fictícios.","Crônica, porque trata de um episódio cotidiano com tom de humor e crítica social.","d"
"da6fe111-0f85-445e-a4c2-bfcb70bf04c9","Português","CMC - 2025/2026","Colégio Militar de Curitiba",2025,NA,"**Resumo da Reportagem da CNN Brasil**

O canal de notícias CNN Brasil publicou a reportagem “Uso de Inteligência Artificial aumenta e alcança 72% das empresas, diz pesquisa” que aborda o tema da Inteligência Artificial (IA). A pesquisa da McKinsey ressalta que a expansão da IA não é um fenômeno isolado, mas uma transformação estratégica que exige atenção aos seus diversos impactos.

Embora a tecnologia ofereça um futuro promissor de eficiência e inovação, é importante que empresas e líderes estejam preparados para gerenciar os desafios éticos, de segurança e de mão de obra que inevitavelmente acompanham essa revolução digital.

Pode-se concluir 4 tópicos fundamentais:

1. **Adoção da IA:** Segundo o estudo, 72% das empresas globais já utilizam IA, um avanço notável em comparação aos 55% registrados em 2023.

2. **Adoção da IA Generativa:** A IA generativa também teve um crescimento expressivo, sendo utilizada por 65% das organizações, quase o dobro dos 33% do ano anterior.

3. **Investimentos:** A reportagem destaca que 65% das empresas aumentaram seus orçamentos destinados a projetos de IA, com os maiores investimentos concentrados nos setores de energia, materiais e tecnologia.

4. **Benefícios e Riscos:** O uso da IA tem gerado **benefícios** como a redução de custos operacionais e o aumento de receitas em áreas como marketing e vendas. No entanto, a pesquisa também aponta riscos, como a possibilidade de imprecisão dos resultados e violação de propriedade intelectual. Há, ainda, a preocupação de que o avanço da IA possa levar à redução de postos de trabalho.

**Vocabulário:**

**IA Generativa:** é um tipo de inteligência artificial capaz de criar novos conteúdos (como textos, imagens, músicas ou vídeos) a partir de exemplos e padrões aprendidos. Ela não apenas analisa dados, mas gera algo novo — por exemplo, escrever um texto original, criar uma imagem ou compor uma melodia — com base em comandos dados pelo usuário (como uma pergunta ou descrição). Um exemplo popular de IA generativa é o ChatGPT, que gera textos a partir de instruções escritas.

**Marketing:** conjunto de procedimentos e estratégias de otimização dos lucros que, por meio de pesquisas de mercado, busca adequar os produtos às necessidades dos consumidores; estudo de mercado. Reunião das
atividades e ações que, bem planejadas, tentam convencer o público a adquirir um determinado produto ou serviço, concordar com uma ideia ou pessoa. 

Leia os parágrafos retirados do Texto II:

“A pesquisa da McKinsey ressalta que a expansão da IA não é um fenômeno isolado, mas uma transformação estratégica que exige atenção aos seus diversos impactos.

Embora a tecnologia ofereça um futuro promissor de eficiência e inovação, é importante que empresas e líderes estejam preparados para gerenciar os desafios éticos, de segurança e de mão de obra que inevitavelmente acompanham essa revolução digital.”

Com base na leitura dos parágrafos, assinale a alternativa que apresenta corretamente um adjetivo e um substantivo, respectivamente:
","“desafios (…) **de mão de obra”** e “futuro **promissor”**","“revolução **digital**” e “desafios **éticos”**","“transformação **estratégica**” e “acompanham **essa** revolução”","“futuro **promissor**” e “**desafios** (…) de segurança”
","“revolução **digital**” e “**ofereça** um futuro”","d"
"47da4291-a3c5-434b-91bc-48a2a1c69e71","Português","CMC - 2025/2026","Colégio Militar de Curitiba",2025,NA,"Leia o trecho retirado do Texto II: “**Embora** a tecnologia ofereça um futuro promissor de eficiência e inovação, é importante que empresas e líderes estejam preparados para gerenciar os desafios éticos (...)”

No trecho acima, o que a palavra “Embora” ajuda a mostrar?","Que a tecnologia é a única responsável pelos problemas.","Que os desafios só aparecem depois do uso da tecnologia.","Que as empresas já resolveram todos os problemas da tecnologia.","Que o texto vai mudar totalmente de assunto.","Que mesmo sendo algo bom, a tecnologia pode trazer dificuldades.","e"
"0824b521-f377-493d-9765-62f71724e45c","Português","CMC - 2025/2026","Colégio Militar de Curitiba",2025,NA,"Leia o trecho retirado do texto II:

“A pesquisa da McKinsey ressalta que a expansão da IA não é um fenômeno isolado, mas uma transformação estratégica que exige atenção aos seus diversos impactos.

Embora a tecnologia ofereça um futuro promissor de eficiência e inovação, é importante que empresas e líderes estejam preparados para gerenciar os desafios éticos, de segurança e de mão de obra que inevitavelmente acompanham essa revolução digital.”

Com base na leitura do trecho, assinale a alternativa que apresenta uma informação **implícita:**","As empresas e líderes já estão preparados para os desafios da IA.","A IA pode trazer consequências negativas para a sociedade.","A pesquisa foi realizada em uma empresa chamada McKinsey.","A tecnologia de IA não exige atenção aos seus impactos.","A implementação da IA nas empresas demanda planejamento e responsabilidade ética.","b"
"427acc79-9b62-495f-be83-19a0151ad567","Português","CMC - 2025/2026","Colégio Militar de Curitiba",2025,NA,"Leia o texto adaptado baseado no Texto II:

“O uso **eficiente** da inteligência artificial tem **crescido** nas empresas e gerado **inovação**, mas também apresenta riscos, como a **violação** de propriedade intelectual.”

Agora observe as palavras destacadas acima. Sobre a sílaba tônica e a classificação quanto à tonicidade dessas palavras, assinale a alternativa correta:","As palavras violação e inovação são paroxítonas e têm a penúltima sílaba como tônica.","A palavra eficiente é oxítona, pois sua sílaba tônica é a última","A palavra crescido é proparoxítona, pois a sílaba mais forte é a antepenúltima.","Apenas violação e inovação são oxítonas, e eficiente é paroxítona.","As palavras violação, inovação e eficiente são paroxítonas.","d"
"21d63b26-381e-4b3c-96d7-a3ca8c5b9e40","Português","CMC - 2025/2026","Colégio Militar de Curitiba",2025,NA,"**O Conto da Mentira**

Todo dia Felipe inventava uma mentira. “Mãe, a vovó tá no telefone!” A mãe largava a louça na pia e corria até a sala. Encontrava o telefone mudo. O garoto havia inventado morte do cachorro, nota dez em matemática, gol de cabeça em campeonato de rua. A mãe tentava assustá-lo: “Seu nariz vai ficar igual ao do Pinóquio!” Felipe ria na cara dela: “Quem tá mentindo é você! Não existe ninguém de madeira!” O pai de Felipe também conversava com ele: “Um dia você contará uma verdade e ninguém acreditará!” Felipe ficava pensativo. Mas no dia seguinte… Então, aconteceu o que seu pai alertara. Felipe assistia a um programa na TV. A apresentadora ligou para o número do telefone da casa dele. Felipe tinha sido sorteado. O prêmio era uma bicicleta: “É verdade, mãe! A moça quer falar com você no telefone pra combinar a entrega da bicicleta. É verdade!” A mãe de Felipe fingiu não ouvir. Continuou preparando o jantar em silêncio. Resultado: Felipe deixou de ganhar o prêmio. Então, ele começou a reduzir suas mentiras. Até que um dia deixou de contá-las. Bem, Felipe cresceu e tornou-se um escritor. Voltou a criar histórias. Agora, sem culpa e sem medo. No momento está escrevendo um conto. É a história de um menino que deixa de ganhar uma bicicleta porque mentia…

Considerando o desfecho do conto, em que Felipe torna-se escritor e passa a criar histórias ficcionais, pode-se afirmar que o Texto III propõe uma reflexão sobre:","A importância do perdão para se livrar da culpa pelas atitudes passadas","O papel da literatura como meio de autopunição e reconciliação com a infância","A transformação da fantasia infantil em ferramenta criativa consciente na vida adulta.","A utilização da escrita como recurso terapêutico para corrigir mentiras do passado.","O resgate de memórias familiares como forma de reconstruir vínculos rompidos.
","c"
"26529c06-24b5-46bc-9003-1f0903022994","Português","CMC - 2025/2026","Colégio Militar de Curitiba",2025,NA,"No Texto III, a reação da mãe ao ignorar o aviso verdadeiro do filho pode ser compreendida como:","Uma consequência esperada diante da repetição constante de comportamentos duvidosos. ","Um gesto de negligência, motivado pela fadiga física e emocional do momento.","Uma tentativa premeditada de castigar o filho para que ele aprenda a dizer a verdade.","Uma atitude apática que demonstra total indiferença à relação com o filho.","Uma confusão momentânea, provocada pela distração com as tarefas domésticas.","a"
"30dddebb-0ab5-401a-aff5-13e37afe1e6e","Português","CMC - 2025/2026","Colégio Militar de Curitiba",2025,NA,"Considerando o desfecho do Texto III, ""O Conto da Mentira"", que recurso literário é empregado para causar surpresa e provocar reflexão crítica no leitor, ao mostrar que ninguém acredita em Felipe mesmo quando ele diz a verdade?","Repetição como elemento de organização do enredo.","Uso de vocabulário técnico e rebuscado.","Descrição detalhada dos personagens e do ambiente.","Ironia presente no desfecho da narrativa.","Linguagem utilizada para relatar os fatos com objetividade. ","d"
"3810cb05-2f14-4bf2-865b-07a5e118ab7e","Português","CMC - 2025/2026","Colégio Militar de Curitiba",2025,NA,"Considerando os trechos em que há uso de aspas, como:

“Mãe, a vovó tá no telefone!”
“Seu nariz vai ficar igual ao do Pinóquio!”

O uso desse sinal de pontuação cumpre qual função no texto?","Realçar construções comunicativas utilizadas com finalidade irônica.","Introduzir a transcrição direta das falas dos personagens, caracterizando o diálogo","Enfatizar expressões coloquiais e típicas da oralidade.","Marcar trechos retirados de obras alheias ou textos clássicos.","Separar pensamentos do narrador das ações narradas no plano real.","b"
"a012ded7-a996-4e57-ad25-64da97db3208","Português","CMC - 2025/2026","Colégio Militar de Curitiba",2025,NA,"Leia o trecho do Texto III: “Um dia você contará uma verdade e ninguém acreditará!”

Essa fala do pai de Felipe expressa certeza sobre algo que acontecerá no futuro, por isso os verbos “contará” e “acreditará” estão no modo indicativo, que indica ações reais e certas.

Agora observe os períodos abaixo e assinale a alternativa que apresenta os verbos corretamente flexionados no modo subjuntivo, indicando uma ação de dúvida ou possibilidade:","Se Felipe **mentisse** menos, talvez ele **ganharia** a bicicleta.","Se Felipe **ganhar** a bicicleta, ele **fica** feliz.","Se Felipe **mentir** novamente, ninguém **vai acreditar.**","Se Felipe **tivesse dito** a verdade, ele **teria ganhado** a bicicleta.","Se Felipe **contasse** a verdade, talvez sua mãe **acreditasse** nele.","e"
"d253e994-aef3-437e-b91a-b62486aa397d","Português","CMC - 2025/2026","Colégio Militar de Curitiba",2025,NA,"  ![](1764023508_Captura de tela 2025-11-24 193142.png){width=300px} 

No Texto IV, a comparação feita por Garfield entre o casal Jon e Liz e ""meias bege e gravata-borboleta de bolinha preta"" revela um uso intencional de humor sarcástico. Com base nesse recurso expressivo, assinale a alternativa que melhor interpreta o efeito de sentido construído:","A comparação reforça uma crítica ao modo como o casal tenta se destacar visualmente, mesmo sendo discreto.","A fala de Garfield sugere, com ironia, que o casal não combina, destacando-se pela estranheza da união.","O personagem utiliza uma comparação para exaltar o estilo único e ousado do casal.","O comentário tem tom elogioso, ainda que exagerado, sugerindo que Jon e Liz têm um estilo surpreendente e admirável.","Garfield está expressando uma visão objetiva sobre moda, indicando desaprovação com base em padrões estéticos.","b"
"01383d4a-5c6c-4f34-95dc-a68d8a324ffc","Português","CMC - 2025/2026","Colégio Militar de Curitiba",2025,NA,"Na fala final da tirinha (Texto IV), Garfield faz uso de um enunciado: ""Você está começando a me conhecer"". Com base na progressão da ordem dos quadrinhos e no sentido do verbo ""começar"", essa fala indica:","Que o processo de compreensão da personalidade de Garfield está se aprofundando, embora ainda incompleto.","Que um personagem conhece completamente o modo de agir do outro personagem.
","Que Garfield deseja manter sua personalidade enigmática e inacessível.","Que não há mais nada a ser descoberto sobre o personagem, pois ele se revela por completo.","Que Garfield ironiza a tentativa do outro de compreendê-lo, negando qualquer possibilidade de entendimento real.","a"
"24278cfa-6000-401e-91bb-574947618bbb","Português","CMC - 2025/2026","Colégio Militar de Curitiba",2025,NA,"  ![](1764023612_Captura de tela 2025-11-24 193325.png){width=300px} 

Considerando os elementos verbais e não verbais da tirinha, a crítica central está relacionada a uma transformação sociocultural observável nas novas gerações. Essa crítica é evidenciada por:","A valorização da linguagem abreviada como forma legítima de expressão entre jovens, revelando autonomia geracional.","A constatação de que o ambiente escolar tornou-se ultrapassado frente às novas tecnologias digitais.","A ironia implícita à superficialidade das interações e à perda do interesse por práticas comunicativas e de conhecimento mais tradicionais, substituídas pelo uso de aplicativos de comunicação.","A oposição direta entre juventude e maturidade, em que os jovens são mostrados como intelectualmente inferiores.","A idealização nostálgica de uma época anterior à tecnologia, como crítica explícita ao progresso digital, apontando como os adultos são mais inteligentes que os jovens.","c"
"3a0ef508-d9b6-4483-b6c9-e74dedfc5fc6","Português","CMC - 2025/2026","Colégio Militar de Curitiba",2025,NA,"As reticências, como recurso expressivo e pontuação, cumprem distintas funções nos quadrinhos. No contexto da tirinha (Texto V), as reticências ocorrem em dois momentos e são empregadas com finalidades de significado específicas. 

Considerando os sentidos sugeridos por esses usos, é correto afirmar que elas expressam, respectivamente:
","Pausa reflexiva e enumeração sugerindo continuidade implícita.","Suspense narrativo e encerramento abrupto de uma enumeração.","Ironia discursiva e transição entre as falas dos personagens.","Ênfase emocional e dúvida quanto à veracidade do que foi dito.","Interrupção na fala do personagem por esquecimento e uso de pensamento reflexivo.","a"
"4a96994a-45f9-4d93-8427-6f5ad470515b","Português","CMC - 2025/2026","Colégio Militar de Curitiba",2025,NA,"No quarto quadrinho da tirinha (Texto V), a interjeição “Ah” é utilizada para expressar uma reação emocional do personagem. Considerando essa interjeição no contexto, assim como a linguagem não verbal do texto, assinale a alternativa que melhor descreve esse uso:","Expressa uma revelação súbita e positiva do enunciador diante do argumento apresentado.","Sinaliza um alívio momentâneo, fruto de uma identificação com o conteúdo exposto.","Indica uma rejeição, revestida de ironia, a respeito da informação do quadrinho anterior.","Demonstra entusiasmo contido diante da descoberta de um novo modo de aprendizado.","Manifesta passividade diante da resistência à inovação tecnológica.","c"
"8a7651ff-07eb-43c7-ae08-1d1b91907214","Português","CMC - 2025/2026","Colégio Militar de Curitiba",2025,NA,"**OU ISTO OU AQUILO**

Ou se tem chuva e não se tem sol,
ou se tem sol e não se tem chuva!
Ou se calça a luva e não se põe o anel,
ou se põe o anel e não se calça a luva!
Quem sobe nos ares não fica no chão,
Quem fica no chão não sobe nos ares.
É uma grande pena que não se possa
estar ao mesmo tempo em dois lugares!
Ou guardo dinheiro e não compro o doce,
ou compro o doce e não guardo o dinheiro.
Ou isto ou aquilo: ou isto ou aquilo...
e vivo escolhendo o dia inteiro!
Não sei se brinco, não sei se estudo,
se saio correndo ou fico tranquilo.
Mas não consegui entender ainda
qual é melhor: se é isto ou aquilo.

O poema **""Ou Isto ou Aquilo""** apresenta uma estrutura baseada em oposições e escolhas. Com base nessa estrutura, assinale a alternativa que melhor expressa a intenção da autora ao tratar do tema das escolhas:","Denunciar a superficialidade das escolhas infantis como uma forma de criticar a falta de maturidade das crianças diante das decisões cotidianas.","Representar poeticamente a impossibilidade de conciliar desejos opostos, simbolizando o conflito interno entre o querer e o poder, típico do universo infantil.","Propor que o ato de escolher é sempre racional, mesmo quando feito por uma criança, e que todas as decisões devem ter base lógica e previsível.","Estabelecer uma comparação entre os fenômenos naturais (chuva e sol) e as escolhas humanas, como forma de explicar, de maneira didática, conceitos científicos.","Retratar a transição da infância para a vida adulta como um processo isento de conflitos emocionais, em que predomina a leveza das decisões simples.","b"
"fefef2d4-1623-4c1f-a47c-6f57bb375611","Português","CMC - 2025/2026","Colégio Militar de Curitiba",2025,NA,"Nos versos **“Ou isto ou aquilo: ou isto ou aquilo... e vivo escolhendo o dia inteiro!”**, os pronomes ""isto"" e ""aquilo"" contribuem significativamente para a construção do efeito poético. A escolha desses pronomes, em vez da repetição de elementos concretos citados anteriormente, revela:","A estratégia de empregar pronomes para tornar o poema mais objetivo e impessoal.","A intenção de enumerar alternativas específicas que a criança tenta conciliar ao longo do dia.","Um recurso de conexão que somente retoma termos mencionados no início do poema, como “doce” e “dinheiro”.
","A tentativa da autora de eliminar imprecisões através de pronomes definidos e específicos.","A generalização das escolhas, tornando-as simbólicas e universais, o que amplia o alcance do conflito apresentado.","e"
"590d5aa8-7d98-4c0e-9516-2b44dd049c6d","Português","CMC - 2025/2026","Colégio Militar de Curitiba",2025,NA,"Em relação à classificação dos pronomes “isto” e “aquilo”, pode-se dizer que:","Ambos são pronomes pessoais do caso reto.","Ambos são pronomes pessoais do caso oblíquo.","Ambos são pronomes demonstrativos","“Isto” é um pronome demonstrativo e “aquilo” é um pronome pessoal.","Ambos são pronomes possessivos.","c"
"02ce8c3f-7575-4913-8116-5faa98436082","Português","CMC - 2025/2026","Colégio Militar de Curitiba",2025,NA,"No trecho *“e vivo escolhendo o dia inteiro!”,** a forma verbal “escolhendo” está no gerúndio. Do ponto de vista estrutural e de significado, essa construção indica:","Uma ação futura com início imediato, mostrando que a criança começará a decidir logo após a leitura do poema.","Uma ação habitual e inacabada, enfatizando a continuidade do dilema enfrentado pela voz poética.","Uma ação pontual, com valor conclusivo, simbolizando a superação das dúvidas infantis.","Um estado permanente e estático, sugerindo que a criança se encontra paralisada pela indecisão.","Uma relação de causa e consequência, indicando que a escolha é resultado de um processo lógico anterior.","b"
"f57c4a67-d1e0-40bb-bdc2-fcf3a8cd206c","Matemática","I - Sistema de Numeração","Colégio Militar de Juiz de Fora",2025,NA,"Considere as seguintes afirmações:

 l. Os romanos utilizavam o símbolo “O” para representar o número zero.
 ll. O sistema de numeração indo-arábico permite representar qualquer número natural utilizando no máximo 10 símbolos.
 lll. O número romano DCCCXC representa um número menor que 900 e maior que 850.
 lV. O número 3050401 possui três classes distintas e cinco ordens numéricas.
 V. Na numeração romana clássica, o símbolo ""D"" pode ser repetido até três vezes consecutivas na representação de um número.

Associando “V” às afirmativas verdadeiras e “F” às afirmativas falsas, na ordem de I a V, temos ","F – V – V – F – F.","V – F – F – V – V.","V – F – V – F – F.","F – F – V – V – F.","F – V – F – V – V.","a"
"a0d45f31-d73c-4e4d-9bd4-ff19390ecfcd","Matemática","V - Números Decimais","Colégio Militar de Juiz de Fora",2025,NA,"A Prefeitura da cidade de Luminária possui uma área total de 180 m² destinada à construção de um espaço público de lazer. A distribuição da área será feita da seguinte forma:

• 35% da área será destinada a aparelhos de academia ao ar livre;
• 5% da área será reservada para a instalação de um pequeno chafariz ornamental;
• 54 m² serão utilizados para a construção de um parque infantil;
• O restante da área será destinado a uma calçada que conecte todos os espaços.

A porcentagem da área total que será destinada à calçada, corresponde a:","20%","25%","30%","35%","40%","c"
"63b51d61-76ab-449a-8f29-dd00d0952300","Matemática","III - Múltiplos e Divisores","Colégio Militar de Juiz de Fora",2025,NA,"Durante a gincana de final de ano, no Centro Educacional Aurora Brilhante, os alunos do 5º ao 8º ano foram organizados em equipes com o maior número possível de alunos por grupo, sem misturar alunos de séries diferentes.

A escola informou apenas que o número de alunos do

• 5º ano é múltiplo de 168;
• 6º ano é múltiplo de 132;
• 7º ano é múltiplo de 180;
• 8º ano é múltiplo de 36.

Todos os grupos de cada série foram organizados com o mesmo número de alunos, e nenhum aluno ficou sem equipe. Com base nessa informação, qual foi o total de equipes do 6º ano?","6","7","9","11","12","d"
"bd61a842-d1f8-4332-842f-85a914daa3cc","Matemática","V - Números Decimais","Colégio Militar de Juiz de Fora",2025,NA,"Lucas recebeu um desafio de seu irmão mais velho para resolver a seguinte expressão:

  ![](1764094798_Captura de tela 2025-11-25 151944.png){width=300px} 

Qual é o resultado correto dessa expressão?","20,112.","20,312.","21,031.","21,132.","22,213.","b"
"a2a4d821-9bcd-4471-9f77-51d0e0195438","Matemática","VI - Medidas Geométricas","Colégio Militar de Juiz de Fora",2025,NA,"Paulo possui um aquário em forma de paralelepípedo, cuja base mede 8 dm de comprimento por 65 cm de largura. Ele encheu o aquário com água até a altura de 375 mm, e essa quantidade corresponde a 75% da capacidade total do aquário. Para completar todo o volume do aquário, Paulo deve acrescentar mais: ","65 dm³ de água.","62,5 litros de água.","26,0 litros de água.","27 cL de água.","260 mL de água","a"
"4c2a2297-8af4-4c6e-a35d-004ce67ddebc","Matemática","VI - Medidas Geométricas","Colégio Militar de Juiz de Fora",2025,NA,"Seu Astrogildo, responsável pelo laboratório de matemática do Colégio Militar de Juiz de Fora, pegou uma caixa com dimensões de 28 cm de comprimento, 17 cm de largura e 15 cm de altura, e decidiu preenchê-la com o maior número possível de cubos com 5 cm de aresta, perfeitamente justapostos e sem ultrapassar a altura da caixa. Ao final, percebeu que havia sobrado, no interior da caixa, um espaço vazio cujo volume é de:","0 cm³.","1250 cm³.","1510 cm³","1515 cm³.","5625 cm³.","d"
"bfdf0245-a0de-4992-b255-098ee922afae","Matemática","VI - Medidas Geométricas","Colégio Militar de Juiz de Fora",2025,NA,"Uma pequena capela está sendo revitalizada e ganhará uma nova pintura em sua fachada principal. Assis, responsável pela obra, fez um levantamento para calcular a quantidade de latas de tinta necessárias. A partir do desenho simplificado da fachada abaixo (composto por dois retângulos e dois triângulos isósceles) e sabendo que cada lata de tinta consegue cobrir 5 m², quantas latas de tinta serão necessárias para pintar toda a fachada da capela?

  ![](1764094989_Captura de tela 2025-11-25 152303.png){width=300px} ","21 latas.","22 latas.","23 latas.","24 latas.","25 latas.","d"
"c39883c2-1a62-4c7b-884d-3d6106f0d942","Matemática","VI - Medidas Geométricas","Colégio Militar de Juiz de Fora",2025,NA,"Ao pesquisar sobre o Rio Amazonas, Vinícius descobriu algumas curiosidades interessantes. Em épocas de cheia, sua profundidade pode ultrapassar 120 metros, o que equivale ser mais alto do que o Cristo Redentor, a Estátua da Liberdade e o Big Ben. Além disso, Vinícius constatou que o maior registro de vazão de um rio no Brasil também é do Rio Amazonas, correspondendo a cerca de 209.000 m³ por segundo. Esse rio também se destaca por ser o mais volumoso e extenso do planeta, atravessando a maior bacia hidrográfica do mundo. Com base nessas informações, Vinícius calculou o volume de água, em litros, correspondente ao período de maior vazão registrado em 2 (dois) dias e meio.

É correto afirmar que o número de caixas d’água de 500 litros que poderiam ser preenchidas com essa quantidade de água pertence ao intervalo:","80 a 82 bilhões.","85 a 87 bilhões.","89 a 91 bilhões.","95 a 97 bilhões.","100 a 102 bilhões.","c"
"804ad1b7-2327-48d7-87bb-753571de7312","Matemática","VII - Tratamento da Informação","Colégio Militar de Juiz de Fora",2025,NA,"A tabela a seguir mostra o valor mensal da conta de energia elétrica de uma família ao longo do 1º semestre do ano. Considerando o histórico de consumo dessa residência, a empresa Meta Energia, concessionária local, definiu previamente um objetivo: manter o consumo médio mensal em até R$ 255,00 no 1º semestre. Caso a família atinja esse objetivo, terá direito a um desconto de 5% nas contas de cada mês do 2º semestre.

  ![](1764095350_Captura de tela 2025-11-25 152903.png){width=300px} 

Com base nos valores da tabela acima, assinale a alternativa correta.","A família não obteve o desconto, pois sua média semestral ultrapassou a meta em R$ 5,00.","A família apresentou média semestral inferior a R$ 255,00 e garantiu o desconto. ","Nos três primeiros meses, a família ultrapassou a meta de consumo médio semestral.","A família alcançou exatamente a média semestral de R$ 255,00 e cumpriu a meta.","A família registrou média semestral de R$ 275,00.","b"
"a4397c96-3c51-4a91-8ed2-3e3011d7bf70","Matemática","VI - Medidas Geométricas","Colégio Militar de Juiz de Fora",2025,NA,"A imobiliária Compre Fácil está comercializando quatro lotes (A, B, C e D) localizados em um terreno retangular de 150 metros de comprimento por 60 metros de largura, conforme mostrado na figura. Os valores indicados em cada lote representam a fração ou porcentagem da área total do terreno.

  ![](1764095445_Captura de tela 2025-11-25 153038.png){width=300px} 

Com base nas informações da figura, qual é a área do lote D, em metros quadrados? ","3000 m²","2200 m²."," 2100 m².","1800 m².","1500 m².","e"
"685728cd-ab78-4ee3-841c-9929cc36fd15","Matemática","V - Números Decimais","Colégio Militar de Juiz de Fora",2025,NA,"A medida do contorno da Terra varia ligeiramente devido à forma achatada do planeta, mas é de aproximadamente 40.075 km na linha do Equador. Se uma pessoa conseguisse caminhar sem parar sobre essa linha a uma velocidade de 20 metros por minuto, quanto tempo levaria para completar uma volta e meia ao redor do planeta?","7,52 anos.","1887,24 dias.","50.093,75 horas","30.005.625 minutos","3.005.000.625 segundos.","c"
"c19c8a31-b682-4eee-8ecc-d975f63118ed","Matemática","II - As 4 Operações","Colégio Militar de Juiz de Fora",2025,NA,"A tabela abaixo apresenta a quantidade de livros lidos por quatro alunos do 6º ano do Ensino Fundamental II durante os quatro primeiros meses do ano:

  ![](1764095571_Captura de tela 2025-11-25 153243.png){width=300px} 

Considerando que cada livro lido no mês de março vale 2 pontos, e os livros lidos nos demais meses valem 1 ponto cada, quem alcançou a maior pontuação total ao final dos quatro meses?","Daniel.","Bruno.","Carla."," Ana.","Carla e Bruno.","a"
"fa417148-3d82-43c4-b251-8d0d0f95ddf3","Matemática","V - Números Decimais","Colégio Militar de Juiz de Fora",2025,NA,"Em uma sacola opaca, há bolas idênticas em tamanho e peso, mas de cores diferentes, nas seguintes quantidades:

• 6 bolas vermelhas.
• 5 bolas azuis.
• 4 bolas verdes.
• 3 bolas amarelas.

Qual é a probabilidade de um aluno retirar dessa sacola, sem olhar, uma bola vermelha?","16,7%.","22,2%.","27,8%."," 30,5%.","33,3%.","e"
"caf8c1ea-0a66-42d9-951e-83a8ce25de7d","Matemática","V - Números Decimais","Colégio Militar de Juiz de Fora",2025,NA,"Lúcia foi à feira e comprou os seguintes itens:

• 1 melancia por R$ 18,90.
• 3 pacotes de morango por R$ 7,50 cada.
• 2 abacaxis por R$ 6,25 cada.

Ela pagou com duas cédulas de R$ 50,00. Como o feirante não tinha o troco exato, devolveu-o utilizando:

• 3 cédulas de R$ 10,00.
• 2 moedas de R$ 1,00.
• 1 moeda de R$ 0,50.
• 3 moedas de R$ 0,25.

Pode-se afirmar que o feirante devolveu","o troco correto. ","R$ 15,85 a mais do que deveria.","R$ 25,85 a menos do que deveria.","R$ 12,85 a menos do que deveria.","R$ 46,10.","d"
"b1f8bc6f-c130-4602-a639-b08c2c2a498e","Matemática","VI - Medidas Geométricas","Colégio Militar de Juiz de Fora",2025,NA,"Uma tábua de madeira, em formato de paralelepípedo, tem 3 m de comprimento, 30 cm de largura e 2 cm de espessura. Qual é a massa da tábua, em quilogramas, sabendo que um decímetro cúbico dessa madeira pesa 750 g?","12,4 kg.","13,5 kg","15 kg.","17,5 kg.","21 kg.","b"
"ffe8f906-6385-452f-9c83-b4f8ba48afbc","Matemática","VI - Medidas Geométricas","Colégio Militar de Juiz de Fora",2025,NA,"Uma indústria de cosméticos importou 10 recipientes de perfumes franceses, cada um com capacidade de 5 litros e revendeu os perfumes em frascos de 20 centímetros cúbicos. A quantidade total de frascos revendida foi de:","1200.","1800.","2000.","2500.","2700.","d"
"8c99e3a6-8ec0-4f6e-b973-d6caa1031e29","Matemática","VI - Medidas Geométricas","Colégio Militar de Juiz de Fora",2025,NA,"Mônica bordará um desenho em formato de coração em uma toalha, conforme mostrado na figura. Antes disso, ela desenhou um esboço desse coração em uma malha quadriculada, em que cada quadrícula mede 2 cm de lado. Ao transferir o desenho para a toalha, todas as suas dimensões serão ampliadas em 8 vezes em relação ao esboço original. Qual será a área da estampa bordada na toalha?

  ![](1764095979_Captura de tela 2025-11-25 153933.png){width=300px} ","320 cm².","640 cm².","2560 cm². ","3200 cm².","5120 cm².","c"
"6cdd1707-344b-42a2-b44d-f1ac683ae4ac","Matemática","VI - Medidas Geométricas","Colégio Militar de Juiz de Fora",2025,NA,"Cleitinho é um drone responsável pela segurança do Colégio Militar de Juiz de Fora, sempre voando em volta da escola, ao longo da cerca. O terreno do Colégio tem formato retangular, medindo 300 metros de comprimento e 250 metros de largura, apresentando em um dos cantos uma estação, onde o drone recarrega sua bateria. Com a bateria totalmente carregada, Cleitinho consegue voar até 15,29 km antes de precisar recarregar. Partindo da estação com a bateria completamente carregada, quantas voltas completas ele consegue dar em torno da escola antes que a energia de sua bateria se esgote?","11 voltas.","12 voltas.","13 voltas. ","14 voltas.","15 voltas.","c"
"8bf93b40-070d-450b-948e-9c3f927911b8","Matemática","VI - Medidas Geométricas","Colégio Militar de Juiz de Fora",2025,NA,"Oliveirinha está construindo um sólido geométrico de papel. Primeiro, ele desenha em uma folha a planificação do objeto mostrada na figura abaixo e nomeia as faces de A a H. Em seguida, ele recorta, dobra nas arestas e cola, formando o sólido geométrico desejado.

Avalie as afirmações a seguir e marque a alternativa que apresenta a sequência correta de verdadeiros (V) e falsos (F):

I: O sólido é composto por retângulos e pentágonos.
II: O sólido formado é um prisma.
III: A face oposta à C é a F.
IV: O sólido possui 12 arestas e 18 vértices.
V: A face oposta à B é a G.

  ![](1764096152_Captura de tela 2025-11-25 154225.png){width=300px} ","F-V-V-F-V.","V-V-F-F-V.","F-V-V-V-F.","V-F-F-F-V.","F-V-V-F-F.","e"
"afc647d6-e01d-44bc-828d-587f5a797352","Matemática","IV - Frações","Colégio Militar de Juiz de Fora",2025,NA,"Guilherme está fazendo suco de laranja. Primeiramente, ele espremeu 8 laranjas, enchendo $\frac49$ de uma jarra, depois completou com 450 mL de água gelada, enchendo a jarra por completo.

Considerando que todas as laranjas são exatamente iguais, quantos mL de líquido cada uma forneceu?","40 mL","45 mL","50 mL","56 mL","72 mL","b"
"f3ce9787-3921-40bb-85da-3aae4b1522f9","Português","CMJF - 2025/2026","Colégio Militar de Juiz de Fora",2025,NA,"  ![](1764096353_Captura de tela 2025-11-25 154546.png){width=300px} 

No Texto 1, diversas situações foram vividas pelo grãozinho. Com base nisso, julgue as informações seguintes.

I. O grãozinho, por fatores externos, tinha uma vida dinâmica.
II. O grãozinho tinha certeza de estar vivendo seus últimos momentos dentro da ostra.
III. O grãozinho teve sua beleza reconhecida por todos.
IV. O grãozinho de areia acreditava que se tornaria um objeto brilhante.
V. O grãozinho de areia não teve apenas uma transformação exterior.

Estão corretas apenas","I, II e IV.","I, III e V.","I e V.","II e V.","II, III e IV.","c"
"ea389a10-cf07-4628-8f20-1db9d30daf15","Português","CMJF - 2025/2026","Colégio Militar de Juiz de Fora",2025,NA,"Considerando o texto O Sonho do Grãozinho de Areia, é possível inferir que","o grãozinho, apesar das dificuldades, manteve o desejo de mudança e, com o tempo, atribuiu novo sentido às experiências adversas.","a ostra acolheu o grãozinho dentro de si, guiada pela certeza de que ele se transformaria em uma pérola brilhante e macia.","as pessoas que passavam desprezavam o grãozinho, para que pudessem pisar nele, enquanto ainda estavam descalças. ","o grãozinho se tornou uma pérola, porque sonhava intensamente com esse tipo de transformação, para se tornar importante.","o vento e as ondas agiam com a intenção de conduzir o grãozinho até a ostra, a fim de transformá-lo em uma pérola.","a"
"e86a43a3-c389-41fd-80e3-8087cdaecdf0","Português","CMJF - 2025/2026","Colégio Militar de Juiz de Fora",2025,NA,"  ![](1764096471_Captura de tela 2025-11-25 154745.png){width=300px} 

Vocabulário
adversidades: dificuldades, obstáculos.

De acordo com o Texto 2, pode-se afirmar que ","o autor relaciona a resiliência a momentos triviais de adaptação cotidiana, como rotinas de estudo ou momentos de doença e luto.","o autor sugere que a superação de certos desafios exige disposição contínua para lidar com situações que nem sempre são previstas.","o autor suspeita de que a resiliência está presente desde o nascimento, sendo, pois, desenvolvida ao longo da vida.","o autor caracteriza a resiliência como uma habilidade restrita a experiências de sofrimento físico ou emocional intenso.","o autor assegura que a resiliência é responsável pelo “jogo de perde e ganha” da vida, ao qual se deve aprender a reagir.","b"
"f340b4f6-d11a-419d-bee6-de4ed3f63c7d","Português","CMJF - 2025/2026","Colégio Militar de Juiz de Fora",2025,NA,"Considerando o Texto 2, a relação entre a capacidade de resiliência e o sucesso desejado se estabelece, porque
","o progresso individual é um processo espontâneo, construído com o tempo, sendo alheio aos percalços surgidos.
","a resiliência, por ser uma característica inata, garante que todas as pessoas alcancem o almejado em situações adversas.","a habilidade de superar adversidades permite que a pessoa avance em direção às suas metas, mesmo após problemas","a resiliência é abordada como uma resposta exclusiva a experiências traumáticas, sendo dissociada do desenvolvimento pessoal","o equilíbrio emocional é possível quando a pessoa está isenta de obstáculos ou mudanças inesperadas durante a vida.","c"
"d8613711-a97b-4328-b875-c6195a17425e","Português","CMJF - 2025/2026","Colégio Militar de Juiz de Fora",2025,NA,"No Texto 2, no trecho “**Em outras palavras**, resiliência é a capacidade necessária ao longo da vida como um todo...”, a expressão destacada em negrito, no contexto em que está inserida, serve para","expressar um ponto de vista divergente sobre o conceito anterior.","introduzir as razões pelas quais a resiliência é considerada essencial.","apresentar uma exemplificação acerca do explicitado anteriormente.","contrastar perfis distintos quanto à presença ou ausência da resiliência. ","parafrasear a definição anterior mediante termos reformulados ao leitor.","e"
"e8bb2095-fd52-41ba-ad19-9fb706bce139","Português","CMJF - 2025/2026","Colégio Militar de Juiz de Fora",2025,NA,"Leia o seguinte trecho do Texto 2.

O termo “resiliência” é um conceito que vem da Física, como a propriedade de um material acumular pressão ou sofrer estresse sem romper-se e, podendo ou não, deformar-se. Já no contexto da Educação e da Psicologia, segundo Grotberg, resiliência é “a capacidade humana para enfrentar, sobrepor-se e sair fortalecido ou transformado de experiências de adversidades.” (l. 3 a 7)

Analise as afirmativas sobre o efeito de sentido do uso das aspas nas duas ocorrências, presentes no fragmento anterior.

I. Na primeira ocorrência, as aspas indicam que se está fazendo referência à palavra resiliência enquanto conceito a ser definido.
II. Na primeira ocorrência, as aspas têm duas funções, sendo uma delas a de indicar ironia em relação ao uso da palavra.
III. Na segunda ocorrência, há a intenção de indicar sentido figurado à fala de seu autor, que aborda a questão da resiliência de modo metafórico.
IV. Na segunda ocorrência, as aspas são usadas para marcar que se trata de uma citação literal da definição apresentada por um autor específico.

Estão corretas apenas
","I e II."," I e IV.","I, II e IV.","II e III.","II e IV. ","b"
"ee5d9f88-57db-4da3-ab01-b96c4d487ab8","Português","CMJF - 2025/2026","Colégio Militar de Juiz de Fora",2025,NA,"  ![](1764096902_Captura de tela 2025-11-25 155456.png){width=300px} 
  ![](1764096925_Captura de tela 2025-11-25 155516.png){width=300px} 

Vocabulário
resignado: conformado.

No Texto 3, no trecho “O senhor, com seu forte e robusto tronco, **lutou em vão** contra o vento; por isso mesmo, não foi capaz de resistir à sua força”, a expressão destacada na passagem, considerando o contexto da fábula, pode ser corretamente entendida como","demonstração de perseverança e resignação diante dos obstáculos, ainda que não se tenha obtido vitória.","emprego de todas as forças para resistir às adversidades, porém, de forma infrutífera, sem os resultados desejados. ","resistência ao vendaval pelo Carvalho, embora tenha sofrido certo comprometimento em sua estrutura. ","resposta dos juncos ao vendaval, expressando uma adaptação condicionada pela limitação de sua estrutura.","escolha por não contrariar a força do ambiente, adotando uma atitude de conformidade diante das circunstâncias.","b"
"a2b44f61-514a-468c-8753-c48200bc738f","Português","CMJF - 2025/2026","Colégio Militar de Juiz de Fora",2025,NA,"Considerando todo o Texto 3, é possível inferir que a atitude dos Juncos diante das adversidades revela","a compreensão de que a robustez pode ser ineficaz perante a flexibilidade, para preservar a própria existência","a disposição constante de enfrentar situações que exijam posicionamento, firmeza e coragem.","a consciência de que a impotência é sempre uma virtude que protege contra destruição e adversidades.","o receio de lutar contra qualquer forma de ameaça, independentemente da intensidade.
","a convicção de que a intransigência é eficiente para superar obstáculos naturais quando há planejamento.","a"
"291b9827-82fd-4d56-b770-495119f27ac3","Português","CMJF - 2025/2026","Colégio Militar de Juiz de Fora",2025,NA,"A respeito do narrador e do foco narrativo de O Carvalho e os Juncos, é correto afirmar que","o narrador, em dado momento da fábula, integra-se aos acontecimentos e relata suas experiências no decorrer da narrativa.","o texto é narrado por um espectador que tem ciência das impressões subjetivas de um dos personagens, indo além das ações narradas.","o narrador adota o foco interno, limitando a narrativa ao ponto de vista do Carvalho, cujas convicções e postura são mantidas até o final da narrativa.","o narrador testemunha os fatos de fora da narrativa, sem acesso ao mundo interno das personagens presentes e atuantes na fábula.","o relato é construído por um narrador cujo objetivo é o de se inserir no centro da experiência contada, o que é evidenciado pela moral da fábula. ","d"
"ad8c1399-167b-4ee2-afd2-6dc223d150a8","Português","CMJF - 2025/2026","Colégio Militar de Juiz de Fora",2025,NA,"  ![](1764097140_Captura de tela 2025-11-25 155852.png){width=300px} 
  ![](1764097165_Captura de tela 2025-11-25 155918.png){width=300px} 
  ![](1764097186_Captura de tela 2025-11-25 155939.png){width=300px} 
  ![](1764097204_Captura de tela 2025-11-25 155957.png){width=300px} 

Leia este trecho do poema:

Quando a falta de esperança
decidir lhe açoitar,
se tudo que for real,
for difícil suportar…
 (v. 31-34)

Na expressão **decidir lhe açoitar**, o verbo **açoitar** está empregado em sentido figurado. 

Considerando o contexto do poema, o uso de **açoitar**, principalmente, sugere ","impor uma dor que paralisa a capacidade de reagir frente às adversidades","provocar sofrimento emocional que é gerador de falta de esperança. ","desencadear sensação de nostalgia e arrependimento diante do vivido.","instaurar no indivíduo sentimento de culpa pelo que não realizou.","estimular a pessoa a agir com mais determinação frente aos problemas","e"
"dad8a311-b3d7-44be-9eda-bf2a28f51c1a","Português","CMJF - 2025/2026","Colégio Militar de Juiz de Fora",2025,NA,"Com base no poema de Bráulio Bessa, analise as afirmações a seguir.

I. A repetição da palavra **recomeço**, ao longo do poema, cria um efeito de antonímia com a expressão **engatar a ré** (v. 40) no contexto da estrofe em que está inserida.
II. O uso dos verbos **cair** (v. 25) e **levantar** (v. 30) exemplifica a antonímia, que reforça a ideia de oposição entre derrota e superação.
III. O contraste entre campos semânticos, no poema, contribui para construir a mensagem otimista.
IV. A expressão **ninguém lhe aparar** (v. 26) possui o mesmo sentido de **conseguir lhe derrubar** (v. 28), indicando situações de inércia diante da dor, revelando passividade frente aos acontecimentos.
V. A construção **a força do que é ruim** (v. 27) representa um elemento contrastante em relação ao verbo **sonhar**, que, ao longo do poema, simboliza a crença de superação.

Estão corretas apenas","I, II e IV.","I, III e IV."," I, II e V.","II, III e IV. "," II, III e V","e"
"b899e7aa-268b-4ce0-aa64-003b78ddbf65","Português","CMJF - 2025/2026","Colégio Militar de Juiz de Fora",2025,NA,"Leia estes versos do poema Recomece.

Recomece, se refaça,
relembre o que foi bom,
reconstrua cada sonho,
redescubra algum dom,
 (v. 48-51)

Considerando o contexto e o emprego das vírgulas nesses versos, é correto afirmar que a pontuação ","organiza uma sequência, determinando a ordem exclusiva de realização das ações.","estrutura o encadeamento de ideias que determina e promove ritmo ao texto.","estabelece relação de causa-efeito entre as ações, enfatizando a noção de recomeço.","sinaliza a noção de recomeço presente no decorrer do poema como foco temático.","indica explicação das afirmações prévias, com o objetivo de retificar o que foi dito.","b"
"f19a1f0c-1c14-45ca-87ec-71402960fe74","Português","CMJF - 2025/2026","Colégio Militar de Juiz de Fora",2025,NA,"Leia com atenção o poema Recomece, de Bráulio Bessa. Sobre a maneira como o autor mantém a continuidade do texto, analise as afirmações a seguir.

I. A repetição da expressão **É hora do recomeço**, no penúltimo verso de várias estrofes, ajuda a criar unidade e a reforçar a mensagem principal do poema.
II. O uso do verbo **recomeçar** em diferentes formas (como **Recomece, recomeçar e recomece novamente**) contribui para estabelecer coesão ao texto, pois retoma sempre a mesma ideia central.
III. A expressão **engatar a ré** (v. 40) confirma a ideia de que recomeçar é o mesmo que voltar ao ponto de partida e desistir de avançar.
IV. A repetição de estruturas que começam com **quando** em diversas estrofes estabelece um padrão que organiza as situações em que a pessoa deve recomeçar.

Estão corretas apenas","I e II.","I e IV.","II e IV.","I, II e IV.","II, III e IV.","d"
"5e4b8333-18de-426b-bfa2-68251221f42f","Português","CMJF - 2025/2026","Colégio Militar de Juiz de Fora",2025,NA,"Considerando os quatro textos anteriores (O sonho do grãozinho de areia, Resiliência – A habilidade das pessoas de sucesso, O Carvalho e os Juncos e Recomece), acerca da relação entre os diferentes modos de representação da resiliência e da superação, pode-se afirmar que","a superação, no Texto 1 e no Texto 4, ocorre exclusivamente por meio da imobilidade e espera; enquanto, no Texto 2 e no Texto 3, a superação está associada à ação constante e ao enfrentamento direto das dificuldades.","o Texto 3, ao contrário dos demais, valoriza a resistência intransigente, inflexível e a manutenção da rigidez diante das adversidades, evidenciando que não ceder é a principal virtude que conduz à vitória sobre os obstáculos.","o Texto 2 concebe a resiliência como um processo contínuo de adaptação e fortalecimento, ideia que também se manifesta no Texto 3.","o Texto 4 e o Texto 2 apresentam a superação como consequência inevitável do decurso do tempo e da passividade frente aos desafios, diferentemente do Texto 1, que sugere que a transformação depende unicamente de fatores externos imprevisíveis.","o Texto 3 se diferencia dos demais por apresentar a resiliência como um traço de natureza inata e fixa, que se constrói pelas experiências adversas, por meio da força física, enquanto os demais textos ressaltam a necessidade de resignação e espera passiva.","c"
"545f9145-9550-4a61-b2df-7f26c9ddb341","Português","CMJF - 2025/2026","Colégio Militar de Juiz de Fora",2025,NA,"  ![](1764097663_Captura de tela 2025-11-25 160733.png){width=300px} 

Leia atentamente a tirinha dos Bichinhos de Jardim e julgue as afirmativas a seguir.

I. A fala **Já tá falando em língua de coach?** funciona como crítica irônica ao uso excessivo de termos técnicos motivacionais, pela dissonância linguística entre as duas personagens.
II. A personagem que escuta demonstra empatia durante toda a tirinha, mantendo-se surpresa com o entusiasmo da outra.
III. O uso reiterado de frases motivacionais em todos os quadrinhos reforça o apoio da personagem ouvinte às ideias da outra, criando um efeito de concordância.
IV. A oposição entre o discurso exaltado de uma personagem e a reação desconfiada da outra constitui recurso de humor da tirinha, explorando contrastes entre linguagem e expressão.
V. A estrutura da tirinha conduz o leitor a uma reflexão filosófica, sugerindo que ambas as personagens representam formas similares de sabedoria.

Estão corretas apenas as afirmativas","I, II e III","I, IV e V","II, III e V","I e IV","II e IV","d"
"dd3cc0f5-cd0a-4f61-bca9-2eca5140e073","Português","CMJF - 2025/2026","Colégio Militar de Juiz de Fora",2025,NA,"O efeito de humor produzido na tirinha dos **Bichinhos de Jardim** resulta da articulação entre linguagem verbal e não verbal. Com base na leitura atenta do texto, pode-se afirmar que","o humor decorre do uso de expressões motivacionais que, por serem comuns no meio corporativo, despertam identificação por parte da outra personagem","a tirinha é cômica, porque inverte os papéis tradicionais de mestre e aprendiz: a personagem que ouve demonstra sabedoria ao concordar com a fala da outra.","o efeito cômico nasce do contraste entre a linguagem técnica de uma personagem e a reação cética da outra, que desconstrói o tom sério com uma fala irônica","o humor está na repetição exagerada de frases impactantes que, acompanhadas por expressões igualmente intensas, revelam a coerência interna do discurso motivacional","a graça da tirinha se constrói por um ambiente inspirador em que as linguagens verbal e não-verbal caminham juntas para promover o autoconhecimento das personagens","c"
"a3401c94-8f5e-48ec-8b01-73da0e6a21ea","Português","CMJF - 2025/2026","Colégio Militar de Juiz de Fora",2025,NA,"  ![](1764097839_Captura de tela 2025-11-25 161033.png){width=300px} 

O enunciado curto do Texto 6, inserido sobre uma paisagem natural e difundido em redes sociais, faz parte de um gênero textual reconhecível pela concisão e pelo apelo emocional.

Com base no propósito comunicativo predominante desse texto, nota-se a principal finalidade de","sensibilizar o leitor por meio de uma mensagem subjetiva, transmitindo a ideia de persistência mesmo diante do anseio por desistir. ","induzir o leitor a associar a frase ao cenário ao fundo, sugerindo uma ideia de leveza e de tranquilidade transmitida pela paisagem natural.","levar o leitor a refletir sobre situações em que desistir é uma forma sensata de preservação emocional como uma escolha equilibrada. ","informar o leitor sobre estratégias de resiliência, destacando os mecanismos internos do cérebro humano em situações de esgotamento emocional.","defender racionalmente a importância de persistir, utilizando uma linguagem argumentativa para convencer o leitor da necessidade de lutar.","a"
"10af5331-b3c5-49ce-9530-ef111a94bf9d","Português","CMJF - 2025/2026","Colégio Militar de Juiz de Fora",2025,NA,"Julgue as afirmativas quanto à localização de informações explícitas e à inferência de ideias implícitas, presentes no Texto 6.

I. A repetição da ideia de lutar no enunciado reforça vontade de progresso contínuo, evidenciando a superação do conflito mencionado.
II. O enunciado apresenta a ideia de alguém que não desistiu de lutar e agora vive em estado de conformismo.
III. A construção **lutando contra o desejo** revela, de forma implícita, que o sujeito ainda está resistindo, mesmo sentindo vontade de desistir.
IV. A frase expressa um embate, no qual a resistência não se volta contra o mundo externo, mas contra um anseio do indivíduo.

Estão corretas apenas as afirmativas"," I e III.","I e IV.","II e III.","II e IV.","III e IV.","e"
"201269d0-bc35-4180-af9a-beebd9ae6814","Português","CMJF - 2025/2026","Colégio Militar de Juiz de Fora",2025,NA,"  ![](1764097984_Captura de tela 2025-11-25 161257.png){width=300px} 
  ![](1764098004_Captura de tela 2025-11-25 161318.png){width=300px} 

As duas imagens, presentes no Texto 7 e no Texto 8, podem ser interpretadas como representações simbólicas que","evidenciam como diferentes formas de desafio podem provocar sentimento de impotência, mesmo quando há esforço persistente.","destacam que obstáculos externos e condições desfavoráveis podem ser enfrentados por meio de atitudes de resistência e continuidade.","sugerem que o ambiente, quando hostil, compromete a possibilidade de reação positiva, conduzindo à inevitável estagnação.","apontam que a superação de dificuldades e de obstáculos depende de fatores externos favoráveis, e não do empenho individual.","revelam que as tentativas de transformação têm valor simbólico, embora não produzam impacto efetivo sobre a realidade.","b"
"98caf42c-6425-4139-80d6-9f62c3202dcd","Português","CMJF - 2025/2026","Colégio Militar de Juiz de Fora",2025,NA,"Pensando no sentido simbólico das imagens presentes no Texto 7 e no Texto 8, os ditados populares que melhor se relacionam, respectivamente, a cada uma delas são","“Água mole em pedra dura tanto bate até que fura” e “De grão em grão a galinha enche o papo.”","“Pedra que rola não cria limo.” e “Antes só do que mal acompanhado.”","“Quem espera sempre alcança” e “Quem não arrisca não petisca.”","“Devagar se vai ao longe” e “A esperança é a última que morre.”","“É melhor um covarde vivo do que um herói morto.” e “Flor que se destaca, a abelha visita primeiro.”","d"
"78e30f1e-a73b-48c7-acad-ce7ebc33db76","Matemática","IV - Frações","Colégio Militar de Porto Alegre",2025,NA,"O Clube de Matemática do CMPA é conhecido por estimular o raciocínio lógico e a criatividade na resolução de problemas. Por esse motivo, as questões propostas costumam fugir um pouco do tradicional, desafiando os alunos a pensarem “fora da caixa”, como mostra o problema abaixo:

  ![](1764188080_Captura de tela 2025-11-26 171418.png){width=300px} 

Com base nas informações dadas no quadro acima, o resultado da expressão

 ![](1764188114_Captura de tela 2025-11-26 171503.png){width=300px} 

será um número múltiplo de ","2","3","5","7","11","d"
"0876a370-b889-43bf-a420-7013e1dd5a3e","Matemática","I - Sistema de Numeração","Colégio Militar de Porto Alegre",2025,NA,"Nos degraus de algumas escadas do CMPA, estão escritas palavras que representam valores militares. Alguns exemplos são: RESPONSABILIDADE, HIERARQUIA e DISCIPLINA, como mostra a figura ao lado.

A partir disso, em uma gincana do “Dia do Estudante”, foi proposto um desafio para os alunos resolverem em equipe, observando as seguintes regras:

• escrever outras três palavras que também representem valores militares;
• riscar todas as letras que não representem algarismos romanos;
• escrever números romanos com as letras restantes.

Assim, por exemplo, da palavra CIVISMO, ficamos apenas com uma letra C, duas letras I, uma letra V e uma letra M. Essas letras (C, I, I, V, M) representam algarismos romanos que podem formar diversos números, como MCVII.

Considere que certa equipe escolheu as palavras abaixo:

AMIZADE – VERDADE – EXCELÊNCIA

Depois disso, seguindo as regras do desafio, essa equipe escreveu uma lista em que todos os números possuem exatamente seis algarismos romanos. A diferença entre o maior e o menor número dessa lista é igual a

  ![](1764188175_Captura de tela 2025-11-26 171609.png){width=300px} ","MDXCIII.","MDCXIII.","MDCXVII","MMDXXXIII","MMDLVII.","b"
"a5d49a24-d6f6-425e-a977-e2ab8e33d2fa","Matemática","IV - Frações","Colégio Militar de Porto Alegre",2025,NA,"As formaturas fazem parte da rotina dos alunos do CMPA e acontecem uma vez por semana. Nelas, os alunos desfilam em continência ao Comandante e marcham, seguindo o ritmo imposto pela Banda Musical. O que muita gente não sabe é que o ritmo de uma música é organizado por uma estrutura chamada compasso, e que o compasso esconde uma matemática por trás: ele é representado por uma fórmula que indica a soma das frações rítmicas que o compõem.

No quadro abaixo, estão as frações rítmicas que representam as diferentes durações de tempo:

  ![](1764188325_Captura de tela 2025-11-26 171838.png){width=300px} 

Um compasso de fórmula $\frac54$, por exemplo, poderia ser composto por cinco semínimas ou dez colcheias, ou por qualquer outra combinação que tenha soma igual a $\frac54$.

Sendo assim, um compasso composto por exatamente uma mínima, três semínimas e quatro colcheias pode ser igualmente composto por exatamente","duas colcheias, quatro semicolcheias e quatro fusas.","duas colcheias, duas semicolcheias e oito semifusas.","três semínimas, quatro semicolcheias e oito fusas.","três semínimas, quatro colcheias e oito semicolcheias.","duas mínimas, duas semicolcheias e quatro fusas.","d"
"de9cc38d-8dee-4175-bbe5-4d8883671465","Matemática","V - Números Decimais","Colégio Militar de Porto Alegre",2025,NA,"Para auxiliar nos custos de uma Festa Junina, os professores da Coordenação do 1º Ciclo fizeram contribuições, depositando dinheiro em uma pequena caixa que serviria de “cofrinho”.

Depois de um tempo, foi constatado que, nessa caixa, havia: 271 reais em cédulas de papel; 68 moedas de 5 centavos; 85 moedas de 10 centavos;
43 moedas de 25 centavos; 59 moedas de 50 centavos; e 4 moedas de 1 real.

Com o valor arrecadado, foram comprados os itens para a festa. No entanto, a nota da compra apresentou problemas de impressão, impedindo a visualização de alguns valores, conforme mostra a imagem ao lado.

Sabendo que, após a compra, sobrou apenas R$ 1, 15 do valor arrecadado, qual foi o valor unitário do bolo de milho?

  ![](1764188476_Captura de tela 2025-11-26 172108.png){width=300px} ","R$ 19,50","R$ 29,50","R$ 30,50","R$ 44,80","R$ 59,00","b"
"57c0990f-cc61-438d-920f-a18f6bfaae35","Matemática","II - As 4 Operações","Colégio Militar de Porto Alegre",2025,NA,"Uma professora de Ciências da Natureza precisava imprimir uma lista de exercícios de uma página para cada um dos seus 149 alunos.

Na sala de impressão, estavam disponíveis três impressoras diferentes: a impressora 𝐴, que imprime 1200 páginas por hora, a impressora 𝐵, que imprime 15 páginas por minuto, e a impressora 𝐶, cujo desempenho é inicialmente desconhecido.

Para que as listas ficassem prontas o mais rápido possível, a impressão foi dividida entre as três impressoras:

• a impressora 𝐴 iniciou a impressão imediatamente;
• a impressora 𝐵 iniciou a impressão 1 minuto e 15 segundos depois da impressora 𝐴;
• a impressora 𝐶 iniciou a impressão 12 segundos depois da impressora 𝐵.

Se todas as impressoras pararam ao mesmo tempo e todo o processo de impressão levou um total de 3 minutos e 15 segundos, quantas páginas a impressora 𝐶 imprimiu por minuto?
","20","25","30","35","54","c"
"3cac8443-11b9-4335-971c-52d8f5a0e995","Matemática","VI - Medidas Geométricas","Colégio Militar de Porto Alegre",2025,NA,"Os alunos do CMPA praticam natação em um clube de Porto Alegre. Lá, todas as piscinas possuem suas paredes laterais perpendiculares ou paralelas entre si. Uma delas, que não está completamente cheia, tem 30 𝑚 de comprimento, 15 𝑚 de largura e sua profundidade não é fixa. O fundo dessa piscina tem o formato de uma rampa inclinada, sendo que a parte mais rasa tem 1 𝑚 de altura e a parte mais funda tem 4 𝑚 de altura, conforme a figura.

  ![](1764188639_Captura de tela 2025-11-26 172351.png){width=300px} 

Sabe-se que há 1 milhão e 80 mil litros de água nessa piscina. Nessas condições, o nível de água está quantos centímetros abaixo da borda da piscina?","0,01","0,1","1","10","100","d"
"1d8d72a9-a577-419e-89a8-5645e8403487","Matemática","VI - Medidas Geométricas","Colégio Militar de Porto Alegre",2025,NA,"A Mostra Cultural do CMPA é um evento no qual os alunos podem expor suas pinturas, poemas e fotografias, ou alguma outra forma de manifestação artística.  Para enfeitar uma das salas da Mostra, o professor de Artes usou 8 cubos com arestas de mesma medida, colados de modo a formar um cubo maior, conforme ilustra a figura abaixo.

  ![](1764188839_Captura de tela 2025-11-26 172713.png){width=300px} 

Nesse processo de colagem, um total de 𝑁 faces dos cubos menores ficaram escondidas. Se o volume do cubo maior é igual a 216 𝑑𝑚³, pode-se afirmar que a área dessas 𝑁 faces, juntas, é igual a","72 𝑑𝑚²","108 𝑑𝑚²","144 𝑑𝑚²","180 𝑑𝑚²","216 𝑑𝑚²","e"
"e9cbdc1d-a4a4-4219-ae3b-0adc1a11cbbd","Matemática","V - Números Decimais","Colégio Militar de Porto Alegre",2025,NA,"Um aluno está treinando para a Rústica do Casarão da Várzea, evento de corrida promovido pelo Grupo de Corredores do CMPA. Em seus treinos, ele sempre utiliza dois parâmetros: o pace e a velocidade média.

O pace é o tempo médio para percorrer 1 quilômetro e é obtido pela divisão entre as
grandezas tempo de corrida e distância percorrida, nessa ordem. Já a velocidade média é obtida pela divisão das mesmas grandezas do pace, mas na ordem inversa.
Particularmente, o último pace desse aluno foi de 5 ′20′′/𝑘𝑚 (5 minutos e 20 segundos por quilômetro). Até o dia da Rústica, ele deseja melhorar seu desempenho, reduzindo esse pace em 25%.

Caso ele atinja esse objetivo, sua velocidade média, em quilômetros por hora, será igual a","15","14,5","14","13,5","12","a"
"af78e924-d96c-4992-bb53-38bad2377ead","Matemática","V - Números Decimais","Colégio Militar de Porto Alegre",2025,NA,"O Clube de Robótica do CMPA participa de algumas competições entre escolas. Em uma dessas competições, era necessário programar um robô para percorrer determinado trajeto, representado pela linha vermelha na Figura 1 abaixo:

  ![](1764188966_Captura de tela 2025-11-26 172918.png){width=300px} 

Para isso, partindo do ponto 𝐴, o robô percorrerá apenas caminhos horizontais e verticais, até retornar, uma única vez, ao ponto 𝐴, completando um trajeto de medida 𝑀.

Sabe-se ainda que a Figura 1 pode ser decomposta em sete retângulos, todos com as mesmas medidas do retângulo da Figura 2 a seguir:

  ![](1764188994_Captura de tela 2025-11-26 172947.png){width=300px} 

Com base nessas informações, pode-se afirmar que a medida 𝑀, em centímetros, é igual a","1120","1720","1760","2000","2240","c"
"57fe460a-2c22-4eab-a4b7-f7bcd007eaf7","Matemática","III - Múltiplos e Divisores","Colégio Militar de Porto Alegre",2025,NA,"Um grupo de alunos do Grêmio da Engenharia, orientado por uma professora de Física,
construiu um sistema com cinco engrenagens interligadas: 𝐴, 𝐵, 𝐶, 𝐷 e 𝐸.

  ![](1764189084_Captura de tela 2025-11-26 173118.png){width=300px} 

Sabe-se que as engrenagens 𝐴 e 𝐶 demoram, cada uma, 30 segundos para dar uma volta completa, enquanto as engrenagens 𝐵 e 𝐷 demoram, cada uma, 14 segundos.

Esse sistema foi ligado às 08 ℎ 06 𝑚𝑖𝑛, mantendo uma velocidade constante durante todo o seu funcionamento. Às 08 ℎ 20 𝑚𝑖𝑛, as engrenagens passaram, todas juntas, pela segunda vez, pela mesma posição inicial.

O menor tempo necessário possível para a engrenagem 𝐸 completar uma volta é","2 s","3 s","4 s","5 s","6 s","c"
"6e33bd45-5849-4721-893d-698281f6fd89","Matemática","VI - Medidas Geométricas","Colégio Militar de Porto Alegre",2025,NA,"Em comemoração ao aniversário do CMPA, que ocorre no dia 22 de março, a SEL (Sociedade Esportiva e Literária) promoveu uma série de atividades para os alunos durante o recreio. Uma delas consistia numa brincadeira de “tiro ao alvo”, em que havia quatro alvos de 1,2 𝑚 × 1,2 𝑚, cada um com uma letra da sigla do colégio.

Na figura abaixo, sobre malhas quadriculadas, nas quais os vértices das letras coincidem com os vértices dos quadrados da malha, estão representados esses alvos.

  ![](1764189164_Captura de tela 2025-11-26 173238.png){width=300px} 

Considere 𝐴(𝑥) como a área do alvo correspondente à letra 𝑥, com 𝑥 sendo 𝐶, 𝑀, 𝑃 ou 𝐴.
Colocando essas áreas em ordem crescente, temos","𝐴(𝐶) < 𝐴(𝑃) < 𝐴(𝐴) < 𝐴(𝑀).","𝐴(𝐶) < 𝐴(𝑃) < 𝐴(𝑀) < 𝐴(𝐴).","𝐴(𝐶) < 𝐴(𝐴) < 𝐴(𝑃) < 𝐴(𝑀).","𝐴(𝑃) < 𝐴(𝐴) < 𝐴(𝐶) < 𝐴(𝑀).","𝐴(𝐴) < 𝐴(𝑀) < 𝐴(𝐶) < 𝐴(𝑃).","a"
"2de53ac4-1142-428d-a462-0d41583b313f","Matemática","VII - Tratamento da Informação","Colégio Militar de Porto Alegre",2025,NA,"Após uma palestra da Seção Psicopedagógica sobre o excesso do uso de telas e suas consequências para a saúde física e mental, uma aluna tem controlado o tempo de uso diário do seu celular. Toda segunda-feira pela manhã, ela recebe uma mensagem sobre o tempo médio diário de uso do seu telefone durante a última semana (de segunda-feira a domingo).

A última mensagem recebida foi:

“A sua média de uso do telefone na última semana foi de 2 horas e 12 minutos por dia.”

Na semana atual, ela quer reduzir essa média em 22 minutos. Na sexta-feira, antes de dormir, nas configurações do telefone, acessou o gráfico de uso diário dos últimos cinco dias:

  ![](1764189332_Captura de tela 2025-11-26 173500.png){width=300px} 

Para alcançar seu objetivo, nos próximos dois dias, ela deve usar o telefone, em média, ","1 ℎ 50 𝑚𝑖𝑛 por dia.
","2 ℎ 08 𝑚𝑖𝑛 por dia","2 ℎ 29 𝑚𝑖𝑛 por dia.","3 ℎ 49 𝑚𝑖𝑛 por dia","4 ℎ 58 𝑚𝑖𝑛 por dia.","c"
"1d23f2d7-8ce0-4985-82ce-0edb06e8e546","Matemática","II - As 4 Operações","Colégio Militar de Porto Alegre",2025,NA,"O Rancho do CMPA é o local onde são preparadas as refeições oferecidas para os militares e alunos do colégio. Lá, o café é preparado um pouco mais forte do que o recomendado pela marca, na proporção de 10 colheres (sopa) de pó de café para 1 𝑑𝑚³ de água.

Um Capitão serviu-se de 100 𝑚𝑙 do café do Rancho, mas ele prefere o café com o sabor um pouco mais suave. Em casa, ele prepara seu café na proporção de 30 𝑔 de pó de café para 300 𝑐𝑚³ de água.

  ![](1764189464_Captura de tela 2025-11-26 173736.png){width=300px} 

Sabendo que uma colher (sopa) equivale a 15 𝑔 de pó de café, quantos 𝑚𝑙 de água esse Capitão deve adicionar ao café do Rancho para que ele fique exatamente do seu gosto?","50","75","100","150","200","a"
"c0ab6eda-6b6b-4ac8-9e8b-fcdc4aab031d","Matemática","VI - Medidas Geométricas","Colégio Militar de Porto Alegre",2025,NA,"É muito comum que o Clube do Voluntariado promova campanhas solidárias no CMPA, para arrecadação de roupas e alimentos que serão destinados a diferentes instituições de caridade. Numa dessas campanhas, foram recolhidas 301 caixas de leite, todas com as mesmas medidas e no formato de paralelepípedo regular de base quadrada, conforme a figura a seguir.

  ![](1764189552_Captura de tela 2025-11-26 173901.png){width=300px} 

As caixas foram devidamente organizadas e a instituição a ser beneficiada foi buscá-las, mas não conseguiu levar todas de uma única vez, sendo necessárias duas viagens. Após a primeira viagem, as vistas frontal, lateral e superior da pilha restante eram:

  ![](1764189581_Captura de tela 2025-11-26 173934.png){width=300px} 

Quantas caixas foram levadas na primeira viagem?","254","261","268","279","285","c"
"b0b6198c-1d15-49ba-8864-630fd650c1d0","Matemática","V - Números Decimais","Colégio Militar de Porto Alegre",2025,NA,"O Desafio Global do Conhecimento (DGC) é um evento que ocorre no Colégio Militar de Brasília (CMB) e conta com a participação de alunos oriundos dos 15 Colégios Militares e da Fundação Osório.

Como a comitiva de cada colégio tem um número limitado de alunos, optou-se por fazer algumas provas seletivas. Em Matemática, foi realizada uma prova com cinco questões de múltipla escolha, em que cada questão valia 2 pontos.

Sabe-se que:

• 6% dos alunos erraram apenas uma questão;
• 11% dos alunos tiraram nota 2;
• 15% dos alunos acertaram exatamente três questões; e
• 20% dos alunos tiraram nota 4.

Se a média de acertos foi de 3 questões por aluno, assinale a alternativa correta.","48% dos alunos gabaritaram a prova.","6% dos alunos erraram pelo menos uma questão.","41% dos alunos obtiveram nota igual ou superior a 6.","12% dos alunos erraram todas as questões.","52% acertaram pelo menos uma questão.","d"
"7fe3c513-6662-4162-9443-9a9afa1a2415","Matemática","I - Sistema de Numeração","Colégio Militar de Porto Alegre",2025,NA,"O CMPA possui muitos antigos alunos considerados ilustres. Entre eles, está Mario Quintana, famoso poeta, tradutor e jornalista brasileiro. Veja algumas informações a seu respeito no quadro abaixo:

  ![](1764190023_Captura de tela 2025-11-26 174657.png){width=300px} 

Considere os algarismos dos números destacados em negrito no texto. Sem repeti-los, podemos formar números de seis algarismos distintos, válidos no sistema decimal. Sobre esses números, analise as sentenças abaixo:

I. O maior de todos eles é um número par.
II. O menor de todos eles tem 2000 como valor relativo do algarismo 2.
III. O algarismo que ocupa a 3ª ordem do maior de todos eles é 4.
IV. Entre todos os números que possuem o algarismo 1 na ordem das unidades, o menor deles tem 90 como valor relativo do algarismo que ocupa a 2ª ordem.

É (são) verdadeira(s):","Apenas a I","Apenas a II e a III.","Apenas a III e a IV.
","Apenas a I, a II e a IV.","I, II, III e IV","d"
"ef532a8b-0058-4738-8c09-6e9bff91dbce","Matemática","VI - Medidas Geométricas","Colégio Militar de Porto Alegre",2025,NA,"O Laboratório de Matemática do CMPA é uma sala diferenciada: além do quadro branco, há uma lousa digital, mesas redondas, livros, jogos e muito mais – tudo relacionado à Matemática, claro. Lá, dentro de uma caixa, estão guardados 12 sólidos de cinco modelos diferentes: tetraedro, cubo, prisma de base triangular, prisma de base hexagonal e pirâmide de base quadrada, totalizando 61 faces e 109 arestas.

  ![](1764190101_Captura de tela 2025-11-26 174815.png){width=300px} 

Numa aula do 6º ano, a professora levou os alunos para o Laboratório para trabalhar com esses sólidos, e foi retirando um de cada vez de dentro da caixa. Até determinado momento, ela havia retirado:

• 4 tetraedros;
• 2 cubos;
• 2 prismas de base triangular;
• 1 prisma de base hexagonal;
• 1 pirâmide de base quadrada.

Dessa forma, os dois sólidos que ainda estão na caixa são","um cubo e um tetraedro.
","um prisma de base triangular e uma pirâmide de base quadrada.","um prisma hexagonal e uma pirâmide de base quadrada.","dois prismas de base triangular.","duas pirâmides de base quadrada","b"
"12c7573a-6962-400a-8de9-1483bc20de44","Matemática","IV - Frações","Colégio Militar de Porto Alegre",2025,NA,"A cada dois anos, nas férias de julho, ocorrem os Jogos da Amizade – evento esportivo que reúne alunos atletas de todos os Colégios Militares do Brasil.

A SEF (Seção de Educação Física) fez um levantamento sobre os atletas que participaram dos Jogos da Amizade neste ano e que representaram o CMPA em duas categorias: esportes de marca (atletismo e natação) e esportes de quadra (futebol, voleibol, basquete e handebol).

Em uma turma de 30 alunos, constatou-se que:

• 11 alunos participaram como atletas de esportes de marca;
• 15 alunos participaram como atletas de esportes de quadra;
• 14 alunos não participaram como atletas de nenhuma das duas categorias.

Escolhendo-se, aleatoriamente, um aluno dessa turma que tenha participado como atleta dos Jogos da Amizade deste ano, em pelo menos uma das duas categorias, a probabilidade de ele ser atleta apenas de jogos de quadra é","$\frac58$","$\frac{5}{16}$","$\frac13$","$\frac16$","$\frac1{16}$","b"
"37658fab-d0cd-4121-a678-01df12914468","Matemática","VII - Tratamento da Informação","Colégio Militar de Porto Alegre",2025,NA,"A Seção de Aquisição de Material do CMPA realiza pregões, que são uma modalidade de licitação pública utilizada para adquirir bens e serviços comuns, com o objetivo de obter os produtos com o melhor custo-benefício.

Para a aquisição de marcador de quadro branco (nas cores azul, preta e vermelha), as três empresas participantes do pregão trabalhavam com o mesmo preço unitário, mas estavam fazendo diferentes promoções, conforme os quadros abaixo:

  ![](1764190288_Captura de tela 2025-11-26 175106.png){width=300px} 

Dessa forma, é mais vantajoso comprar os marcadores nas cores azul, preto e vermelho, respectivamente, das empresas","C, B e C.","C, B e A.","B, B e A.","B, A e A.","A, B e C.","a"
"3f6ff046-71ff-4d39-8cf7-1e290dc173e6","Matemática","VI - Medidas Geométricas","Colégio Militar de Porto Alegre",2025,NA,"A Noite do Casarão é uma atividade que tem como objetivo promover a integração dos alunos ingressantes no CMPA, contando histórias e lendas, além de fortalecer a sensação de pertencimento à instituição, tudo regado a mistério e uma pitada de terror.

Numa de suas edições, a oficina que gerou maior repercussão positiva foi um Escape Room, no qual um grupo de alunos é trancado em uma sala por um tempo limitado e deve resolver uma série de desafios para encontrar a chave da porta e poder sair antes de o tempo acabar. 

Em um dos desafios, os alunos deveriam, inicialmente, montar o cubo da planificação abaixo, em que estão destacados os vértices 𝐴 e 𝐵:

  ![](1764190356_Captura de tela 2025-11-26 175229.png){width=300px} 

Foi dito para os alunos que cada vértice do cubo estava associado a um número, que eles deveriam descobrir de acordo com a seguinte regra:

• Multiplique os números escritos nas faces que contêm o vértice;
• divida o produto anterior por 6 e considere o resto dessa divisão. Esse resto será o número associado ao vértice.

Assim, por exemplo, o vértice 𝐴 está associado ao 3. Dessa forma, o valor associado ao vértice 𝐵 é o","1","2","3","4","5","e"
"835edb00-6b31-450f-af18-e0b54d1dc766","Português","CMPA - 2025/2026","Colégio Militar de Porto Alegre",2025,NA,"  ![](1764251656_Captura de tela 2025-11-27 105355.png){width=300px} 
  ![](1764251683_Captura de tela 2025-11-27 105435.png){width=300px} 
  ![](1764251712_Captura de tela 2025-11-27 105506.png){width=300px} 

Glossário
açacurana - uma árvore da família das leguminosas.
curare - veneno usado em lanças e flechas.

De acordo com o texto, julgue as afirmações verdadeiras (V) ou falsas (F).

( ) No primeiro parágrafo do texto, narra-se o parto e o nascimento de duas crianças, que são apresentadas e descritas no segundo parágrafo.
( ) No terceiro parágrafo, narra-se o episódio em que a menina desapareceu e foi encontrada sem ferimentos junto a uma onça.
( ) No quarto parágrafo do texto, a menina tem seu futuro determinado pelo pai: “Ela um dia se transforma e nos devora a todos”. (l. 33)
( ) No quinto parágrafo, vê-se que a menina segue sua vida depois de ter sido onçada.
( ) Apesar da maldição que o pai acreditava ter recaído sobre a filha, Iñe-e foi escolhida, conforme o sexto parágrafo, para uma missão de muita importância porque tinha o poder de ver o que os demais não conseguiam enxergar.

A alternativa que apresenta a sequência correta, de cima para baixo, é:","F – V – V – V – F.","V – F – V – F – V.","V – V – V – F – F.","V – F – F – V – V.","V – V – F – V – F.","e"
"5e1e9ed0-d27b-4993-87b6-db800f15ff0b","Português","CMPA - 2025/2026","Colégio Militar de Porto Alegre",2025,NA,"Leia as seguintes afirmações sobre passagens do **primeiro parágrafo** do texto:

I – Em “A mulher se reclina” (l. 01), há uma determinação que permite afirmar que a personagem representa a primeira mulher de seu povo.
II – A palavra como em “O trabalho dos ossos do quadril se afastando como pedras que há muito assentadas não resistem à imposição violenta das águas” (ls. 06 e 07) indica uma comparação.
III – A palavra totalmente, em “e enfim seu canal se dilata totalmente para a passagem dos rios” (l. 08) indica uma qualidade de “canal”.
IV – A palavra para, em “e enfim seu canal se dilata totalmente para a passagem dos rios” (l. 08) tem sentido de finalidade.
V – Em “primeiro o rio que traz um menino, depois o rio que traz uma menina” (ls. 08 e 09), as palavras primeiro e depois indicam a ordem de nascimento dos irmãos.

É correto o que se afirma em","I e II, apenas.","II e III, apenas.","II, III e IV, apenas.","II, IV e V, apenas.","I, II e IV, apenas.","d"
"9d4d8654-90bd-4782-9322-b6247d6a15ac","Português","CMPA - 2025/2026","Colégio Militar de Porto Alegre",2025,NA,"O emprego da **última** vírgula no trecho: “Ela está no centro da maloca, e a maloca é o ventre do universo, e a barriga dela, o centro do mundo.” (ls. 03 e 04), indica, no contexto em análise, que houve o/a
","omissão de um verbo","separação dos itens de uma enumeração","introdução de uma explicação","apresentação de uma informação acessória","destaque de uma ideia","a"
"6eb25d53-1fde-4196-a3ef-f848b9cd71cb","Português","CMPA - 2025/2026","Colégio Militar de Porto Alegre",2025,NA,"Ao descrever o céu, empregou-se a palavra rebrilha: “Sobre o telhado, o céu **rebrilha** de estrelas (...)” (l. 04). Para formar essa palavra, acrescenta-se RE- ao verbo BRILHAR. Assim, qual foi o sentido conferido por RE- ao brilho do céu? ","Anterioridade.","Intensidade.","Movimento.","Negação.","Reciprocidade","b"
"cc963a68-1fd6-4576-84e6-e6ea7bc1a1f8","Português","CMPA - 2025/2026","Colégio Militar de Porto Alegre",2025,NA,"Em trecho retirado do **terceiro parágrafo**, observe o emprego da palavra desgarrar-se: “Escuta também como surgiu a desconfiança que o pai passou a ter dela quando, ainda muito pequena, se desgarrou das mulheres que preparavam a yuca e ficou horas desaparecida“. (ls. 21 a 23).

Nesse contexto, “desgarrar-se” é empregado com o mesmo sentido de","abrigar-se","proteger-se","afugentar-se","separar-se","defender-se","d"
"0aa97e2d-00dd-458d-902b-c11e88fa85a0","Português","CMPA - 2025/2026","Colégio Militar de Porto Alegre",2025,NA,"No **terceiro parágrafo** do texto, ao falar sobre quando Iñe-e foi encontrada por seu povo, é dito que: **“Somente a encontraram no fim da tarde”**, (l. 23). Qual das reescritas abaixo mantém o sentido dessa frase?","Encontraram apenas Iñe-e no fim da tarde.","Somente Iñe-e foi encontrada no fim da tarde.","Iñe-e foi encontrada sozinha no fim da tarde.","Iñe-e foi encontrada apenas no fim da tarde.","Só Iñe-e foi encontrada no fim da tarde.","d"
"0eae743d-b972-4689-ba6d-8fb6279bf40e","Português","CMPA - 2025/2026","Colégio Militar de Porto Alegre",2025,NA,"Observe os destaques no trecho do **terceiro parágrafo**, das linhas 24 e 25:

“Quando as esperanças de vê-**la** viva novamente se esvaíam, os parentes **a** avistaram à margem do rio, em companhia de uma enorme onça”.

As duas palavras destacadas no trecho referem-se, no contexto, à/às
","Iñe-e.","onça.","esperanças e à onça.","Iñe-e e à onça, respectivamente.","onça e à Iñe-e, respectivamente.","a"
"11c5761f-7013-4c54-8f95-733ef8b06a71","Português","CMPA - 2025/2026","Colégio Militar de Porto Alegre",2025,NA,"Em “Onça voa de um grande salto, onça engana os melhores caçadores, onça esturra enchendo a mata de reverência e temor, onça enterra os dentes no cangote do inimigo.”, (ls. 44 e 45), o narrador apresenta o pensamento de Iñe-e a respeito das onças – um pensamento que é comumente partilhado pelas pessoas.

Pode-se afirmar que, ao encontrar-se com a menina, a onça tem um comportamento **oposto** ao que se esperaria desse animal, considerado inimigo de seu povo. Qual passagem abaixo comprova que a onça agiu de maneira **contrária** à esperada de um inimigo?"," “se desgarrou das mulheres” (l. 22)","“Iñe-e de cócoras” (l. 25)","“a cauda batendo ritmadamente de um lado para o outro” (l. 26)","“como quem espera” (l. 26)","“como quem vela” (l. 27)","e"
"06466e29-466e-45d7-bb75-43523dc93d35","Português","CMPA - 2025/2026","Colégio Militar de Porto Alegre",2025,NA,"“Naquele dia, o entendimento do pai dizia que a filha, por haver se ajuntado em pacto com a inimiga, mesmo sem ter ciência do que havia de fato acontecido, era **agora** inimiga como a onça.” (ls. 28 a 30)

A palavra agora tem um sentido que, no trecho do **terceiro parágrafo**, expressa uma ideia específica sobre o julgamento do pai sobre a filha. O sentido é de","dúvida, com a mesma ideia de: por agora era inimiga como a onça","dúvida, com a mesma ideia de: talvez agora era inimiga como a onça","dúvida, com a mesma ideia de: decerto agora era inimiga como a onça.","tempo, com a mesma ideia de: a partir de agora era inimiga como a onça.","tempo, com a mesma ideia de: até agora era inimiga como a onça.","d"
"85937bec-d5f6-41ad-b7b0-ec994a8e232e","Português","CMPA - 2025/2026","Colégio Militar de Porto Alegre",2025,NA,"Ao longo do texto, observa-se o emprego de recursos que ajudam a conferir-lhe lirismo. O lirismo está ligado a uma visão poética dos acontecimentos narrados e daquilo que se descreve.

Um dos recursos que ajudam a conferir lirismo a um texto literário é o uso de palavras associadas aos sentidos humanos, que falam de texturas **(tato)**, cheiros **(olfato)**, imagens **(visão)**, sabores **(paladar)** e sons **(audição)**. Isso ajuda a criar uma atmosfera para o enredo e a transmitir uma visão de mundo, além de marcar um estilo de escrita e ajudar a envolver o leitor.

Marque a alternativa que apresenta a relação correta entre a passagem do texto e o sentido ao qual se relaciona, dentro do contexto.","“crânios muito alvos faiscando eternamente” (ls. 04 e 05) – TATO","“o encontro da menina com a onça cintilava como uma dádiva” (ls. 35 e 36) – OLFATO).","“por seu grito, como que de trovão, Tsittsi é chamado” (l. 14) – VISÃO","“fluindo, como a água de onde veio, da boca de sua mãe” (l. 18) – PALADAR","“onça esturra enchendo a mata de reverência e temor” (ls. 44 e 45) – AUDIÇÃO","e"
"1e0984a2-3beb-4b46-b829-729cae92d591","Português","CMPA - 2025/2026","Colégio Militar de Porto Alegre",2025,NA,"  ![](1764253988_Captura de tela 2025-11-27 113302.png){width=300px} 

Há palavras que imitam sons. São as chamadas onomatopeias. No texto 2, a onomatopeia “Zzzzzuuu” (l. 01) representa, no contexto, o som de","trem em movimento.","voo de avião.","disparos de arma.","descarrilamento de trem.","falha mecânica","b"
"e095761c-1184-43a5-89ea-cd89a32fa986","Português","CMPA - 2025/2026","Colégio Militar de Porto Alegre",2025,NA,"Enquanto em “Tuc tuc tuc tuc” (l. 02) não é utilizada qualquer pontuação entre as palavras, em “Pum! Pum! Pum!” (l. 03) são utilizadas exclamações. Isso acontece para marcar","a sequência de disparos em: “Tuc tuc tuc tuc”.","o silvo longo de apito da locomotiva em: “Tuc tuc tuc tuc”.","a desaceleração da locomotiva em: “Tuc tuc tuc tuc”.","a pausa sonora entre um disparo e outro em: “Pum! Pum! Pum!”.","o descarrilamento do trem em: “Pum! Pum! Pum!”.
","d"
"b8ed55cb-a15e-49d2-8dac-31207dfda897","Português","CMPA - 2025/2026","Colégio Militar de Porto Alegre",2025,NA,"Um recurso da língua frequente nas narrativas é a atribuição de características ou traços humanos a animais ou objetos. Qual passagem do texto exemplifica esse recurso?","“Entrou pelo túnel, chispando.” (l. 02)","“debaixo da mesa havia bandidos.” (ls. 02 e 03)","“No auge da confusão, levaram Lili para cama” (ls. 04 e 05)","“E o trem ficou tristemente derribado no chão” (l. 05)","“era mesmo uma lata de sardinha.” (ls. 05 e 06)","d"
"399d9492-74ac-4fbd-a758-7cc41206f2ab","Português","CMPA - 2025/2026","Colégio Militar de Porto Alegre",2025,NA,"Em “E o mocinho? Onde é que está o mocinho? Meu Deus! onde é que está o mocinho?!” (ls. 03 e 04), a repetição do questionamento mostra","a falta de atenção de Lili, que precisou ser perguntada várias vezes. ","o desespero de Lili ao não encontrar o mocinho de seu faz de conta.","a preocupação do amigo de Lili que brincava com ela.","a falta de originalidade do texto, por repetir demais a mesma coisa.","a narradora Lili questionando a si mesma.","b"
"25a4347c-6144-46d1-8e1e-68ed4059c877","Português","CMPA - 2025/2026","Colégio Militar de Porto Alegre",2025,NA,"É a mesma ruazinha sossegada,
Com as velhas rondas e as canções de outrora…
E os meus lindos pregões da madrugada
Passam cantando ruazinha em fora!

Mas parece que a luz está cansada…
E, não sei como, tudo tem, agora,
Essa tonalidade amarelada
Dos cartazes que o tempo descolora…

Sim, desses cartazes ante os quais
Nós às vezes paramos, indecisos…
Mas para quê?… Se não adiantam mais!…
Pobres cartazes por aí a fora
Que inda anunciam: — ALEGRIA — RISOS
Depois do Circo já ter ido embora!…

Nesse poema, o eu lírico se vê diante de uma rua e a observa. Percebe-se que o eu lírico reflete sobre","a passagem do tempo, que descolora os cartazes e faz a luz parecer cansada.","a indecisão das pessoas, que ironicamente não se dão conta de que os anúncios são antigos.","as lembranças da infância, que ficam eternizadas em cartazes fixados nas ruas.","as decepções da vida, marcadas por promessas de alegria e risos que não se concretizam.","o descuido das cidades, que permanecem iguais ao passado, com velhos cartazes.
","a"
"ea746e34-d17a-42f6-9d71-9a653ac33263","Português","CMPA - 2025/2026","Colégio Militar de Porto Alegre",2025,NA,"No texto 3, pelo contraste entre o passado e o presente e pelas imagens construídas pelo eu lírico, é possível concluir que esse eu lírico","sente saudades do passado","culpa o ser humano pela decadência das coisas","não distingue o passado do presente","encanta-se com o presente promissor","aceita as coisas como são, sem qualquer frustração","a"
"f641eb5e-86da-43b5-89a7-7197439e979c","Português","CMPA - 2025/2026","Colégio Militar de Porto Alegre",2025,NA,"Os travessões do penúltimo verso, “Que inda anunciam: — ALEGRIA — RISOS”, foram empregados, no contexto do poema, para introduzir","reações dos espectadores de circo.","palavras presentes nos cartazes.
","sons comuns nos espetáculos circenses.","ideias que as pessoas têm sobre o circo","gritos de apresentadores de circo","b"
"04e14f7a-7901-4fcc-af2d-5077841287fd","Português","CMPA - 2025/2026","Colégio Militar de Porto Alegre",2025,NA,"O cartaz abaixo foi divulgado após a aprovação da Lei 15.100/25, que trata da proibição do uso de celulares nas escolas:

  ![](1764254572_Captura de tela 2025-11-27 114242.png){width=300px} 

**SOBRE A LEI 15.100/2025**

A Lei nº 15.100/2025 estabelece restrições ao uso de celulares e outros dispositivos eletrônicos por estudantes em escolas públicas e privadas durante o horário das aulas e intervalos. O uso desses recursos será permitido apenas quando os professores os incorporarem como ferramentas pedagógicas. O objetivo da medida é reduzir distrações, promover interações sociais e assegurar que a tecnologia seja utilizada de forma intencional para o desenvolvimento educacional e socioemocional dos alunos, buscando um ambiente escolar mais equilibrado e um uso consciente desses recursos.

Em certo trecho da linguagem verbal do cartaz (texto 4), lê-se: “A escola é para viver e conviver”. Caso esse trecho fosse reescrito sob a forma “A escola é para que você ______________ e ______________”, as lacunas, **respectivamente**, seriam preenchidas de maneira adequada, conforme a variedade padrão da Língua Portuguesa, pelos vocábulos
","“viva” e “conviva”.","“vivas” e “convivas”.","“viva” e “convivas”.","“vivas” e “conviva”.","“vive” e “convive”.","a"
"b913777b-e3b2-4b4d-950b-b8365a818ae7","Português","CMPA - 2025/2026","Colégio Militar de Porto Alegre",2025,NA,"No texto 4, a fim de se produzir o efeito comunicativo desejado, as linguagens verbal e não verbal se relacionam, complementando-se. Nesse sentido, a imagem dos pássaros, do disco em vinil e das notas musicais complementam a ideia contida no vocábulo","“silenciar”.","“celular”.","“ouvir”.","“viver”.
","“conviver”","c"
"acf0270b-658f-4924-9284-d78da7a90e41","Português","CMPA - 2025/2026","Colégio Militar de Porto Alegre",2025,NA,"O texto 4, entre outras, tem a finalidade de","impulsionar a venda de aparelhos celulares.","divulgar prejuízos que o uso de aparelhos celulares pode causar à audição das crianças em idade escolar.","estimular os estudantes a conviverem na escola, experienciando-a presencialmente.","regular a frequência de uso de aparelhos celulares nos variados espaços sociais.","provocar uma reflexão, a partir do humor.","c"
"c772cad8-5cbe-44c0-afe5-543908e0fbab","Matemática","II - As 4 Operações","Colégio Militar do Recife",2025,NA,"Alfred Nobel nasceu em 21 de outubro em Estocolmo, na Suécia, e morreu em 10 de dezembro em sua vila em San Remo, na Itália.

O prêmio que leva o seu nome é concedido anualmente para pessoas ou instituições das áreas de literatura, medicina, física, química, economia e ativismo pela paz. Cada ganhador recebe uma medalha de ouro, um diploma e uma significativa quantia em dinheiro.

Até 1980, todas as medalhas foram cunhadas em ouro de 23 quilates. Desde então, elas foram feitas em ouro verde de 18 quilates revestidas com ouro de 24 quilates. Seu peso varia dependendo do ouro, mas cada medalha pesa em média 200 gramas e seu diâmetro é de 66 milímetros.

Na figura abaixo, temos uma dessas medalhas na qual, no lado direito, estão grafados em algarismos romanos o ano de nascimento (NAT.) e morte (OB.) de Alfred Nobel.

  ![](1764267208_Captura de tela 2025-11-27 151300.png){width=300px} 

Quantos anos tinha Alfred Nobel quando morreu?","72","73","62","64","63","e"
"21381a8c-4ef9-4a35-9d44-8f078c7fc2a9","Matemática","V - Números Decimais","Colégio Militar do Recife",2025,NA,"Alfred Nobel nasceu em 21 de outubro em Estocolmo, na Suécia, e morreu em 10 de dezembro em sua vila em San Remo, na Itália.

O prêmio que leva o seu nome é concedido anualmente para pessoas ou instituições das áreas de literatura, medicina, física, química, economia e ativismo pela paz. Cada ganhador recebe uma medalha de ouro, um diploma e uma significativa quantia em dinheiro.

Até 1980, todas as medalhas foram cunhadas em ouro de 23 quilates. Desde então, elas foram feitas em ouro verde de 18 quilates revestidas com ouro de 24 quilates. Seu peso varia dependendo do ouro, mas cada medalha pesa em média 200 gramas e seu diâmetro é de 66 milímetros.

Na figura abaixo, temos uma dessas medalhas na qual, no lado direito, estão grafados em algarismos romanos o ano de nascimento (NAT.) e morte (OB.) de Alfred Nobel.

  ![](1764267208_Captura de tela 2025-11-27 151300.png){width=300px} 

O quilate, representado pela letra “k”, é uma medida de peso usada para pedras preciosas como o diamante (nesse caso, um quilate equivale a duzentos miligramas).

No ouro, o quilate tem um significado diferente, ele é usado para representar a pureza, não o peso, de uma aliança ou da medalha do prêmio Nobel, por exemplo. O ouro 24k é o ouro puro, ou seja, 24 das 24 partes são ouro. Um objeto de ouro que tem menos de 24k é composto de uma mistura de ouro e outros metais.

Para calcular a pureza do ouro, em quilates, sempre são consideradas, no total, 24 partes da mistura. Determine qual é o percentual de ouro existente na atual medalha do prêmio Nobel de 18k. (Para os cálculos, desconsidere o revestimento de ouro em 24k existente na medalha.)","95%","85%.","75%.","65%.","55%.","c"
"c9444478-6801-4ac0-9977-d84a845cc3a2","Matemática","VII - Tratamento da Informação","Colégio Militar do Recife",2025,NA,"Na tabela 1, ao lado, teríamos as notas trimestrais dos 36 alunos do 6º ano da Escola Esperança. Devido a um defeito na impressora, não foi possível visualizar a quantidade de alunos que obtiveram notas menores do que 6,0. Sabe-se que a média das notas dos alunos que não alcançaram a nota 6,0 foi 3,0.

Qual foi a média das notas trimestrais de todos os alunos do 6º ano da Escola Esperança?

  ![](1764274800_Captura de tela 2025-11-27 171954.png){width=300px} ","4,5.","4,75.","5,0.","5,25.","5,5.","b"
"fe85a826-54c0-450f-828b-aad6e137d314","Matemática","V - Números Decimais","Colégio Militar do Recife",2025,NA,"Florisberto e Gioconda têm um pacote de internet da empresa SÓ FIBRA, cujo vencimento da mensalidade ocorreu no dia 1º de outubro de 2025. Sobre o valor da mensalidade, que é de R$ 100,00, a empresa concedeu um desconto de 5% para os clientes que a pagaram até a data do vencimento. Já para os clientes que efetuaram o pagamento com atraso, a empresa cobrou uma multa de 2% sobre o valor da mensalidade, acrescidos de juros de 0,2% por cada dia de atraso, também calculados sobre o valor da mensalidade.

Gioconda pagou sua mensalidade, com o desconto, no dia do vencimento. Já Florisberto, no dia 16 de outubro de 2025 com todos os acréscimos.

Quanto Florisberto pagou a mais que Gioconda, em R$?","4,80.","5,00.","9,80.","10,00.","10,80.","d"
"65746151-fdc6-4fc8-840b-5d9d447b429e","Matemática","VI - Medidas Geométricas","Colégio Militar do Recife",2025,NA,"A Física nos ensina que um mesmo líquido, quando colocado em recipientes interligados, atinge a mesma altura em todos eles. Observe na figura ao lado que a altura do líquido permanece a mesma nos três recipientes

  ![](1764274937_Captura de tela 2025-11-27 172211.png){width=300px} 

Com base nesse princípio, um aluno do 6º Ano construiu, para a feira de ciências, um objeto em forma de “U” com o objetivo de mostrar como isso acontece na prática. O objeto foi construído interligando três paralelepípedos idênticos de dimensões 50 cm x 20 cm x 20 cm. Veja abaixo uma ilustração, fora de escala, do antes e depois desse objeto pronto.

  ![](1764274968_Captura de tela 2025-11-27 172240.png){width=300px} 

Os furos nos paralelepípedos possibilitam que o líquido passe de um paralelepípedo para outro. Observe, ainda, um exemplo da altura do líquido no interior da ilustração à direita.

Qual será a altura do líquido, atingida no objeto construído em forma de “U”, ao despejarmos 40 litros de água no seu interior?","25 cm.","45 cm.","55 cm.","65 cm.","A capacidade do objeto é menor do que 40 litros.","b"
"4522ef2e-16b0-494f-b150-eba78225a10a","Matemática","V - Números Decimais","Colégio Militar do Recife",2025,NA,"Rafael e Gustavo conversavam sobre o resultado obtido na última avaliação de matemática. Nessa avaliação, havia apenas questões de múltipla escolha. Gustavo acertou 50% das questões e Rafael acertou 70% das questões. Se a quantidade de questões resolvidas corretamente por Rafael, somada à quantidade de questões resolvidas corretamente por Gustavo totalizaram 48 questões, então podemos concluir que o número de questões que Rafael acertou foi:","7","14","21","28","35","d"
"de9c2567-3edb-471c-b64b-69a9e2d9a8c4","Matemática","V - Números Decimais","Colégio Militar do Recife",2025,NA,"Na figura abaixo, temos o rascunho, fora de escala, do projeto de construção de duas ferrovias de mesmo comprimento e trilhos paralelos.

Devido aos rios e pequenos vales existentes no percurso das ferrovias, será necessária a construção de oito pontes idênticas (de mesmas dimensões). Cinco pontes sob a FERROVIA 1 e três pontes sob a FERROVIA 2.

Na figura veem-se, ainda, as distâncias entre o início das ferrovias e a primeira ponte, entre as pontes e entre a última ponte e o final das ferrovias. O comprimento das oito pontes idênticas é desconhecido.

  ![](1764275114_Captura de tela 2025-11-27 172508.png){width=300px} 

Como as ferrovias têm o mesmo comprimento, podemos afirmar que o comprimento da FERROVIA 1, em km, é:","49,4.","49,55.","50.","50,45.","50,75.","c"
"a003af20-73a0-4b13-9c29-34d264268cd2","Matemática","III - Múltiplos e Divisores","Colégio Militar do Recife",2025,NA,"Considere todos os números compostos por 3 classes e 9 ordens que possuem todos os algarismos iguais. Quantos desses números são divisíveis, ao mesmo tempo, por 4 e 6?","1","2","3","4","5","b"
"0545f914-111a-4ecf-ac5c-adaacb2d396a","Matemática","II - As 4 Operações","Colégio Militar do Recife",2025,NA,"Bentinho pediu para sua amiga, Capitu, pensar em quatro números naturais e multiplicá-los. Capitu pensou nos quatro números, efetuou o produto corretamente, escreveu o resultado em um papel e o guardou.

Em seguida, Bentinho pediu para ela calcular quatro novos números e deu as seguintes regras:

- tome por base os quatro números que você havia pensado antes;
- multiplique o primeiro deles por 2;
- multiplique o segundo por 3;
- divida o terceiro por 4; e
- divida o quarto por 5.

Após realizar as operações indicadas por Bentinho, Capitu multiplicou corretamente esses quatro novos números encontrados e obteve como resultado o valor de 3600.

Qual foi o número que Capitu escreveu no papel e guardou?","24000","12000","6000","2400","1080","b"
"358e8bf6-9da4-4ee6-aa35-c6909d75b642","Matemática","V - Números Decimais","Colégio Militar do Recife",2025,NA,"O senhor Godofredo possui uma mercearia onde vende arroz, feijão, farinha e sal em pacotes de um quilograma.

Certo dia, devido a um imprevisto, Godofredo deixou sua mercearia aos cuidados de seu neto, Alfredo. Ao atender um cliente, Alfredo percebeu que não havia uma lista com o preço de cada produto, mas, sobre o balcão, encontrou as anotações do avô com as últimas quatro vendas realizadas e os totais recebidos por cada uma dessas vendas, ilustradas na figura ao lado.

O cliente pediu ao Alfredo um quilograma de farinha e um quilograma de sal. Alfredo calculou corretamente e informou o valor do pedido ao cliente.

Qual foi o valor que Alfredo cobrou por essa compra?

  ![](1764275441_Captura de tela 2025-11-27 173034.png){width=300px} ","R$ 6,00.","R$ 6,50.","R$ 7,00.","R$ 7,50.","R$ 10,50.","a"
"45349598-f4f5-4af7-980f-cf6b73f4b29e","Matemática","VI - Medidas Geométricas","Colégio Militar do Recife",2025,NA,"Dona Gertrudes possui dois papéis de parede diferentes em formato de quadrado. O menor deles tem lado medindo 1,05m e o maior tem lado medindo 1,65m.

Ela deseja cortá-los em quadrados menores, todos de mesmo tamanho, de modo que estes tenham a maior área possível.

Após cortar corretamente ambos os papéis de parede, Dona Gertrudes obteve quantos quadrados no total?

  ![](1764275522_Captura de tela 2025-11-27 173156.png){width=300px} ","17","18","170","180","160","c"
"57584386-c941-4424-8a4d-4b7686d0d075","Matemática","VI - Medidas Geométricas","Colégio Militar do Recife",2025,NA,"Patrícia, a professora de ciências, chamou o aluno Arbóreo e disse o seguinte:

- Na sala dos professores, há 2 mudas de eucalipto, 3 mudas de pau-brasil, 3 mudas de ipê-amarelo e 2 mudas de castanheira. Vá até a sala dos professores e traga, por favor, uma dessas mudas.

Arbóreo não sabia reconhecer nenhuma dessas mudas, pois não conhecia as características delas. Ao chegar à sala dos professores, escolheu uma delas ao acaso.

Com base nas informações acima, analise as afirmativas a seguir.

I. A probabilidade de que Arbóreo tenha escolhido uma muda de pau-brasil é $\frac13$
II. A probabilidade de que Arbóreo tenha escolhido uma muda de castanheira é $\frac1{10}$
III. A probabilidade de que Arbóreo tenha escolhido uma muda de ipê-amarelo ou uma muda de castanheira é igual à probabilidade de que Arbóreo tenha escolhido uma muda de pau-brasil ou uma muda de eucalipto.
IV. A probabilidade de que Arbóreo tenha escolhido uma muda de eucalipto ou uma muda de ipêamarelo é maior que a probabilidade de que Arbóreo tenha escolhido uma muda de castanheira ou uma muda de eucalipto.

Podemos concluir corretamente que:","somente as afirmativas I e III são verdadeiras.","somente as afirmativas II e III são verdadeiras.","somente as afirmativas II e IV são verdadeiras.","somente as afirmativas III e IV são verdadeiras.","todas as afirmativas são verdadeiras.","d"
"a906ae9d-1cd3-40e8-ab83-9bca7a34b10b","Matemática","VI - Medidas Geométricas","Colégio Militar do Recife",2025,NA,"Considere um número A, compreendido entre 64 e 74, e um número B, compreendido entre 24 e 34.

Na figura abaixo, estão representados os possíveis valores de A e de B.

  ![](1764275672_Captura de tela 2025-11-27 173423.png){width=300px}

 O resultado da operação A + B – (A – B) é igual:","ao número A.","ao número B.","à metade do número A.","ao dobro do número A.","ao dobro do número B.","e"
"ca85e7e2-684b-43e1-8760-bf2ffb77170d","Matemática","II - As 4 Operações","Colégio Militar do Recife",2025,NA,"A professora Zulmira realizou uma competição com seus alunos. Inicialmente, cada aluno recebeu 10 fichas. A cada rodada, a professora propunha que um exercício fosse resolvido, de modo que:

- cada aluno que acertasse o exercício receberia mais 2 fichas;
- cada aluno que errasse o exercício perderia 3 fichas;
- se o aluno errasse o exercício possuindo 3 fichas ou menos, seria desclassificado.

Ao final da competição, realizada em menos de 10 rodadas, o aluno João ficou com 5 fichas.

Quantas rodadas, no total, foram realizadas nessa competição?
","5","6","7","8","9","a"
"d950ee97-6fee-4e9b-a0b1-91a8ba11d231","Matemática","VI - Medidas Geométricas","Colégio Militar do Recife",2025,NA,"**O tamborete**

O tamborete ou banqueta é um pequeno banco, geralmente de madeira, baixo e pequeno, sem braços nem espaldar e com assento apenas para uma pessoa.

Há vários modelos de tamboretes. A figura a seguir mostra o esboço de um modelo de tamborete, bem como a planificação desse modelo.

  ![](1764275852_Captura de tela 2025-11-27 173725.png){width=300px} 

João decidiu construir e revestir com tecido o seu próprio tamborete e, para facilitar a construção, utilizou o modelo representado na figura acima.

A figura geométrica que melhor representa o modelo de tamborete construído por João é um(a):","cubo","paralelepípedo","pirâmide","esfera","cilindro","e"
"b118341c-5dfe-4c97-8c77-503d2fcc13ae","Matemática","VI - Medidas Geométricas","Colégio Militar do Recife",2025,NA,"Para revestir o tamborete, João utilizou duas cores diferentes de tecidos do mesmo tipo e preço. Sabe-se que:

- a área do tecido laranja representa 2/5 da área do tecido azul;
- não houve compra em excesso ou falta de tecido;
- ao todo, João gastou R$ 15,40 na compra dos tecidos.

Desse modo, pode-se afirmar corretamente que João gastou:","R$ 10,00 com a compra do tecido azul.","R$ 4,20 com a compra do tecido laranja.","R$ 6,16 com a compra do tecido laranja.","R$ 9,24 com a compra do tecido azul.","R$ 11,00 com a compra do tecido azul.","e"
"08aaa4dc-2fea-4f18-afec-5e7afa2a1134","Matemática","V - Números Decimais","Colégio Militar do Recife",2025,NA,"O valor da expressão

  ![](1764276103_Captura de tela 2025-11-27 174135.png){width=300px} 

é um número:","maior que 0,2 e menor que $\frac65$","maior que $\frac85$ e menor que 2,3","maior que 2,3 e menor que $\frac{16}5$","maior que $\frac{16}5$ e menor que 4,3","maior que 4,3","d"
"19e34d99-97fb-4ec6-a256-2783f0e72916","Matemática","III - Múltiplos e Divisores","Colégio Militar do Recife",2025,NA,"Pedro, Thaís e João são irmãos. Pedro é o mais velho e João é o mais novo. Há algumas curiosidades matemáticas sobre as idades deles.

1. Todos têm idades diferentes e nasceram em um período compreendido entre 1990 e 2023.
2. A idade de Pedro é um número quadrado perfeito.
3. A idade de Thaís é um número primo.
4. A idade de João é um número cubo perfeito.
5. O MMC entre essas três idades é 4600.

Lembre-se de que 125 é um número cubo perfeito, pois 5³=5×5×5=125. Já o 9 é um número quadrado perfeito, pois 3²=3×3=9.

Qual será o MMC entre as idades que Pedro, Thaís e João terão daqui a dois anos?","1350","2300","4600","4606","6750","a"
"83bc0410-775a-4584-b6de-8fd42b5ac5d1","Matemática","VI - Medidas Geométricas","Colégio Militar do Recife",2025,NA,"O objeto tridimensional, representado na figura abaixo, é formada por 8 cubos iguais. Qual das imagens seguintes melhor representa, respectivamente, a planificação da Vista Superior (VS) e da Vista Frontal (VF) deste objeto?

  ![](1764276285_Captura de tela 2025-11-27 174437.png){width=300px} ","  ![](1764276306_Captura de tela 2025-11-27 174458.png){width=300px} ","  ![](1764276331_Captura de tela 2025-11-27 174519.png){width=300px} ","  ![](1764276348_Captura de tela 2025-11-27 174540.png){width=300px} ","  ![](1764276367_Captura de tela 2025-11-27 174600.png){width=300px} ","  ![](1764276386_Captura de tela 2025-11-27 174618.png){width=300px} ","d"
"1573c619-2985-401a-810a-ee5c6ba181fb","Português","CMR - 2025/2026","Colégio Militar do Recife",2025,NA,"**Dois mais dois**

O Rodrigo não entendia por que precisava aprender matemática, já que a sua minicalculadora faria todas as contas por ele, pelo resto da vida, e então a professora resolveu contar uma história.

Contou a história do Supercomputador. Um dia, disse a professora, todos os computadores do mundo serão unificados num único sistema e o centro do sistema será em alguma cidade do Japão. Todas as casas do mundo, todos os lugares do mundo terão terminais do Supercomputador. As pessoas usarão o Supercomputador para compras, para recados, para reservas de avião, para consultas sentimentais. Para tudo. Ninguém mais precisará de relógios individuais, de livros ou de calculadoras portáteis. Não precisará mais nem estudar. Tudo que alguém quiser saber sobre qualquer coisa estará na memória do Supercomputador, ao alcance de qualquer um. Em milésimos de segundo, a resposta à consulta estará na tela mais próxima. E haverá bilhões de telas espalhadas por onde o homem estiver, desde lavatórios públicos até estações espaciais. Bastará ao homem apertar um botão para ter a informação que quiser. Um dia, um garoto perguntará ao pai:

– Pai, quanto é dois mais dois?
– Não pergunte a mim – dirá o pai -, pergunte a Ele.

E o garoto digitará os botões apropriados e, num milésimo de segundo, a resposta aparecerá na tela. E então o garoto dirá:

– Como é que sei que a resposta é certa?
– Porque Ele disse que é certa – responderá o pai.
– E se Ele estiver errado?
– Ele nunca erra.
– Mas se estiver?
– Sempre podemos contar nos dedos.
– O quê?
– Contar nos dedos, como faziam os antigos. Levante dois dedos. Agora mais dois. Viu? Um, dois, três, quatro. O computador está certo.
– Mas, pai, e 362 vezes 17? Não dá para contar nos dedos. A não ser reunindo muita gente e usando os dedos das mãos e dos pés. Como saber se a resposta d’Ele está certa? Aí o pai suspirou e disse:
– Jamais saberemos…

O Rodrigo gostou da história, mas disse que, quando ninguém mais soubesse matemática e não pudesse pôr o Computador à prova, então não faria diferença se o Computador estava certo ou não, já que a sua resposta seria a única disponível e, portanto, a certa, mesmo que estivesse errada, e…

Aí foi a vez da professora suspirar.

**A ideia principal apresentada no texto I é: **","expor o quanto as salas de aula são afetadas pela falta de dispositivos móveis como suporte de estudo na escola.","analisar o impacto da tecnologia, que está fora da realidade de todos os países do mundo, exceto do Japão","refletir sobre a maneira como a humanidade vem recorrendo a recursos tecnológicos para resolver diversos problemas","mostrar como o supercomputador, utilizado na busca de informações rápidas e precisas, não é uma ferramenta eficaz para operações matemáticas. ","destacar que a professora concorda plenamente com o aluno, pois o supercomputador, além de dar a resposta correta, tira do aluno a necessidade de estudar. ","c"
"43457fcc-53f3-43d3-b4c7-553fed2c9ba6","Português","CMR - 2025/2026","Colégio Militar do Recife",2025,NA,"Em relação aos elementos da narrativa presentes no texto I, é CORRETO afirmar que:","a narração está em primeira pessoa, pois há falas de personagens que dialogam na crônica.","em relação ao tempo da crônica, pode-se classificá-lo como linear.","acerca do tempo da crônica, pode-se verificar a presença de flashback.","quanto ao enredo da crônica, pode-se afirmar que ele se dá a partir do clímax: o menino que não entendia por que precisava aprender matemática","sobre o espaço da crônica, define-se como espaço virtual, pois toda a história é ambientada dentro do Supercomputador.","b"
"816bb4fc-62f3-40ea-8474-0f0e45cdb6b8","Português","CMR - 2025/2026","Colégio Militar do Recife",2025,NA,"No fragmento “As pessoas usarão o Supercomputador **para compras, para recados, para reservas de avião, para consultas sentimentais”** (2º parágrafo), os termos destacados atribuem à ação a ideia de: ","contradição.","causa.","consequência.","condição.","finalidade.","e"
"e905d4d2-2b6f-4e3a-a792-d730d4dee4e0","Português","CMR - 2025/2026","Colégio Militar do Recife",2025,NA,"No decorrer do texto I, há o uso recorrente do travessão, como no fragmento abaixo.

“Um dia, um garoto perguntará ao pai: (3º parágrafo)
– Pai, quanto é dois mais dois? (4º parágrafo)
– Não pergunte a mim...” (5º parágrafo)

A função desse sinal de pontuação é:","inserir a fala das personagens, estabelecendo, no texto, um diálogo.","estabelecer pausas com a finalidade de dar ritmo ao texto.","encerrar a ideia exposta em cada parágrafo.","expressar fortes emoções ou fazer pedidos.","finalizar a ideia com um marcador específico para realizar questionamentos.","a"
"82f3c873-bf5b-4fc2-ad56-c88d03235995","Português","CMR - 2025/2026","Colégio Militar do Recife",2025,NA,"No fragmento “E haverá bilhões de telas espalhadas por onde o homem **estiver**” (2º parágrafo), a forma verbal destacada encontra-se:","no infinitivo, pois termina em “-er”.","no futuro do modo indicativo, por se tratar de uma ação planejada.","no presente do modo subjuntivo, expressando dúvida","no futuro do modo subjuntivo, por indicar uma hipótese.","no pretérito perfeito do modo indicativo, por se tratar de uma ação finalizada.","d"
"a992b652-bc6a-49ce-b19c-d165714d25b5","Português","CMR - 2025/2026","Colégio Militar do Recife",2025,NA,"Analise os seguintes trechos e marque a alternativa correta.

I. “– Mas, pai, e 362 vezes 17? Não dá para contar nos dedos.” (15º parágrafo)
II. “Já que sua resposta seria a única disponível e, portanto, a certa...” (17º parágrafo)
III. “Contar nos dedos, como faziam os antigos.” (14º parágrafo)","Nos trechos I e II, a vírgula foi utilizada para isolar o interlocutor do diálogo.","No trecho II, o uso da vírgula justifica-se pela necessidade de isolar um advérbio que introduz a explicação.","No trecho I, a vírgula foi usada para indicar a pessoa com quem se fala.","No trecho II, a vírgula foi usada para introduzir a ideia de comparação.","No trecho III, a vírgula foi utilizada para estabelecer a ideia de adversidade. ","c"
"472dfb28-2948-4612-ad02-439a6dd49eae","Português","CMR - 2025/2026","Colégio Militar do Recife",2025,NA,"No contexto “E o garoto digitará os botões **apropriados** e, num milésimo de segundo, a resposta aparecerá na tela.” (6º parágrafo), a palavra destacada tem seu significado corretamente indicado em:","aproximação.","adequação.","alternância.","arcaísmo.","adição.","b"
"593480e6-03c1-4d02-b04e-f003eee14b3a","Português","CMR - 2025/2026","Colégio Militar do Recife",2025,NA,"  ![](1764277284_Captura de tela 2025-11-27 180117.png){width=300px} 

De acordo com o texto II, analise as afirmativas:

I. A palavra destacada no trecho “**Mas** eu me apeguei!” (2º quadrinho) estabelece a relação de finalidade no contexto em que foi inserida.
II. No trecho ”Está na hora de devolver o livro!” (1º quadrinho), há uma indagação explícita.
III. O pronome presente no trecho “Ele faz parte da biblioteca.” (3º quadrinho) foi utilizado para manter  a coesão textual.
IV. No último quadrinho, há uma comparação entre dois elementos.

Está(ão) correta(s) a(s) afirmativa(s):
","I e II.","II e III."," III e IV.","I, II e IV","IV, apenas.","c"
"0800947b-dcf4-439f-888e-d885d4814828","Português","CMR - 2025/2026","Colégio Militar do Recife",2025,NA,"Observando as palavras destacadas no trecho “Ela é mais **terrível** e **insensível** que a vilã desta história!”, percebe-se que consta nele um(a):","opinião","questionamento.","pedido.","conselho.","retificação.","a"
"80040be3-4249-4f50-b95e-fc6e17bff37c","Português","CMR - 2025/2026","Colégio Militar do Recife",2025,NA,"As falas do último quadrinho demonstram, a partir da interação entre as personagens, respectivamente:","entusiasmo e insatisfação.","insatisfação e irresponsabilidade.","satisfação e apatia.","insatisfação e responsabilidade.","profissionalismo e insatisfação.","d"
"98746bad-5b81-4b0b-8318-6e8d2e2cc849","Português","CMR - 2025/2026","Colégio Militar do Recife",2025,NA,"Os verbos do Texto II estão no modo indicativo. Assinale a alternativa em que há a reescrita correta do verbo no modo **subjuntivo.**","“Estava na hora de você devolver o livro!”","“Mas eu me apegara! Quero ficar com ele pra mim!”","“Ele fazia parte da biblioteca.”","“Se outras pessoas precisassem ler ele também!” ","“Fez parte do trabalho.”","d"
"b5846752-7a3a-4cb9-b238-6cb2820f9019","Português","CMR - 2025/2026","Colégio Militar do Recife",2025,NA,"**Nutricionista fala sobre a importância da alimentação saudável para a saúde e o bem-estar da população**

*Alimentos ricos em fibras, antioxidantes e gorduras boas ajudam a controlar os níveis de colesterol, glicemia e pressão arterial, além de fortalecer o sistema imunológico e combater inflamações.*

Adotar uma alimentação saudável e balanceada não é apenas uma escolha, mas um investimento na saúde a longo prazo. Segundo a nutricionista Victoria Apolinário, do Hospital Metropolitano de Alagoas (HMA), unidade vinculada à Secretaria de Estado da Saúde (Sesau), uma dieta equilibrada é um dos principais fatores para prevenir doenças crônicas, melhorar a qualidade de vida e promover o bem-estar físico e mental.

Ela explicou que uma alimentação saudável deve ser composta por alimentos frescos, naturais e variados, que forneçam os nutrientes essenciais para o funcionamento do organismo. Isso inclui carboidratos, proteínas, gorduras boas, fibras, vitaminas e minerais em proporções adequadas. A diversidade é fundamental para garantir que o corpo receba todos os nutrientes necessários para funcionar de forma eficiente.

“Eu sempre digo que, para ter uma alimentação saudável, uma boa dica é planejar a alimentação, buscar sempre variar as fontes de nutrientes. Além de se hidratar adequadamente e reduzir o uso de ultraprocessados como salsichas, calabresas, biscoitos recheados, salgadinhos, entre outros”. 

A alimentação saudável é composta por diferentes grupos alimentares, segundo a nutricionista, cada um com um papel essencial. Os carboidratos, por exemplo, são a principal fonte de energia, indispensáveis para o cérebro e os músculos. Já as proteínas auxiliam na construção, reparação e manutenção dos tecidos do corpo.

“As gorduras boas promovem a absorção de vitaminas lipossolúveis (A, D, E e K), além de ajudar na produção hormonal e na saúde celular. Cabe às vitaminas e aos minerais garantir o funcionamento metabólico, a imunidade e a saúde óssea. E as fibras contribuem para o bom funcionamento intestinal, controle de glicemia e redução do colesterol”, acrescentou Victoria Apolinário.

“A falta de tempo é um dos maiores desafios para manter uma alimentação saudável. Indico planejar as refeições com antecedência, preparando marmitas e escolhendo lanches práticos, como frutas, nozes e iogurte natural. Dessa forma, é possível evitar opções pouco saudáveis“.

Manter o corpo hidratado é tão importante quanto uma boa alimentação. Uma dieta equilibrada pode reduzir significativamente o risco de doenças como diabetes, hipertensão e problemas cardiovasculares. Alimentos ricos em fibras, antioxidantes e gorduras boas ajudam a controlar os níveis de colesterol, glicemia e pressão arterial, além de fortalecer o sistema imunológico e combater inflamações.

Segundo a nutricionista, ter como meta de vida uma alimentação saudável é um passo essencial para a saúde. “Pequenas mudanças diárias, como a escolha de alimentos frescos e o planejamento de refeições podem trazer benefícios significativos para o corpo e a mente, contribuindo para uma vida longa e de qualidade”.

**O texto III é uma reportagem e, em alguns trechos, traz opinião. Identifique a alternativa em que há uma opinião e não um fato.**","“Hospital Metropolitano de Alagoas (HMA), unidade vinculada à Secretaria de Estado da Saúde (Sesau)” (1º parágrafo)","“...as proteínas auxiliam na construção, reparação e manutenção dos tecidos do corpo.” (4º parágrafo)","“...ter como meta de vida uma alimentação saudável é um passo essencial para a saúde.” (8º parágrafo)","“Alimentos ricos em fibras, antioxidantes e gorduras boas ajudam a controlar os níveis de colesterol.” (subtítulo)","“As gorduras boas promovem a absorção de vitaminas lipossolúveis...” (5º parágrafo)","c"
"98a3cf30-beeb-44e0-b360-200792e700d2","Português","CMR - 2025/2026","Colégio Militar do Recife",2025,NA,"Identifique a alternativa que melhor evidencia a temática central do texto III","A urgência de mudanças na alimentação dos brasileiros.","A necessidade de uma alimentação saudável na infância.","A alimentação como única forma de prevenção de doenças circulatórias.","A importância da escassa hidratação para a saúde.","A relevância de uma dieta equilibrada na promoção da saúde.","e"
"11709bff-046c-4f65-9515-da4fedab127d","Português","CMR - 2025/2026","Colégio Militar do Recife",2025,NA,"De acordo com o texto III, uma alimentação saudável requer: ","incluir alimentos ricos em açúcar, pois esses, demasiadamente, fazem bem para o sangue.","diminuir a ingestão de proteínas, pois aumentam os níveis de colesterol.","descartar o consumo de legumes, pois contêm toxinas nocivas à saúde.","planejar as refeições, buscando sempre variar as fontes de nutrientes","evitar o uso de marmitas, pois há riscos de deterioração dos alimentos.","d"
"1cd951c2-0f49-42a3-acce-e7e6dcb7f26d","Português","CMR - 2025/2026","Colégio Militar do Recife",2025,NA,"A reescrita correta do trecho “As gorduras boas promovem a **absorção** de vitaminas lipossolúveis” (5º parágrafo), substituindo o termo destacado por um antônimo, é:","“As gorduras boas promovem a retenção de vitaminas lipossolúveis”","“As gorduras boas promovem a captação de vitaminas lipossolúveis”","“As gorduras boas promovem a impregnação de vitaminas lipossolúveis”","“As gorduras boas promovem a aspiração de vitaminas lipossolúveis”","""As gorduras boas promovem a liberação de vitaminas lipossolúveis” ","e"
"6454063c-8ec2-41c8-8173-a90e1125bf5a","Português","CMR - 2025/2026","Colégio Militar do Recife",2025,NA,"**Paisagem de Setembro**

Colégio bucólico este aqui se tornou,
Carcarás trabalham carregando galhinhos,
Construindo o ninho alfombrado e quentinho,
Neste pomar plural que o Sol coroou.

Nesta escola verde, que beira uma mata,
Corujas passeiam pelos corredores,
Sem temer os passantes e admiradores,
E a contemplam felizes em harmonia exata.

Nesta escola árcade de árvores copadas, Ipês,
Mangueiras, paus-brasis abundantes,
Olhares se acalmam em panorama pulsante,
Que arrefecem o calor em manhãs ensolaradas.

Neste lugar já senil, um sexagenário,
Há uma fronte extensa de jardins com flores,
Ventania refrescante em seus corredores,
Abrigo de folhas a atiçar o imaginário.

Um centro de saberes, cálculo, nostalgia,
Sedimenta-se caráter com o passar dos anos,
As mais fortes lembranças de nossos alunos
Momentos da vida a lembrar com alegria.

Ambiente ímpar e de educação,
Energias transitam em forma de gente,
Cada qual vai marcando um pontinho na história,
Lembranças que levam para eternamente.

O poema “Paisagem de Setembro” foi produzido por um professor do Colégio Militar do Recife. No texto, o eu-lírico:

I. demonstra a integração da escola com a natureza.
II. demonstra saudosismo.
III. caracteriza o colégio como uma novidade no cenário educacional.
IV. caracteriza a instituição como um local de construção de caráter.

Estão corretas as sentenças:","I e II, apenas.","I, II e IV.","I, II e III.","II e III, apenas","Todas.","b"
"a5259f07-2606-4c63-9e1c-172f0848f817","Português","CMR - 2025/2026","Colégio Militar do Recife",2025,NA,"No poema “Paisagem de Setembro”, o autor faz descrições do colégio. Acerca dessas descrições e a classe gramatical responsável por isso, assinale a alternativa correta.
","As descrições são construídas com o uso dos adjetivos, como se pode observar no termo destacado no verso: “Nesta escola **verde**, que beira uma mata”.","As descrições são estabelecidas com o uso dos advérbios, como se pode observar no termo destacado no verso: “**Momentos** da vida a lembrar com alegria”.","As descrições acontecem com o uso dos adjetivos, como se pode observar no termo destacado no verso: “**Corujas** passeiam pelos corredores”","Tal descrição pode ser observada devido ao uso dos substantivos, que dão nomes aos espaços do colégio, como pode ser observado em: “ambiente **ímpar** e de educação”.","Os advérbios são responsáveis pela descrição, como se pode observar no termo destacado no verso: “Construindo o ninho **alfombrado** e quentinho”.","a"
"cd641e5a-e10c-49b8-9879-066a5153e9e4","Português","CMR - 2025/2026","Colégio Militar do Recife",2025,NA,"No verso “Neste lugar já **senil**, um sexagenário” (4ª estrofe), a palavra sublinhada pode ser substituída, sem alteração do sentido, por:","antigo.","tenro.","hodierno.","bucólico.","contemporâneo.","a"
"5c6f3842-8539-485b-b233-b6ad3864afa3","Português","CMR - 2025/2026","Colégio Militar do Recife",2025,NA,"Indique em qual dos versos abaixo há um pronome demonstrativo.","“Ventania refrescante em seus corredores”","“Colégio bucólico este aqui se tornou” ","“Lembranças que levam para eternamente.”","“As mais fortes lembranças de nossos alunos”","“Sedimenta-se caráter com o passar dos anos”","b"
"bf3840b6-6cb2-43b7-9382-0be479919084","Português","CMR - 2025/2026","Colégio Militar do Recife",2025,NA,"Assinale a alternativa em que há uma palavra oxítona, uma paroxítona e uma proparoxítona, respectivamente.","ipês, colégio e caráter.","árvores, sexagenário e ímpar.","árcade, bucólico e ipês.","carcarás, árvores e caráter.","carcarás, caráter e árvores.","e"
"a616a7a5-562c-4713-bb26-80e734bfb8b8","Matemática","VII - Tratamento da Informação","Colégio Militar do Rio de Janeiro",2025,NA,"No gráfico abaixo, estão indicadas as temperaturas máximas e mínimas registradas nos 1 O primeiros dias de agosto do presente ano, no Rio de Janeiro. 

  ![](1764348954_Captura de tela 2025-11-28 135533.png){width=300px} 

Com base no gráfico, considere as seguintes afirmativas:
I - A média das temperaturas mínimas foi inferior a 17,0 ºC.
II - No dia 7 de agosto, foi registrada a maior diferença entre as temperaturas máxima e mínima em um mesmo dia.
III - Nos dias 1, 2 e 3 de agosto, a soma das temperaturas máximas é menor que 60,0 ºC.
IV - Nos dias 5 e 9 de agosto, foram registradas as duas maiores temperaturas mínimas.

é correto afirmar que são verdadeiras as afirmativas ","I e IV. ","IlI e IV. ","lI e IlI. ","lI e IV. ","I, lI e IlI. ","d"
"a3f2294b-ac9e-4190-b593-965efd585c4c","Matemática","VI - Medidas Geométricas","Colégio Militar do Rio de Janeiro",2025,NA,"Mariana, aluna do 9° ano do Colégio Militar do Rio de Janeiro (CMRJ), participou de uma competição de corrida em que a pista tem seis pontos A, B, C, D, E e F. Mariana partiu do ponto A, passando por todos os demais pontos B, C, D e E, nessa ordem, até chegar a F. Sabe-se que as distâncias entre os pontos são:

AB = 8.893 cm; BC= 1,1673 hm; CD= 0,22481 km; DE= 72.010 mm; e EF = 478,8 dm.

Qual foi a distância total percorrida por Mariana? ","5.503,6 mm","550,36 hm ","550.360 cm","0,055036 km ","55,036 dam","e"
"ce69e0db-d6dc-4593-a103-765f9bb10f42","Matemática","V - Números Decimais","Colégio Militar do Rio de Janeiro",2025,NA,"Tito pediu à sua avó Patrícia que o ajudasse a comprar uma boneca de presente de aniversário para a sua irmã Ester. Patrícia, então, deu ao seu neto um cofre já com 30 moedas, sendo 10 moedas de R$1,00 e o restante de R$0,10. Tito juntará mais moedas colocando-as no cofre. Patrícia ainda combinou que, dois dias antes do aniversário, eles abririam o cofre e contariam o total acumulado; o que faltasse para a compra do presente, ela então completaria em dinheiro e, se fosse o caso, receberia o troco.

No dia da abertura do cofre, Tito, com a ajuda da sua avó, contou todas as moedas e as separou por valor.

Tirando as moedas que já estavam no cofre, Tito conseguiu juntar mais 360 moedas, divididas assim: 

  ![](1764349225_Captura de tela 2025-11-28 140017.png){width=300px} 

• 1 real: 1/4 das moedas; 
• 50 centavos: 1/3 das moedas; 
• 25 centavos: 2/5 das moedas; e
• 10 centavos: o restante das moedas.

Sabendo que o valor da boneca é de R$ 237,80, é correto afirmar que Patrícia precisou completar o valor total acumulado no cofre com a quantia de","R$ 30,00 e não teve troco. ","R$ 35,00 e não teve troco. ","R$ 40,00 e ainda teve troco de R$ 0,80. ","R$ 45,00 e ainda teve um troco de R$ 2,40. ","R$ 50,00 e ainda teve um troco de R$ 1,80. ","c"
"40f3b5cd-ee3d-4ec0-a76f-9dbb226b374f","Matemática","V - Números Decimais","Colégio Militar do Rio de Janeiro",2025,NA,"Guilherme gasta todo mês 0,25 do próprio salário com alimentação, 1/3 com aluguel e 1/8 com plano de saúde.

Da quantia restante do seu salário após essas despesas, ele gasta 20%, o que equivale a R$ 595,00, com o plano de sua operadora de internet e TV.

É correto afirmar que o salário de Guilherme é um valor entre ","R$ 4.000,00 e R$ 4.500,00. ","R$ 4.501,00 e R$ 6.000,00. ","R$ 6.001,00 e R$ 8.400,00. ","R$ 8.401,00 e R$ 9.800,00. ","R$ 9.801,00 e R$ 10.300,00. ","e"
"e16cf313-3691-4dc8-9679-550696415d41","Matemática","VI - Medidas Geométricas","Colégio Militar do Rio de Janeiro",2025,NA,"Bento, aluno do 6° ano do CMRJ, irá utilizar o cubo da figura 1, formado por cubinhos menores, para construir um ""cubo esburacado"". Para tal, em cada uma das três faces do cubo indicadas pelas setas na figura 2, Bento empurrará o cubinho central até sair pela face oposta, retirando todos os cubinhos no decorrer desse percurso (em linha reta), obtendo, enfim, o cubo esburacado.

Considere que, nesse processo, os cubinhos não retirados permanecerão na mesma posição. 

  ![](1764349593_Captura de tela 2025-11-28 140624.png){width=300px} 

Considere a fração $\frac{m}{n}$ , em que m é a quantidade de cubinhos retirados e n é a quantidade de cubinhos restantes. E correto afirmar que o produto $100 \times \frac{m}{n}$ é um número ","múltiplo de 3. ","múltiplo de 4. ","divisível por 6. ","múltiplo de 7. ","divisível por 9.","d"
"6a375ed9-9d6b-4306-8be0-e79903d18046","Matemática","I - Sistema de Numeração","Colégio Militar do Rio de Janeiro",2025,NA,"Valéria, professora do CMRJ, deixou no quadro de uma das suas turmas o seguinte exercício: 

Pense em um número M de 4 algarismos distintos, utilizando os números naturais de 1 a 9. A soma dos 4 algarismos distintos de M é 18, o algarismo das unidades é o quádruplo do algarismo da unidade de milhar e a diferença entre o algarismo das dezenas e o das centenas nessa ordem é 2. Determine, em algarismos romanos, a metade do número M.

Cinco alunos responderam ao desafio colocado pela professora, conforme a tabela abaixo.

 ![](1764350119_Captura de tela 2025-11-28 141510.png){width=300px} 

Qual o(a) aluno(a) acertou a resposta do desafio?","Rafael ","lsadora "," Rodrigo ","Guilherme ","Maria Luíza ","b"
"a4dc86cd-0b70-4e85-9a16-604db4e545dd","Matemática","VI - Medidas Geométricas","Colégio Militar do Rio de Janeiro",2025,NA,"A Tenente Tassiana, professora do 6° ano do CMRJ, apresentou a seus alunos a planificação de uma caixa cúbica, conforme a figura a seguir. 

  ![](1764350342_Captura de tela 2025-11-28 141855.png){width=300px} 

A professora perguntou: ""Qual dos seguintes cubos é uma possível representação da referida caixa?"".

Assinale a única opção que responde corretamente à pergunta da Tenente Tassiana. ","  ![](1764350388_Captura de tela 2025-11-28 141942.png){width=300px} ","  ![](1764350444_Captura de tela 2025-11-28 142037.png){width=300px} ","  ![](1764350538_Captura de tela 2025-11-28 142205.png){width=300px} ","  ![](1764350559_Captura de tela 2025-11-28 142231.png){width=300px} ","  ![](1764350578_Captura de tela 2025-11-28 142251.png){width=300px} ","c"
"a2cdbe08-4ffd-478d-bbd3-d2cf125d7416","Matemática","V - Números Decimais","Colégio Militar do Rio de Janeiro",2025,NA,"A Tenente-Coronel Maria Elisa, professora de matemática do CMRJ, confeccionou oito fichas com números naturais, conforme a figura abaixo. Em seguida, colocou essas fichas em um saquinho para sorteá-las. 

  ![](1764350665_Captura de tela 2025-11-28 142419.png){width=300px} 

A Professora chamou o aluno Jorge para sortear uma ficha. Qual a probabilidade de que a ficha sorteada seja um número primo?  ","37,5% ","50,0% ","75,0% ","87,5% ","100,0% ","a"
"26cc3b48-541c-4804-b6d5-e2c9520fb8e7","Matemática","VI - Medidas Geométricas","Colégio Militar do Rio de Janeiro",2025,NA,"No laboratório de Matemática do CMRJ, há 3 sólidos, representados na imagem a seguir:

  ![](1764350750_Captura de tela 2025-11-28 142542.png){width=300px} 

É correto afirmar que a soma de todas as quantidades de arestas, faces e vértices dos 3 sólidos é um número entre","76 e 81 . ","80 e 85. ","84 e 89. ","88 e 93. ","92 e 97. ","d"
"30cb8037-d849-4385-9a5d-d4ce961bc4aa","Matemática","VI - Medidas Geométricas","Colégio Militar do Rio de Janeiro",2025,NA,"Sr. Alexandre é proprietário de um caminhão e cobra pelos serviços de transporte de acordo com o número de viagens e com a distância percorrida. Considere que o caminhão tenha uma caçamba na forma de um paralelepípedo retângulo, com dimensões internas iguais a 4 m de comprimento, 2,5 m de largura e 20 dm de altura. 

  ![](1764350871_Captura de tela 2025-11-28 142742.png){width=300px} 

O Sr. Pimentel contratou os serviços do Sr. Alexandre para transportar os 72.000 litros de entulho de uma obra em seu sítio até um local da prefeitura, que recebe esse material, situado a 22.400 m do sítio.

Por segurança, o Sr. Alexandre só carrega o caminhão até 90% da capacidade da caçamba. Ele cobra um valor fixo de R$ 750,00 por viagem para distâncias de até 20 km. Caso a distância ultrapasse 20 km, ele cobra o valor fixo mais R$ 50,00 por quilômetro excedente (mesmo que seja fração de km, conta-se como 1 km).

Considerando que, sempre que possível, em cada viagem será usado 90% da capacidade máxima da caçamba do caminhão, o valor total que o Sr. Pimentel pagará pelo transporte é igual a","R$ 3.450,00. ","R$ 3.600,00. ","R$ 3.750,00. ","R$ 3.900,00. ","R$ 4.050,00. ","b"
"de529553-f498-4619-ab9c-b8c2b71491d9","Matemática","III - Múltiplos e Divisores","Colégio Militar do Rio de Janeiro",2025,NA,"Patrícia, Cátia e Maria, ex-alunas do CMRJ e muito amigas, concluíram o ensino médio no ano de 2015 e hoje trabalham na área de petróleo e gás. Elas trabalham por escala: Patrícia trabalha 5 dias seguidos e, após os quais, folga 1 dia; Cátia trabalha 6 dias consecutivos e, na sequência, folga 1 dia; Maria trabalha 7 dias ininterruptos e, em seguida, tem 1 dia de folga. Todas as vezes que as 3 amigas folgam no mesmo dia elas se reúnem para almoçar e ""matar"" a saudade dos tempos de alunas do CMRJ.

Considere que o período do ano de 2025 é assim distribuído por meses e dias: janeiro, março, maio, julho, agosto, outubro e dezembro têm 31 dias; fevereiro tem 28 dias; e abril, junho, setembro e novembro têm 30 dias.

Sabendo-se que elas almoçaram juntas em 9 de janeiro de 2025 e que mantiveram suas escalas de trabalho ao longo de todo o ano, qual foi o último dia em que elas se reencontraram para almoçar, ainda em 2025?","26 de junho "," 27 de junho ","28 de julho ","07 de agosto","08 de agosto","a"
"5cbf88e3-3105-4631-8753-63551e21c196","Matemática","V - Números Decimais","Colégio Militar do Rio de Janeiro",2025,NA,"Um encontro no CMRJ reuniu 600 pessoas. Estavam presentes ex-professores (P), ex-alunos dos grêmios de Infantaria (INFA), Cavalaria(CAV), Artilharia(ARn, Engenharia (ENG), Comunicações (COM) e Logística (LOG), com os seguintes quantitativos:

• 1/3 de todas as pessoas presentes era ex-alunos de Infantaria (INFA);
• 50% do número de ex-alunos Infantaria era igual à quantidade de ex-alunos alunos do grêmio de Cavalaria (CAV) presentes;
• 4/5 dos ex-alunos de Cavalaria era igual à quantidade de ex-alunos de Artilharia (ART) presentes;
• 10% das pessoas presentes eram ex-alunos de Engenharia (ENG);
• 1/4 do número de ex-alunos de Infantaria era igual à quantidade de ex-alunos de Comunicações (COM) presentes;
• 5% das pessoas presentes eram ex-alunos de Logística (LOG) e
• de todos os presentes, 80 pessoas eram ex-professores (P). 

Considere $\frac{ENG+COM+LOG+P}{INFA+CAV+ART}$. A soma do numerador e do denominador da fração irredutível de M é:","30","40","50","60","70","a"
"7bcafc35-d21c-4992-9f53-b99a46f34554","Matemática","II - As 4 Operações","Colégio Militar do Rio de Janeiro",2025,NA,"Maria quer muito estudar no CMRJ, portanto ela se inscreveu para realizar o processo seletivo deste ano.
Exatamente no dia da prova, que acontece hoje, dia 19 de outubro, um domingo, Maria está fazendo aniversário.

Considere que um ano tem 365 dias e que o ano bissexto é um número múltiplo de 4 (como por exemplo, o ano de 1900) e, portanto, tem um dia a mais somado ao mês de fevereiro.

Se Maria for aprovada, classificada dentro do número de vagas e matriculada para o ano letivo de 2026 no 6° ano do ensino fundamental, em qual dia cairá o aniversário de Maria no ano de 2032, quando ela estará cursando o último ano do ensino médio no CMRJ? ","Segunda-feira ","Terça-feira ","Quinta-feira ","Sábado ","Domingo ","b"
"8b331922-ce05-4cc3-ad6f-7fae2f9b6420","Matemática","VII - Tratamento da Informação","Colégio Militar do Rio de Janeiro",2025,NA,"O sistema de notas do ensino médio dos Colégios Militares funciona da seguinte forma:

• O ano letivo é dividido em 3 trimestres.
• Cada trimestre possui 3 avaliações: A 1, A2 e A3 no 1 º Trimestre; A4, AS e A6 no 2º Trimestre; e A7, A8 e A9 no 3º Trimestre.
• A nota do trimestre é a média aritmética das 3 avaliações.
• A nota final do aluno é a média aritmética dos 3 trimestres.
• A nota final para aprovação direta do aluno é 6,0.

O quadro abaixo mostra as avaliações da aluna Letícia no ano de 2024 em Matemática. 

  ![](1764351599_Captura de tela 2025-11-28 143951.png){width=300px} 

Os símbolos   ![](1764351631_Captura de tela 2025-11-28 144022.png){width=300px} substituem as notas de diversas avaliações, como podemos verificar na tabela acima. Por exemplo, o símbolo   ![](1764351676_Captura de tela 2025-11-28 144108.png){width=300px} substitui as notas das avaliações A 1 e A6. 

Qual foi, então, a nota que a aluna Letícia tirou na avaliação AS? ","4,2","5,2","6,6","7,4","8,4","a"
"2c7b578c-ca0e-48fe-b5ec-732ce6042ad2","Matemática","III - Múltiplos e Divisores","Colégio Militar do Rio de Janeiro",2025,NA,"O CMRJ recebeu um carregamento de 728 carteiras brancas, 1183 carteiras verdes e 819 carteiras azuis.

Todas as carteiras deverão ser distribuídas pelas salas de aulas do colégio, respeitando-se o seguinte:

• as salas de aula mobiliadas deverão ter somente carteiras das 3 cores;
• as carteiras devem mobiliar o maior número possível de salas;
• as salas mobiliadas deverão ter a mesma quantidade total de carteiras e
• a quantidade de carteiras de cada uma das cores será mesma em todas as salas de aula mobiliadas.

Nesse caso, qual a soma do número de carteiras brancas com o número de carteiras azuis numa sala de aula mobiliada? ","16","17","19","21","22","b"
"07cb3da9-62b8-41ba-9e1f-ea4aecc66691","Matemática","VI - Medidas Geométricas","Colégio Militar do Rio de Janeiro",2025,NA,"O senhor Victor quer colocar uma cerca em volta de cada um dos quatro canteiros representados por C, M, R e J, desenhados na malha retangular abaixo, composta por retângulos iguais.

Sabendo-se que o perímetro do canteiro C é 60 metros, que o do Ré 64 metros e que o do J é 56 metros, de quantos metros de cerca precisará o senhor Victor para o canteiro M?

  ![](1764351866_Captura de tela 2025-11-28 144419.png){width=300px} ","40 m ","50 m","60 m","70 m","80 m","c"
"5f2445cf-2846-4beb-b54a-fd8b1062e348","Matemática","VI - Medidas Geométricas","Colégio Militar do Rio de Janeiro",2025,NA,"Na praia de Copacabana, no Rio de Janeiro, foram estendidas cinco tolhas de praia retangulares iguais, da forma como se mostra na figura1. As cinco toalhas estendidas formam um retângulo cuja área é 540 dm2.

Quanto medem o comprimento (C) e a largura (L) de cada uma das tolhas (ver figura 2)? 

  ![](1764351938_Captura de tela 2025-11-28 144529.png){width=300px} ","e =1,5 me L = 0,5 dm ","C = 150 cm e L = 50 cm ","C =0,18 cm e L= 60 dm ","C =18 dm e L = 0,6 m","C = 21 dm e L = 0,7 dm ","d"
"3456cf5b-38d8-4bce-a331-7603f97f5e92","Matemática","VI - Medidas Geométricas","Colégio Militar do Rio de Janeiro",2025,NA,"Paulo quer fazer uma homenagem ao time de várzea em que ele joga futebol. Para isso, resolveu pintar a bandeira do seu time no muro da sua casa, usando 3 cores de tinta (branca, azul e dourada). O muro da casa de Paulo é revestido com cerâmica em formato quadrado de 50 cm x 50 cm cada, conforme a figura abaixo.

Para realizar a pintura, Paulo comprará as latas de tintas. Considere que cada lata de tinta cobre 1,5 m2 por camada de tinta e que serão necessárias duas camadas de tinta para todas as cores. Os preços das latas são:

• Branca: R$ 12,00
• Azul: R$ 16,00
• Dourada: R$ 32,00

Quanto Paulo gastará para executar essa pintura? 

  ![](1764352047_Captura de tela 2025-11-28 144718.png){width=300px} ","R$ 194,00","R$ 272,00 ","R$ 347,00 ","R$ 390,00 
","R$ 498,00 ","b"
"1d7b6b8c-0757-4430-b44f-392c056af412","Matemática","IV - Frações","Colégio Militar do Rio de Janeiro",2025,NA,"O aluno Vinicius, aluno do CMRJ, resolveu corretamente a expressão abaixo:

  ![](1764352436_Captura de tela 2025-11-28 145348.png){width=300px} 

Qual é o valor encontrado pelo aluno?","$\frac18$","$\frac{19}{4}$","$\frac{11}{4}$","$\frac{43}{24}$","$\frac{103}{92}$","c"
"5cef3d0d-13d7-49be-816e-6bcb11e23c5d","Matemática","IV - Frações","Colégio Militar do Rio de Janeiro",2025,NA,"No esquema abaixo, as letras A, B, C, D e E correspondem ao valor resultante da operação indicada por cada uma das setas. 

  ![](1764352549_Captura de tela 2025-11-28 145542.png){width=300px} 

Resolva a expressão abaixo, utilizando os valores encontrados para cada letra. 

  ![](1764352576_Captura de tela 2025-11-28 145609.png){width=300px}

 Ao resolver corretamente a expressão, o valor encontrado pode ser representado por ","1 + A. ","1- B. ","1 + C. ","1- D. ","1 + E. ","e"
"c1283190-c080-4102-9e98-4669a26ec540","Português","CMRJ - 2025/2026","Colégio Militar do Rio de Janeiro",2025,NA,"  ![](1764352650_Captura de tela 2025-11-28 145722.png){width=300px} 

Assinale a opção que contém a correlação adequada entre a expressão destacada e seu efeito de sentido na tirinha acima. ","""fria e desoladora"" - o lado arrogante do angustiado. ","""chuvinha constante"" - o caráter efêmero da angústia. ","""nuvem densa e sombria"" - o peso e a fuga operados pela memória. ","""com suéter e guarda-chuva"" - o aconchego e a proteção próprios do amor. ","""estrondo de trovões ameaçadores"" - a brandura e a impulsividade contidas na raiva. ","d"
"7327c1a0-e336-466c-a3b7-e55b318ee457","Português","CMRJ - 2025/2026","Colégio Militar do Rio de Janeiro",2025,NA,"A expressão ""tipo"", usada no primeiro quadrinho, poderia ser substituída, sem prejuízo de sentido, por ","parte de. ","oposta a. ","idêntica a. ","derivada de","como se fosse","e"
"a277cdf0-c2cc-41da-a887-a48af49b2bac","Português","CMRJ - 2025/2026","Colégio Militar do Rio de Janeiro",2025,NA,"No texto 1, as respostas fornecidas por Caramelo contêm um ponto de exclamação.

Tal sinal de pontuação, nesse contexto, indica ","ênfase. ","dúvida. ","espanto. ","irritação. ","indiferença. ","a"
"6b8d1665-ae97-469a-993b-5a3fc45ea83a","Português","CMRJ - 2025/2026","Colégio Militar do Rio de Janeiro",2025,NA,"  ![](1764353119_Captura de tela 2025-11-28 150511.png){width=300px} 
  ![](1764353144_Captura de tela 2025-11-28 150537.png){width=300px} 
  ![](1764353176_Captura de tela 2025-11-28 150606.png){width=300px} 
  ![](1764353205_Captura de tela 2025-11-28 150638.png){width=300px} 

No poema, personagens diferentes revelam seus medos de trovão, de injeção, de escuro, de vampiro, de piolho, de avião, entre outros. 

Sobre esses medos e a forma como são apresentados no poema, é possível afirmar que","o medo pode ser tanto de coisas reais quanto imagináveis. ","os medos representam apenas perigos reais e concretos.","os medos são inventados pelo autor para criar humor. ","sentir medo é um comportamento muito reprovável. ","o texto critica o medo gerado por lendas populares. ","a"
"de0ff018-1184-4309-bdfe-f5e45f04ed40","Português","CMRJ - 2025/2026","Colégio Militar do Rio de Janeiro",2025,NA,"Releia os versos do texto li a seguir e responda à questão proposta: 

""Que me mete **muito medo!**"" (v. 4)
""Mas eu tenho **muito medo**"" (v. 7)
""Do que eu tenho **muito medo**,"" (v. 21) 

Nos versos acima, a repetição das expressões destacadas produzem um efeito que","confere humor ao texto. ","reforça a intensidade do medo sentido. ","explicita a preferência por aqueles que têm medo","desfaz a comparação entre as falas ao longo do poema. ","gera ambiguidade em relação aos medos apresentados. ","b"
"75773089-d181-482f-86d7-f10f45f8ed37","Português","CMRJ - 2025/2026","Colégio Militar do Rio de Janeiro",2025,NA,"Releia os versos do texto li a seguir e responda à questão proposta:

""Até me arrepia a espinha ... / Tenho medo de injeção!"" (v. 15 e 16)
""Do que eu tenho muito medo, / que me deixa num apuro ... "" (v. 21 e 22)
""Mas existe uma coisinha ... / Eu de medo até me encolho!"" (v. 37 e 38)
""É que está chegando a hora/ de aparecer lobisomem ... "" (v. 69 e 70) 

No poema, as reticências aparecem várias vezes em diferentes contextos.
Sobre o uso de reticências nos versos acima, é correto afirmar que são empregadas para ","marcar pausas aleatórias. ","revelar que o poema está incompleto. ","substituir vírgulas para variar a pontuação nesses versos. ","indicar que o autor se esqueceu de concluir o pensamento. ","sugerir uma hesitação ou uma fala que ainda não se completou. ","e"
"860939a1-91c9-4add-84cd-ab49b5e50e58","Português","CMRJ - 2025/2026","Colégio Militar do Rio de Janeiro",2025,NA,"Em ""( ... ) que é só acender a luz/ **e pronto!** Acabou-se o escuro!"" (v. 27 e 28), a expressão destacada enfatiza a ideia de ","consequência.","proporção. ","finalidade","oposição. ","causa. ","a"
"9e727fc9-c2f6-4d62-b43e-774be46e51b4","Português","CMRJ - 2025/2026","Colégio Militar do Rio de Janeiro",2025,NA,"No texto li, há vozes que dialogam sobre o medo: uma delas comenta por que não se assusta diante daquilo que faz a outra tremer para, logo em seguida, confessar seu medo motivado por outras razões.

O verso que exprime o que essa contraposição revela é ","""Não tenho medo de nada!"" (v. 53) ","""Mas apesar de valente"" (v. 54) ","""eu não tenho medo, não!"" (v. 59) ","""Pelo que vemos. pessoal,"" (v. 63) ","""Todo mundo tem um medo,"" (v. 65) ","e"
"91831ee3-a80c-41a4-9da0-3e6adb359108","Português","CMRJ - 2025/2026","Colégio Militar do Rio de Janeiro",2025,NA,"No poema, a tonicidade das palavras contribui bastante para a musicalidade do texto. Não só a presença de sílabas tônicas e átonas, como também a posição de cada uma delas podem conferir esse efeito.

Assinale a opção cujo par de vocábulos apresenta a mesma posição da sílaba tônica","injeção - detesto","medo - segredo ","até - acho ","só- uma","me - só","b"
"474b9ebb-da70-4e61-a1cb-c37f216a7671","Português","CMRJ - 2025/2026","Colégio Militar do Rio de Janeiro",2025,NA,"  ![](1764353993_Captura de tela 2025-11-28 151945.png){width=300px} 
  ![](1764354027_Captura de tela 2025-11-28 152013.png){width=300px} 

A propósito do texto III, é possível afirmar que o título do filme ""Divertida Mente"" contém um jogo de palavras que pode refletir tanto o modo (diversão, divertida mente) quanto o tipo de mente (mente divertida).

De uma forma ou de outra, fica evidente a proposta de o filme abordar um tema denso com leveza.

Assinale a opção cujo trecho ratifica essa afirmativa. ","""Lançada em 2015, a animação Divertida Mente tem como protagonista a menina Riley"" (I. 1) ","""Acompanhamos o seu processo de adaptação na vida nova"" (I. 2) ","""Através de personagens lúdicos, observamos o funcionamento cerebral de Riley""( I. 4) ","""Não por acaso, o longa-metragem recebeu os mais importantes prêmios de melhor filme de animação"" (I. 6-7) ","Após assistirmos à animação, notamos como não existem sentimentos bons e ruins"" (I. 12-13) ","c"
"9d13f561-050a-4dab-83bf-562405892694","Português","CMRJ - 2025/2026","Colégio Militar do Rio de Janeiro",2025,NA,"No texto III, as vírgulas empregadas isolam expressões com diversos fins.

Assinale a opção cujos termos isolados por vírgulas contêm um comentário que caracteriza a expressão que lhe antecede. ","""A Alegria, por exemplo, tem um formato corporal que nos lembra uma estrela."" (I. 9-10) ","""O Medo, por sua vez, tem contornos de um nervo e é roxo. (I. 10) 
","""A Tristeza tem um contorno de gota, como uma lágrima, e é azul."" (I. 12) ","""Ao contrário do que nos faz crer a sociedade contemporânea, a tristeza é essencial para a nossa vida."" (I. 15-16)","""Ao termos consciência de como o corpo processa o que foi vivido, entendemos melhor os nossos conflitos emocionais"" (I. 27-28) ","c"
"094ebf12-d55f-44a5-87b9-3a4b9840fa08","Português","CMRJ - 2025/2026","Colégio Militar do Rio de Janeiro",2025,NA,"De acordo com o texto IlI, o filme Divertida Mente permite que seu espectador chegue à seguinte conclusão: 
","É necessário valorizar apenas os sentimentos positivos . ","O sujeito não deve praticar a resiliência cotidianamente. ","Os sentimentos negativos são mais importantes do que os positivos. ","Os sentimentos negativos também são importantes para o nosso desenvolvimento. ","A alegria é importante para a nossa defesa e proteção, contudo nos deixa vulneráveis. ","d"
"34e705bf-3002-42bf-a6fd-4db6bd1d84b7","Português","CMRJ - 2025/2026","Colégio Militar do Rio de Janeiro",2025,NA,"Releia o trecho do texto IlI a seguir e responda à questão proposta: 

""Cada emoção essencial de Divertida Mente **possui** um desenho específico que se **relaciona** diretamente com o sentimento que **representa.**"" (1. 8-9) 

No texto IlI, o emprego do verbo no tempo presente é recorrente.

Se, em vez de apresentar os fatos no presente, o autor tivesse mencionado o que ainda acontecerá, a substituição dos verbos destacados no trecho acima, sem alterar o número e a pessoa, conforme as regras gramaticais vigentes, seria","possuiu - relacionou - representou.","possui - relacionará - representarás. ","possuirá - relacionará - representara. ","possuirá - relacionará - representará. ","possuirei - relacionarei - representarei. ","d"
"1cbe4171-9838-4e0d-9e46-49f21097ec47","Português","CMRJ - 2025/2026","Colégio Militar do Rio de Janeiro",2025,NA,"Releia o trecho do texto IlI a seguir e responda à questão proposta: 


Acompanhamos o seu processo de adaptação na vida nova e assistimos como as cinco emoções (Alegria, Tristeza, Medo, Raiva e Nojinho) regem **seu** comportamento. (1. 2-4) 

O pronome ""seu"" em destaque refere-se à","""animação"". (I. 1) ","""menina Riley"". (I. 1)","""cidade."" (I. 2) ","""vida nova"". (I. 2) 
","""adaptação"". (I. 2) ","b"
"7910918e-00e7-43f0-bf7b-f744cd3cd95d","Português","CMRJ - 2025/2026","Colégio Militar do Rio de Janeiro",2025,NA,"Releia o trecho do texto Ili a seguir e responda à questão proposta:

""Aprendemos, a partir da observação do cérebro de Riley, como acontecimentos externos repercutem em nós **internamente**( ... )."" (1. 18-19)

As classes de palavras contribuem ativamente na organização do texto.

A alternativa que apresenta uma palavra da mesma classe gramatical, com papel semelhante que a destacada é","""cerebral"". (I. 4) ","""complexo"". (I. 5)","""contorno"". (I. 12)","""melhor"". (I. 23) ","""raro"". (I. 25) ","d"
"a3990aed-23ff-4476-8376-2d1d77ac25aa","Português","CMRJ - 2025/2026","Colégio Militar do Rio de Janeiro",2025,NA,"  ![](1764355216_Captura de tela 2025-11-28 154008.png){width=300px} 
  ![](1764355272_Captura de tela 2025-11-28 154106.png){width=300px} 
  ![](1764355295_Captura de tela 2025-11-28 154127.png){width=300px} 

No texto Ili, o autor declara que ""Ao termos consciência de como o corpo processa o que foi vivido, entendemos melhor os nossos conflitos emocionais e respeitamos as nossas limitações internas, ao mesmo tempo que podemos escolher desafiá-las."" (1. 27-29)

Assinale a opção cujo fragmento do texto IV ilustra um momento dessa inteligência emocional do Leão. ","""o leão abriu a bocarra para devorá-lo."" (1. 12-13) ","""Fiquei surpreso ao vê-lo sair voando."" (1. 24)","""- Talvez, se eu tivesse coração, não fosse covarde."" (1. 48) ","""- Eu não tenho. Minha cabeça é cheia de palha."" (1. 51) ","""- E eu, que me mande, com Totó, de volta para casa - acrescentou Dorothy."" (1. 53)","c"
"95da9023-5c22-447c-a2bd-ac6ef7024fea","Português","CMRJ - 2025/2026","Colégio Militar do Rio de Janeiro",2025,NA,"Ao Leão falta a coragem, mas não a linguagem cuidada, típica de um ""Rei dos Animais"".

Em ""Basta eu **pressentir** perigo que meu coração dispara."" (1. 42), o termo destacado reflete esse cuidado e pode ser substituído, sem prejuízo gramatical ou de sentido, por","prover. ","antever. ","procurar. ","enfrentar. ","prestigiar. ","b"
"aee82784-561c-4d57-b6ed-bc354d0459ac","Português","CMRJ - 2025/2026","Colégio Militar do Rio de Janeiro",2025,NA,"O personagem Leão afirma para Dorothy que tem sorte por seu rugido espantar os bichos, pois ele é quem fica em pânico quando encontra alguém à sua frente.

A respeito desse fato, a reação dos bichos revela que  ","nem sempre a aparência revela toda a essência. ","o reino é composto apenas por bichos soberbos. ","todos são felizes até que se prove o contrário. ","todos são empáticos e solidários com o rei. ","é importante viver com gratidão e alegria. ","a"
"0faf74ac-8b37-45b6-bf63-b1b047e85aa1","Português","CMRJ - 2025/2026","Colégio Militar do Rio de Janeiro",2025,NA,"Releia o trecho do texto IV a seguir e responda à questão proposta:

""Disse que a viagem é longa e o percurso, perigoso, mas tudo fica bonito, próximo à cidade **onde** vive o Grande Oz."" (1. 3-4)

""- Você não vai morder o Totó! **Onde** já se viu bicho do seu tamanho brigar com cachorrinho tão pequeno?"" (1. 15-16)

A palavra ""onde"" aparece nos trechos acima com finalidades diferentes.
O primeiro ""onde"" se refere à cidade do Grande Oz. O segundo ","diz respeito ao lugar onde Totó vive. ","minimiza a diferença de tamanho existente entre o Leão e Totó. ","faz parte de uma expressão que enfatiza a indignação de Dorothy. ","remete ao sentimento de indiferença que Dorothy sente pelo Leão. ","é usado para suavizar a postura covarde do Leão em relação a Totó. ","c"
"0aa406c9-4e05-4cf8-adee-99169c2d4ff9","Português","CMRJ - 2025/2026","Colégio Militar do Rio de Janeiro",2025,NA,"Releia o trecho do texto IV a seguir:

""O cachorrinho tinha, agora, um inimigo pela frente. Correu em direção à fera, e o leão abriu a bocarra para devorá-lo. Dorothy, sentindo que poderia perder o amigo, sem avaliar o perigo, avançou e deu um tapa no focinho do leão. Gritou:

- Você não vai morder o Totó! Onde já se viu bicho do seu tamanho brigar com cachorrinho tão pequeno? Não tem vergonha, não?

- Mas eu não mordi - disse o Leão, esfregando a pata no focinho, onde a menina tinha batido."" (1. 12-17)

A reação de Dorothy, no trecho acima, é gerada por um fato que a faz agir impulsivamente. 
O fato e a conclusão a que Dorothy chega a partir dele são, respectivamente, ","o Leão era covarde/ Totó seria mordido. ","o Leão abriu a boca diante de Totó / Totó estava correndo perigo. 
","Dorothy bateu no Leão/ O Leão se vingaria em Totó, seu melhor amigo. ","Totó correu em direção ao Leão/ O Leão, por estar com medo, morderia Totó. ","Totó fugiu do Leão/ O Leão reagiria com valentia para manter sua condição de Rei dos Animais. ","b"
"096158e5-b507-49ff-97b2-22202e04ccdd","Matemática","III - Múltiplos e Divisores","Colégio Militar de São Paulo",2025,NA,"O livro “O Homem que Calculava”, escrito pelo brasileiro Júlio César de Mello e Souza sob o pseudônimo Malba Tahan, narra as aventuras de Beremiz Samir, um jovem árabe com um dom para a Matemática que viaja para Bagdá no século XIII, encontrando diversas situações e problemas que resolve com brilhantismo e lógica.

Em certo momento, Beremiz é convocado para curar a doença do poeta Iezid Abul-Hamid. Ao chegar na casa, ele descobre que o poeta está sofrendo de uma febre e que a sua filha Telassim, uma jovem de 17 anos, está desesperada. Através de cálculos e raciocínios lógicos, Beremiz consegue curar o poeta, que fica muito grato e oferece sua filha em casamento a Beremiz.

A obra mistura ficção e Matemática para ensinar de forma lúdica, com o protagonista usando seus cálculos para ajudar pessoas e ganhar respeito, além de apresentar curiosidades e ensinamentos morais da cultura oriental.

Durante sua viagem, Beremiz encontrou um homem muito rico e generoso, que estava em seu leito de morte e desejava dividir seus 512 camelos e 640 ovelhas igualmente entre os seus servos, sem que sobrasse nenhum. Beremiz, utilizando-se de seus dons matemáticos, rapidamente calculou o número máximo de servos que o homem poderia ter para que a divisão dos animais fosse exata.

Constatou, porém, que o homem possuía uma quantidade de servos igual à quarta parte do valor máximo calculado. Sendo assim, cada servo receberá:","20 animais","24 animais","32 animais","36 animais","40 animais","d"
"a6f24772-0e28-426a-8501-49176da78b5e","Matemática","VI - Medidas Geométricas","Colégio Militar de São Paulo",2025,NA,"O livro “O Homem que Calculava”, escrito pelo brasileiro Júlio César de Mello e Souza sob o pseudônimo Malba Tahan, narra as aventuras de Beremiz Samir, um jovem árabe com um dom para a Matemática que viaja para Bagdá no século XIII, encontrando diversas situações e problemas que resolve com brilhantismo e lógica.

Em certo momento, Beremiz é convocado para curar a doença do poeta Iezid Abul-Hamid. Ao chegar na casa, ele descobre que o poeta está sofrendo de uma febre e que a sua filha Telassim, uma jovem de 17 anos, está desesperada. Através de cálculos e raciocínios lógicos, Beremiz consegue curar o poeta, que fica muito grato e oferece sua filha em casamento a Beremiz.

A obra mistura ficção e Matemática para ensinar de forma lúdica, com o protagonista usando seus cálculos para ajudar pessoas e ganhar respeito, além de apresentar curiosidades e ensinamentos morais da cultura oriental.

Telassim e Beremiz compartilham o gosto por desafios e jogos Matemáticos.

Um belo dia, durante um jogo de xadrez, Telassim usou o seu batom vermelho para fazer um desenho no tabuleiro e fez uma declaração de amor a Beremiz:

  ![](1764358643_Captura de tela 2025-11-28 163715.png){width=300px} 

Beremiz ficou entusiasmado com o desafio!

Ele mediu o lado do tabuleiro e encontrou 40 cm.
Num piscar de olhos, ele calculou a área ocupada pelo coração.
Como acertou a resposta, ganhou o tão esperado beijo de sua amada.

(Dado: considere os lados dos quadrados pretos e brancos de mesma medida)

O resultado encontrado por Beremiz, em metros quadrados, foi igual a:","47500","475","4,75","0,0475","0,00475","d"
"9546decd-96cd-4ac5-9703-d8039d63d9b9","Matemática","I - Sistema de Numeração","Colégio Militar de São Paulo",2025,NA,"O livro “O Homem que Calculava”, escrito pelo brasileiro Júlio César de Mello e Souza sob o pseudônimo Malba Tahan, narra as aventuras de Beremiz Samir, um jovem árabe com um dom para a Matemática que viaja para Bagdá no século XIII, encontrando diversas situações e problemas que resolve com brilhantismo e lógica.

Em certo momento, Beremiz é convocado para curar a doença do poeta Iezid Abul-Hamid. Ao chegar na casa, ele descobre que o poeta está sofrendo de uma febre e que a sua filha Telassim, uma jovem de 17 anos, está desesperada. Através de cálculos e raciocínios lógicos, Beremiz consegue curar o poeta, que fica muito grato e oferece sua filha em casamento a Beremiz.

A obra mistura ficção e Matemática para ensinar de forma lúdica, com o protagonista usando seus cálculos para ajudar pessoas e ganhar respeito, além de apresentar curiosidades e ensinamentos morais da cultura oriental.

Beremiz, querendo impressionar Telassim, também fez uma declaração de amor em formato de desafio matemático.

  ![](1764358776_Captura de tela 2025-11-28 163929.png){width=300px} 

Telassim usou seu raciocínio lógico-matemático para resolver o desafio proposto, acertou a resposta e ganhou os chocolates!

Qual foi o valor encontrado por ela?","185","270","445","455","630","e"
"5b138f4c-f55f-4d59-b28f-3c8c7370a48d","Matemática","V - Números Decimais","Colégio Militar de São Paulo",2025,NA,"Entre os dias 2 e 6 de agosto de 2025, uma comitiva composta por duas professoras de Matemática e dezoito alunos do Colégio Militar de São Paulo (CMSP) participou da Asia International Mathematical Olympiad (AIMO), na cidade de Tóquio, no Japão.

A competição reuniu jovens talentos de Matemática de toda a Ásia e do mundo. Ao todo foram 1600 estudantes de 19 países participantes.

Nossos alunos lograram êxito, conquistando 2 medalhas de prata, 10 medalhas de bronze e 6 menções honrosas para o nosso colégio e para o Brasil.

Além do desafio acadêmico, os estudantes puderam vivenciar a cultura, tecnologia e hospitalidade do Japão, além de visitar alguns pontos turísticos da cidade de Tóquio.

Considere que a distância de São Paulo a Tóquio, em linha reta, é cerca de 18.560 km.

A comitiva do CMSP viajou pela companhia aérea Ethiopian Airlines, num voo que fez duas paradas: a primeira em Addis Abeba, na Etiópia, e a segunda em Seul, capital da Coreia do Sul.

Sendo assim, o percurso total ficou dividido em 3 trechos conforme descrito a seguir:

• O 1º trecho, de São Paulo a Addis Abeba, correspondente a 50% da viagem;
• O 2º trecho, de Addis Abeba a Seul, correspondente a $\frac45$ do restante do trajeto; e,
• O 3º trecho, de Seul a Tóquio, finalizando o percurso.

Com base nos dados apresentados, a distância percorrida no último trecho, de Seul a Tóquio, em linha reta, é de aproximadamente:","1856 km","2320 km","5250 km","7424 km","9280 km","a"
"339ad915-cd5b-474d-919b-e31652d76d3b","Matemática","V - Números Decimais","Colégio Militar de São Paulo",2025,NA,"Um dos locais visitados em Tóquio pelos alunos do CMSP foi o restaurante Pepper Parlor, conhecido pelos robôs que oferecem atendimento e entretenimento. O cardápio é variado e com preços bem acessíveis. O restaurante fica próximo ao Cruzamento de Shibuya, uma icônica área considerada a mais movimentada do mundo, com até três mil pessoas atravessando, simultaneamente, a famosa faixa de pedestres na diagonal do cruzamento. Esse fenômeno ocorre a cada vez que o semáforo fica verde para o trânsito de pedestres

  ![](1764358984_Captura de tela 2025-11-28 164258.png){width=300px} 

Quando o tráfego de veículos é parado no Cruzamento de Shibuya, todos os semáforos para carros ficam vermelhos e os semáforos para pedestres ficam verdes, simultaneamente. Pessoas de todas as direções atravessam a rua ao mesmo tempo, formando uma espécie de ""confusão organizada"".
Após cerca de 55 segundos, o tráfego de veículos é liberado novamente para prosseguir.

Considere que esse processo se repita, ininterruptamente, durante as 24 horas do dia e que, o tempo de trânsito de veículos é o mesmo para o trânsito de pedestres.

Quantas pessoas, aproximadamente, atravessam o cruzamento durante um dia inteiro?","2,4 milhões","3,3 milhões","4,1 milhões","4,7 milhões","5,0 milhões","a"
"91cbb95b-1fdb-4520-858e-2480943ea339","Matemática","V - Números Decimais","Colégio Militar de São Paulo",2025,NA,"Um dos locais visitados em Tóquio pelos alunos do CMSP foi o restaurante Pepper Parlor, conhecido pelos robôs que oferecem atendimento e entretenimento. O cardápio é variado e com preços bem acessíveis. O restaurante fica próximo ao Cruzamento de Shibuya, uma icônica área considerada a mais movimentada do mundo, com até três mil pessoas atravessando, simultaneamente, a famosa faixa de pedestres na diagonal do cruzamento. Esse fenômeno ocorre a cada vez que o semáforo fica verde para o trânsito de pedestres

  ![](1764358984_Captura de tela 2025-11-28 164258.png){width=300px} 

No Restaurante Pepper Parlor, o pagamento pode ser feito em Iene (JPY), moeda japonesa, ou cartão de crédito internacional. Dentre outras opções, constam os seguintes itens no cardápio:

  ![](1764359109_Captura de tela 2025-11-28 164503.png){width=300px} 

Sabe-se que:

• A aluna Sophia pediu 1 panqueca simples e um suco de laranja;
• A aluna Marina pediu 1 panqueca de morango e frutas vermelhas e um suco de laranja;
• A Major Renata Aguiar pediu uma porção de batata fritas e 2 refrigerantes; e,
• A Tenente Chiarini pediu 1 panqueca simples e um cappuccino.

Para facilitar o pagamento, a Major Renata Aguiar passou o valor total da conta no seu cartão de crédito. Considerando 1 Real = 27,20 Ienes, qual o valor que será cobrado na fatura do cartão, em reais?","398,17","350,32","272,79","229,41","198,23","c"
"b3ed71d6-11dc-4d07-b221-9b4780427e92","Matemática","V - Números Decimais","Colégio Militar de São Paulo",2025,NA,"A Avaliação de Matemática do 2º trimestre (2ª AE) foi aplicada de forma centralizada para os 15
colégios militares do Brasil. O tempo máximo para realização da prova foi de 150 minutos, iniciando, pontualmente, às 7 horas e 15 minutos.

Porém, devido a uma queda de energia elétrica que afetou a Região Sudeste do país, os relógios dos colégios dos Estados de Minas Gerais (CMBH e CMJF), Rio de Janeiro (CMRJ e CMVM) e São Paulo (CMSP) não estavam ajustados com o Horário Oficial de Brasília e marcavam, no início da prova, horários diferentes do que estava previsto.

Na tabela abaixo, estão representados alguns dados referentes a esses colégios:

  ![](1764359214_Captura de tela 2025-11-28 164647.png){width=300px} 

Com base nesses dados, podemos afirmar que:","O último aluno a terminar a prova no CMJF utilizou 2h 15min 10s para resolvê-la.","O primeiro aluno a terminar a prova no CMBH utilizou 55 minutos para resolvê-la.","O tempo total utilizado, efetivamente, pelos alunos durante a aplicação da prova no CMSP foi maior que no CMRJ.","O tempo total utilizado, efetivamente, pelos alunos durante a aplicação da prova no CMRJ foi de 2h 20min 36s.","A diferença de tempo entre o primeiro e o último aluno a terminar a prova no CMVM foi de 108 minutos.","c"
"232bfffb-0352-44de-9cb6-9aed9121a2ed","Matemática","V - Números Decimais","Colégio Militar de São Paulo",2025,NA,"Arthur é aluno do Colégio Militar de São Paulo e foi desafiado por sua professora, a Tenente Chiarini.

O desafio consistia em resolver, no menor tempo possível, as expressões A e B indicadas nos cartões abaixo e determinar o valor do produto dos resultados obtidos. Arthur, excelente aluno em Matemática, acertou a resposta. 

  ![](1764359314_Captura de tela 2025-11-28 164826.png){width=300px} 

A resposta encontrada por Arthur foi:","0,00015","0,0015","0,015","0,15","1,5","c"
"ede5cafe-affd-410d-9549-1178dac1020b","Matemática","V - Números Decimais","Colégio Militar de São Paulo",2025,NA,"A Seção Técnica de Ensino (STE) do Colégio Militar de São Paulo calculou a média obtida em Matemática, por turma, na avaliação de estudo realizada no 2º trimestre de 2025 (2ª AE).

A média da turma 601, que tem 25 alunos, ficou igual a 8,1.

O Tenente Quinteiro, professor de Matemática do 6º ano, pediu que a STE recalculasse a média das turmas pois houve a mudança do aluno Nunes da turma 601 para a 602. Dessa forma, a média geral da turma 601 foi recalculada e alterada para 8,05.

Qual foi a nota do aluno Nunes na 2ª AE de Matemática?","9,8","9,3","9,1","8,8","8,5","b"
"7e27af7d-6ec3-4fdc-8f5b-34896bef2014","Matemática","VI - Medidas Geométricas","Colégio Militar de São Paulo",2025,NA,"Durante a aula de Matemática, a Tenente Grazielle apresentou aos seus alunos quatro figuras geométricas planificadas conforme indicado a seguir.

  ![](1764359465_Captura de tela 2025-11-28 165058.png){width=300px} 

A alternativa que contém a associação correta entre a planificação da figura e o nome do sólido geométrico correspondente é:","Figura 1: Pirâmide retangular","Figura 2: Prisma pentagonal ","Figura 4: Prisma hexagonal","Figura 1: Paralelepípedo ","Figura 3: Cubo","e"
"9b9e086d-fe1e-4563-9996-ed02d1fc12fd","Matemática","VI - Medidas Geométricas","Colégio Militar de São Paulo",2025,NA,"Durante a aula de Matemática, a Tenente Grazielle apresentou aos seus alunos quatro figuras geométricas planificadas conforme indicado a seguir.

  ![](1764359465_Captura de tela 2025-11-28 165058.png){width=300px} 

Sobre as figuras apresentadas, podemos afirmar que:","A figura 1 possui 14 arestas","As figuras 2 e 3 possuem o mesmo número de vértices.","A figura 4 possui 15 vértices.","A figura 2 possui 10 arestas.","A figura 3 possui 8 faces.","d"
"1c5c0ae5-5866-47ad-a69c-77c83401f731","Matemática","I - Sistema de Numeração","Colégio Militar de São Paulo",2025,NA,"O Colégio Militar de São Paulo promoveu, sob coordenação da disciplina de História, uma visita dos alunos do 6º ano ao Museu do Ipiranga. Durante a visita, os alunos João e Helena encontraram, em uma das exposições do acervo, a imagem de um medalhão antigo com a inscrição do ano de nascimento de um Imperador, no sistema de numeração romano.

  ![](1764359734_Captura de tela 2025-11-28 165527.png){width=300px} 

Helena, inspirada no livro “O Homem que Calculava”, lançou o seguinte desafio para João:

“Somei a minha idade à idade que o Imperador teria, se estivesse vivo, em 2025. Calculei a terça parte do valor obtido e do resultado subtraí 7. A décima parte do que encontrei equivale à sua idade, João. Quantos anos tenho?”

João, que tem 11 anos, não sabia a idade de Helena. Porém, ele também leu “O Homem que Calculava” e logo se apressou para responder, corretamente, que Helena tem:","9 anos","10 anos","12 anos","14 anos","15 anos","b"
"042c9a6b-2ce2-4802-a00a-e0752b8c40f8","Matemática","I - Sistema de Numeração","Colégio Militar de São Paulo",2025,NA,"A tabela abaixo apresenta as estimativas da população residente no Brasil por região, com data de referência em 1º de julho de 2024

  ![](1764360100_Captura de tela 2025-11-28 170133.png){width=300px} 

O Tenente Belinski, professor de Matemática do Colégio Militar de São Paulo, pediu que seus alunos somassem as populações das duas regiões menos populosas e observassem a posição ocupada pelo algarismo 7 no resultado obtido.

A aluna Fernanda, concluiu, corretamente, que a ordem, a classe e o valor relativo do algarismo 7 nesse numeral são, respectivamente:","ordem das centenas; classe das unidades de milhões; 700.000.","ordem das dezenas; classe das unidades de milhares; 70.000.","ordem das unidades; classe das unidades de milhares; 7.000.","ordem das centenas; classe das unidades simples; 700.","ordem das centenas; classe das unidades de milhares; 700.000.","e"
"12a46068-9432-40e4-b600-61962561d4dd","Matemática","VI - Medidas Geométricas","Colégio Militar de São Paulo",2025,NA,"A aluna Celine, do Colégio Militar de São Paulo, construiu um paralelepípedo de cartolina a partir do molde a seguir apresentado:

  ![](1764360216_Captura de tela 2025-11-28 170329.png){width=300px} 

A Major Renata Aguiar, professora de Matemática de Celine, pediu que ela calculasse o volume do sólido a partir das medidas fornecidas.

Qual o volume encontrado, em mm³ ?","416000","4160","416","4,16","0,416","a"
"5bbde8fe-b046-4fe5-ada0-041ecd37a191","Matemática","VI - Medidas Geométricas","Colégio Militar de São Paulo",2025,NA,"O aluno Samuel, integrante do Clube de Matemática do Colégio Militar de São Paulo, adora problemas de lógica e, quando se deparou com a figura abaixo, percebeu que há uma ilusão de ótica na imagem.

  ![](1764360279_Captura de tela 2025-11-28 170433.png){width=300px} 

Usando técnicas infalíveis de cálculo e organização mental, conseguiu determinar a quantidade exata de todos os triângulos possíveis representados na figura.

O valor encontrado por Samuel foi:","25","28","30","34","39","e"
"f9ac25cc-4a75-44bf-88b6-add1d468855d","Matemática","VI - Medidas Geométricas","Colégio Militar de São Paulo",2025,NA,"O Coronel Borlina, Comandante e Diretor de Ensino do Colégio Militar de São Paulo, promoveu, juntamente com a Associação de Pais e Mestres (APM), uma campanha de arrecadação de agasalhos a serem distribuídos para pessoas em situação de vulnerabilidade.

Todo o material arrecadado foi acomodado em caixas cúbicas de mesmo tamanho, empilhadas conforme a figura abaixo

  ![](1764360491_Captura de tela 2025-11-28 170647.png){width=300px}

 O Tenente Saes, responsável pela organização das caixas, imprimiu etiquetas para numerá-las e identificá-las de acordo com o conteúdo de cada uma, utilizando apenas uma etiqueta para cada caixa.

Quantas etiquetas já foram utilizadas pelo Tenente Saes?","10","12","15","17","20","e"
"d2a8e4f8-1157-4f05-af7b-9ccd53cf2ab0","Matemática","VII - Tratamento da Informação","Colégio Militar de São Paulo",2025,NA,"O Coronel Borlina solicitou um levantamento do consumo de água nas instalações do Colégio Militar de São Paulo durante os quatro primeiros meses de 2025.

Os resultados obtidos podem ser observados no gráfico abaixo:

  ![](1764360556_Captura de tela 2025-11-28 170909.png){width=300px} 

Analisando os dados obtidos, o comandante observou que o percentual de crescimento do consumo de água do mês de abril em relação ao mês de fevereiro foi elevado e pediu ao Capitão Mota que efetuasse os cálculos.

O percentual encontrado pelo Capitão Mota foi igual a: ","60%","65%","70%","75%","80%","e"
"dc6b09c5-11d5-4802-9210-cdd20fb5df04","Matemática","IV - Frações","Colégio Militar de São Paulo",2025,NA,"No mês de julho de 2025, ocorreu a 16ª edição dos Jogos da Amizade, evento esportivo e cultural que reúne alunos de todos os 15 colégios militares do Brasil na Academia Militar das Agulhas Negras, na cidade de Resende – RJ, com o objetivo de promover valores como disciplina, respeito, camaradagem e espírito de equipe.

O Colégio Militar de São Paulo participou da competição e conquistou medalhas nas diversas modalidades esportivas. 

Na corrida de revezamento feminino, três alunas correram frações diferentes do percurso total:

I) Gabriela correu $\frac25$ do total;
II) Júlia correu $\frac{7}{10}$ do restante; e,
III) Luiza correu 108m para finalizar a corrida.

Qual o valor do percurso total dessa prova?","720m","600m","540m","360m","240m","b"
"1ca8743c-4ead-4964-bf0f-bf737c34e415","Matemática","VII - Tratamento da Informação","Colégio Militar de São Paulo",2025,NA,"No mês de julho de 2025, ocorreu a 16ª edição dos Jogos da Amizade, evento esportivo e cultural que reúne alunos de todos os 15 colégios militares do Brasil na Academia Militar das Agulhas Negras, na cidade de Resende – RJ, com o objetivo de promover valores como disciplina, respeito, camaradagem e espírito de equipe.

O Colégio Militar de São Paulo participou da competição e conquistou medalhas nas diversas modalidades esportivas. 

A organização do evento realizou um sorteio para definir os árbitros das partidas de Futsal, estabelecendo a regra que o árbitro não poderia ser dos colégios que estivessem jogando.

O quadro abaixo mostra a quantidade de árbitros participantes por colégio.

  ![](1764360758_Captura de tela 2025-11-28 171232.png){width=300px} 

Para o jogo CMSM x CMSP, assinale a alternativa que apresenta a probabilidade de o árbitro sorteado ser do CMB.","15,8%","16,2%","16,6%","17,1%","18,3%","d"
"d0bdcdf6-e928-48e1-bfde-ed25965b427d","Matemática","V - Números Decimais","Colégio Militar de São Paulo",2025,NA,"No mês de julho de 2025, ocorreu a 16ª edição dos Jogos da Amizade, evento esportivo e cultural que reúne alunos de todos os 15 colégios militares do Brasil na Academia Militar das Agulhas Negras, na cidade de Resende – RJ, com o objetivo de promover valores como disciplina, respeito, camaradagem e espírito de equipe.

O Colégio Militar de São Paulo participou da competição e conquistou medalhas nas diversas modalidades esportivas. 

A piscina utilizada para as competições de natação durante os Jogos da Amizade na Academia Militar das Agulhas Negras possui dimensões iguais a 25m de comprimento, 12m de largura e 1,8m de profundidade. Dias antes do início dos jogos, foi necessário esvaziá-la. Para agilizar o trabalho, foi utilizada uma bomba com capacidade de retirada de 10 litros de água por segundo.

Considerando que a piscina estava inicialmente com 85% da sua capacidade total, quanto tempo levou até o seu esvaziamento completo?","10h 54min 42s","12h 45min","12h 45min 20s","14h 38min","14h 50min 12s","b"
"f2a519ac-5dc3-4bc4-be75-d5ed7e2bd103","Português","CMSP - 2025/2026","Colégio Militar de São Paulo",2025,NA,"**“O Homem que Calculava”: o livro que vai te fazer gostar de matemática**
*Unindo ciência exata com ficção, este livro é capaz de apresentar a matemática de um ponto de vista instigante - e até prazeroso*
POR KAROLINA MONTE
 20 JUL 2022, 12H11

Escrito por Malba Tahan, “O Homem que Calculava” conta as aventuras de Beremiz Samir, um viajante persa com grande aptidão para os cálculos matemáticos. Durante suas andanças pelo Oriente Médio, o narrador do livro conta as aventuras matemáticas de Beremiz, que sempre se depara com situações cotidianas que, de alguma forma, envolvem algum tipo de cálculo matemático.

O livro infanto-juvenil é perfeito para quem deseja não apenas aprender os cálculos matemáticos, mas também suas aplicações práticas. A realidade de Beremiz até pode, a princípio, parecer distante de nossa realidade, mas no decorrer do livro o leitor percebe o quão fácil é transpor as situações para o próprio cotidiano.

É uma leitura recomendada tanto para quem ainda precisa da matemática nos estudos, como os vestibulandos, como também para aqueles que desejam ressignificar sua relação com a disciplina.

Os contos de “O Homem que Calculava” elevam a ciência exata que é a matemática ao patamar lúdico das histórias e contos para os mais jovens, ao inserir os cálculos de maneira leve e prazerosa, intrigando o leitor sobre as soluções que Beremiz realiza para as situações em que se encontra.

[...]

Além de todo o efeito lúdico-narrativo que aproxima o leitor da matemática, ao final do livro há um apêndice com todas as contas feitas por Beremiz de forma mais exata, explicando o passo a passo de seu raciocínio matemático.

Recomendado como leitura paradidática em muitas escolas, “O Homem que Calculava” foi publicado pela primeira vez no ano de 1938 e nunca deixou de ser reeditado desde então.

O fato de o livro estar presente em livrarias por todo o Brasil desde sua primeira publicação não é em vão: a linguagem narrativa simples e ficcional que acompanha as façanhas matemáticas de Beremiz consegue dialogar com as diferentes gerações que cresceram com a obra e que, em algum momento da vida, sentiram um leve dissabor com a matemática.

E este sucesso vai para além da língua portuguesa: o livro já foi traduzido para edições em espanhol, inglês, alemão, italiano, holandês e árabe.

O “Homem que Calculava” é capaz de transformar por completo a visão dolorosa que temos sobre esta ciência exata, ao torná-la mágica e, acima de tudo, possível. Tão possível quanto 1+1 é igual a 2. 

**As principais finalidades do Texto I são**","convencer e emocionar.","informar e criticar.","divertir e informar.","criticar e instruir.","instruir e divertir.","b"
"892d0162-35b6-42be-8473-7d45362c981a","Português","CMSP - 2025/2026","Colégio Militar de São Paulo",2025,NA,"Das alternativas abaixo, assinale aquela em que a palavra destacada NÃO expressa a opinião que o enunciador tem sobre a obra “O Homem que Calculava”","“Escrito por Malba Tahan, ‘O Homem que Calculava’ conta as aventuras de Beremiz Samir, um viajante persa com **grande** aptidão para os cálculos matemáticos.”","“E este **sucesso** vai para além da língua portuguesa: o livro já foi traduzido para edições em espanhol, inglês, alemão, italiano, holandês e árabe.”","“ao inserir os cálculos de maneira leve e **prazerosa**, intrigando o leitor sobre as soluções que Beremiz realiza para as situações em que se encontra.”","“O livro infanto-juvenil é **perfeito** para quem deseja não apenas aprender os cálculos matemáticos, mas também suas aplicações práticas.”","“Unindo ciência exata com ficção, este livro é capaz de apresentar a matemática de um ponto de vista **instigante** - e até prazeroso.”","a"
"0011825c-8983-44f1-8052-1e51788a37de","Português","CMSP - 2025/2026","Colégio Militar de São Paulo",2025,NA,"Assinale a alternativa em que os termos em destaque expressam o sentido indicado entre parênteses:","“A realidade de Beremiz até pode, a princípio, parecer distante de nossa realidade, **mas** no decorrer do livro o leitor percebe o quão fácil é transpor as situações para o próprio cotidiano.” (oposição)","“É uma leitura recomendada **tanto** para quem ainda precisa da matemática nos estudos, **como** os vestibulandos” (intensidade)","“**Além de** todo o efeito lúdico-narrativo que aproxima o leitor da matemática, ao final do livro há um apêndice” (lugar) ","“E este sucesso vai **para além** da língua portuguesa: o livro já foi traduzido para edições em espanhol, inglês, alemão, italiano, holandês e árabe.” (finalidade) ","“O livro infanto-juvenil é perfeito para quem deseja **não** apenas aprender os cálculos matemáticos, **mas também** suas aplicações práticas.” (comparação)","a"
"3833d5ce-38f8-4605-989f-0a367ceb851c","Português","CMSP - 2025/2026","Colégio Militar de São Paulo",2025,NA,"De acordo com o Texto I, dos elementos abaixo apresentados, assinale aquele que NÃO se constitui motivo para indicação de leitura do livro “O Homem que Calculava”","A obra de Malba Tahan estimula o leitor a pensar na Matemática de uma forma divertida","A linguagem simples da obra facilita a leitura e conquista diferentes públicos.","A primeira edição da obra de Malba Tahan data do ano de 1938.","O livro mostra a aplicação da Matemática em situações cotidianas.","As soluções para os desafios matemáticos são explicadas para o leitor no apêndice.","c"
"b6ee52a1-fa46-4613-8d43-63fa2795e816","Português","CMSP - 2025/2026","Colégio Militar de São Paulo",2025,NA,"TEXTO II

**Capítulo XXX**

O leão, o tigre e o chacal abandonaram, certa vez, a furna sombria em que viviam e saíram a jornadear pelo mundo, à procura de alguma região rica em rebanhos de tenras ovelhinhas.

O temível leão, que chefiava naturalmente o grupo, sentou-se fatigado sobre as patas
traseiras e, erguendo a cabeça enorme, soltou um rugido tão forte que fez tremer as árvores mais próximas.

O tigre e o chacal entreolharam-se assustados. Aquele rugido ameaçador com que o
perigoso monarca perturbava o silêncio da mata, traduzido para uma linguagem ao alcance dos outros animais, queria dizer, laconicamente, o seguinte: Estou com fome.

– A vossa impaciência é perfeitamente justificável! – observou o chacal – Asseguro-vos,
entretanto, que conheço, um atalho misterioso. Por ele poderíamos chegar, com facilidade, a um pequeno povoado onde a caça é abundante, fácil, ao alcance das garras, e isenta de qualquer perigo!

– Vamos, chacal! – acudiu, de pronto, o leão. – Quero conhecer e admirar esse recanto adorável!

Ao cair da tarde, guiados pelo chacal, chegaram os viajantes ao alto de um monte, donde se descortinava uma pequena e verdejante planície. Ali achavam-se, descuidados, alheios ao perigo que os ameaçava, três pacíficos animais: uma ovelha, um porco e um coelho.

Ao avistar a presa fácil e certa, o leão sacudiu a juba abundante num movimento de incontida satisfação. E, com os olhos brilhantes de gula, voltou-se para o tigre e rosnou:

– Ó tigre admirável! Vejo ali três belos e saborosos petiscos: uma ovelha, um porco e um coelho! Tu, que és vivo e esperto, deves saber, com talento, dividir 3 por 3. Faze, pois, com justiça e equidade, essa operação fraternal: dividir 3 caças por 3 caçadores!

Lisonjeado com semelhante convite, o vaidoso tigre, assim respondeu:

– A ovelha, que é o maior dos três petiscos, será vossa, exclusivamente vossa! Aquele
porquinho magro, sujo e despiciendo ficará para mim. E, finalmente, aquele minúsculo e desprezível coelho tocará ao nosso companheiro chacal.

– Estúpido! Egoísta! – rugiu o pavoroso leão furioso – Quem te ensinou a fazer divisões dessa maneira, imbecil? Onde já viste uma partilha de 3 por 3 ser resolvida desse modo?

E, erguendo a pesadíssima pata, descarregou na cabeça do desprevenido tigre tão violenta pancada que o atirou morto a alguns passos de distância.

Em seguida, voltando-se para o chacal, que assistira, estarrecido, àquele trágico desfecho da divisão de 3 por 3, assim falou:

– Meu caro chacal! Sempre fiz da tua inteligência o mais elevado conceito. Encarrego-te, pois, de fazer essa divisão simples e banal. Estás vendo, amigo chacal, aqueles três apetitosos animais, a ovelha, o porco e o coelho? Pois bem: vais dividir os três por dois!

– Não passo de humilde e rude servo de Vossa Majestade – ganiu o chacal –Trata-se de uma simples divisão de 3 por 2! A divisão matematicamente certa e justa é a seguinte: a admirável ovelha, manjar digno de um soberano, cabe aos vossos reais caninos; o belo bacorinho deve caber também ao vosso real paladar; e o saltitante coelho deve ser, também, por vós saboreado a título de sobremesa.

– Ó incomparável chacal! – exclamou o leão, encantado com a partilha que acabava de
apreciar – Como são harmoniosas e sábias as tuas palavras! Quem te ensinou esse artifício maravilhoso de dividir, com tanta perfeição e acerto, 3 por 2?

– A patada com que vossa justiça puniu, há pouco, o tigre arrogante e ambicioso, ensinoume a dividir, com segurança, 3 por 2, quando, desses dois, um é leão, outro é chacal! Na matemática do mais forte, penso eu, o quociente é sempre exato, e ao mais fraco, depois da divisão, nem o resto deve caber!

E, desse dia em diante, sugerindo sempre divisões dessa ordem, inspirada na mais torpe sabujice, julgou o astucioso chacal que poderia viver tranquilo a sua vida de bajulador, a regalar-se com os sobejos que deixava o sanguinário leão.

Enganou-se.

Decorridas duas ou três semanas, o leão, irritado, faminto, desconfiou do servilismo do chacal e deu-lhe violenta patada, matando-o cruelmente.

**Quanto aos elementos essenciais da narrativa que constituem o Texto II, assinale a alternativa que contém a descrição correta.**","Por se tratar de uma narrativa poética, o narrador conta os fatos e, ao mesmo tempo, expressa sua opinião e julgamento sobre as atitudes do leão, do tigre e do chacal.","O uso predominante de formas verbais no presente no discurso do narrador torna mais dinâmico o episódio narrado, pois causa a sensação de que o leitor presencia o diálogo entre as personagens.","A descrição detalhada do espaço narrativo torna a intriga entre as personagens um dos elementos mais importantes da construção de sentido do texto.","O narrador da história da divisão de três caças para três caçadores intervém pouco na narrativa, permitindo que as falas das personagens revelem os fatos.","A ordem do leão para que o chacal faça a divisão das caças representa o clímax do enredo, isto é, o momento mais tenso e, após o qual, há o primeiro desfecho do texto lido.","e"
"a176141a-5481-4364-93d2-3e73358b1444","Português","CMSP - 2025/2026","Colégio Militar de São Paulo",2025,NA,"Pode-se afirmar que o narrador do Texto II está em","1ª pessoa, pois narra uma história, mas não participa dela.","3ª pessoa, uma vez que a história narrada é vivenciada pelo narrador","3ª pessoa, por ser considerado narrador-personagem.","3ª pessoa, porque se constitui como narrador-observador.","1ª pessoa, já que o narrador é o personagem principal.","d"
"5cbc73c1-6015-4234-a0a7-64e078f18197","Português","CMSP - 2025/2026","Colégio Militar de São Paulo",2025,NA,"Pela leitura integral do Texto II, é possível deduzir que","a divisão feita pelo tigre estava matematicamente errada.","o tigre escolheu o animal mais apetitoso para si.","o chacal esperou o momento certo para enganar o leão.","o leão queria as três caças para si mesmo.","o tigre e o chacal desconheciam as regras matemáticas de divisão.","d"
"b211616c-ab34-4cc1-b226-6b690f73c763","Português","CMSP - 2025/2026","Colégio Militar de São Paulo",2025,NA,"O Texto II reúne características de um gênero textual cujos personagens, em geral, são animais e cuja finalidade consiste em","transmitir um ensinamento moral.","preservar os valores e as tradições de um povo. ","explicar a origem de fenômenos naturais. ","provocar emoção no leitor. ","informar o leitor sobre um fato do cotidiano.","a"
"f7a64f2c-b7b8-47ca-84bf-f7b456f7f56a","Português","CMSP - 2025/2026","Colégio Militar de São Paulo",2025,NA,"Assinale a alternativa abaixo que traduz o comportamento do leão em relação ao tigre e ao chacal.","“O poder está nas aparências.” (Napoelão Bonaparte)","“A injustiça que se faz a um é uma ameaça que se faz a todos.” (Montesquieu)","“Três coisas devem ser feitas por um juiz: ouvir atentamente, considerar sobriamente e decidir imparcialmente.” (Sócrates)","“Aquele que não é capaz de governar a si mesmo, não será capaz de governar os outros.” (Mahatma Gandhi)","“Os homens prudentes sabem sempre tirar proveito dos atos a que a necessidade os constrangeu.” (Maquiavel)","b"
"656ad98c-8a7d-4195-b748-1068bbaa16e4","Português","CMSP - 2025/2026","Colégio Militar de São Paulo",2025,NA,"Assinale a alternativa em que a explicação a respeito da pontuação está correta. ","“– Ó tigre admirável! Vejo ali três belos e saborosos petiscos: uma ovelha, um porco e um coelho!” – os dois pontos foram utilizados para anunciar uma conclusão do leão sobre as caças.","“Ao avistar a presa fácil e certa, o leão sacudiu a juba abundante num movimento de incontida satisfação.” – a vírgula foi utilizada para isolar uma frase de valor explicativo.","“– Ó incomparável chacal! – exclamou o leão, encantado com a partilha que acabava de apreciar” – o ponto de exclamação e do travessão revela neutralidade emocional por parte do leão","“– Estúpido! Egoísta! – rugiu o pavoroso leão furioso” – o travessão realça o julgamento do leão a respeito do tigre.","“Pois bem: vais dividir os três por dois!” – o uso do ponto de exclamação enfatiza a forma enérgica com que o leão deu a ordem. ","e"
"000a6cc0-06ca-452f-8aed-cf33fb74a9ad","Português","CMSP - 2025/2026","Colégio Militar de São Paulo",2025,NA,"LEIA O 2º PARÁGRAFO DO TEXTO II E ANALISE AS AFIRMAÇÕES SEGUINTES PARA FAZER A QUESTÃO 31.

O tigre e o chacal entreolharam-se assustados. Aquele rugido ameaçador com que o perigoso monarca perturbava o silêncio da mata, traduzido para uma linguagem ao alcance dos outros animais, queria dizer, laconicamente, o seguinte: Estou com fome.

I. O uso do termo monarca confere ao leão uma autoridade social e não apenas instintiva.
II. O uso da linguagem figurada expressa uma crítica às relações de poder no mundo selvagem.
III. A ideia de que o rugido foi traduzido sugere que os animais podem se comunicar como humanos.

Assinale a alternativa correta a respeito das afirmações acima.","Apenas a afirmativa I está correta.","Apenas as afirmativas I e III estão corretas.","Apenas as afirmativas I e II estão corretas.","Apenas as afirmativas II e III estão corretas.","Apenas a afirmativa II está correta.","b"
"ebacbf1a-7193-400b-98e7-11e1d6c8b738","Português","CMSP - 2025/2026","Colégio Militar de São Paulo",2025,NA,"Releia o fragmento a seguir retirado do Texto II:

“Aquele porquinho magro, sujo e **despiciendo** ficará para mim.”

Para manter o sentido desse trecho do 10º parágrafo do Texto II, a palavra em destaque pode ser substituída por
","invejável.","suculento.","estimado. ","insignificante.","sensível.","d"
"56c8a856-c78a-445c-a50d-2ee4b5a9fbf7","Português","CMSP - 2025/2026","Colégio Militar de São Paulo",2025,NA,"Leia o trecho abaixo, retirado do Texto II.

– A patada com que vossa justiça puniu, há pouco, o tigre arrogante e ambicioso, ensinou-me a dividir, **com segurança**, 3 por 2, quando, desses dois, **um é leão, outro é chacal!**

As vírgulas presentes nos trechos em destaque, para além de sua função gramatical, contribuíram para","indicar a mudança de posição de dois termos do período.","marcar a alternância entre o discurso do narrador e a fala da personagem.","reforçar sequências de ironia da fala do chacal.","criar duplo sentido na fala do chacal.","enumerar os animais submetidos à divisão de 3 por 2.","c"
"7606ee5f-701b-46f0-9b92-22bed5517271","Português","CMSP - 2025/2026","Colégio Militar de São Paulo",2025,NA,"**TEXTO III**
**Capítulo III**

Poucas horas havia que viajávamos, quando eu e meu companheiro Beremiz encontramos três homens que discutiam acaloradamente ao pé de um lote de camelos. Por entre pragas e impropérios gritavam possessos, furiosos. O inteligente Beremiz procurou informar-se do que se tratava.

– Somos irmãos – esclareceu o mais velho – e recebemos como herança esses 35 camelos.

Segundo a vontade expressa de meu pai, devo receber a metade, o meu irmão Hamed Namir uma terça parte, e, ao Harim, o mais moço, deve tocar apenas a nona parte. Não sabemos, porém, como dividir dessa forma 35 camelos, e, a cada partilha proposta segue-se a recusa dos outros dois, pois a metade de 35 é 17 e meio. Como fazer a partilha se a terça e a nona parte de 35 também não são exatas?

– É muito simples – atalhou o Homem que Calculava. – Encarrego-me de fazer com justiça essa divisão, se permitirem que eu junte aos 35 camelos da herança este belo animal que em boa
hora aqui nos trouxe!

Tal foi o tom de segurança com que ele falou, que não tive dúvida em entregar-lhe o meu belo jamal², que imediatamente foi reunido aos 35 ali presentes, para serem repartidos pelos três herdeiros.

– Vou, meus amigos – disse ele, dirigindo-se aos três irmãos –, fazer a divisão justa e exata dos camelos que são agora em número de 36.

E, voltando-se para o mais velho dos irmãos, assim falou:

– Deverias receber meu amigo, a metade de 35, isto é, 17 e meio. Receberás a metade de 36, portanto, 18. Nada tens a reclamar, pois é claro que saíste lucrando com esta divisão.

E, dirigindo-se ao segundo herdeiro, continuou:

– E tu, Hamed Namir, deverias receber um terço de 35, isto é 11 e pouco. Vais receber um terço de 36, isto é 12. Não poderás protestar, pois tu também saíste com visível lucro na transação.

E disse, por fim, ao mais moço:

– E tu jovem Harim Namir, segundo a vontade de teu pai, deverias receber uma nona parte de 35, isto é 3 e tanto. Vais receber uma nona parte de 36, isto é, 4. O teu lucro foi igualmente notável. Só tens a agradecer-me pelo resultado!

E concluiu com a maior segurança e serenidade:

– Pela vantajosa divisão feita entre os irmãos Namir – partilha em que todos três saíram lucrando – couberam 18 camelos ao primeiro, 12 ao segundo e 4 ao terceiro, o que dá um resultado (18+12+4) de 34 camelos. Dos 36 camelos, sobram, portanto, dois.

Um pertence, como sabem, ao bagdáli, meu amigo e companheiro, outro toca por direito a mim, por ter resolvido a contento de todos o complicado problema da herança!

E continuamos nossa jornada para Bagdá.

  ![](1764362558_Captura de tela 2025-11-28 174230.png){width=300px} 

**Após a leitura completa do Texto III, assinale a alternativa correta sobre a personagem Beremiz.**","Beremiz foi abnegado com os irmãos herdeiros, ao usar sua habilidade matemática para resolver um conflito familiar.","A precipitação de Beremiz para resolver o conflito entre os irmãos pôs em risco a posse do camelo do narrador.","Beremiz, com astúcia, usou suas habilidades tanto para apaziguar o conflito dos herdeiros quanto para levar vantagem.","Beremiz lançou mão de um subterfúgio em vez de usar uma lógica matemática para resolver o problema da partilha dos bens.","Em um ato de vaidade, Beremiz intentou mostrar aos irmãos em conflito sua grande habilidade de calcular.","c"
"57d70064-5011-4584-aab2-65aee5b7cc8c","Português","CMSP - 2025/2026","Colégio Militar de São Paulo",2025,NA,"Assinale abaixo a alternativa que completa corretamente as lacunas, respeitando a concordância verbal, os modos e tempos verbais apropriados à relação de causa e consequência hipotética.

Se Beremiz não _________ tanta habilidade com os números, dificilmente o problema dos irmãos _________ resolvido.
","tivesse, teria sido.","tivesse, foram.","teve, seria.","tivesse, era sido.","tivesse, seriam.","a"
"94888e8f-e47a-4edf-bbf2-3ca7d3f402a2","Português","CMSP - 2025/2026","Colégio Militar de São Paulo",2025,NA,"CONSIDERE O SEGUINTE PARÁGRAFO DO TEXTO III PARA RESPONDER ÀS QUESTÕES 36 E 37.

**Tal** foi o tom de segurança com que ele falou, **que** não tive dúvida em entregar-lhe o meu belo jamal, que imediatamente foi reunido aos 35 ali presentes, para serem repartidos pelos três herdeiros.

Quanto à tonicidade, as palavras **dúvida, jamal, presentes e herdeiros** classificam-se, respectivamente, como","oxítona, proparoxítona, paroxítona e proparoxítona.","proparoxítona, oxítona, paroxítona e oxítona.","proparoxítona, paroxítona, oxítona e paroxítona.","proparoxítona, oxítona, paroxítona e paroxítona.","paroxítona, oxítona, paroxítona e oxítona.","d"
"c53d1f0c-79b1-4e91-9f46-f9917b573ee4","Português","CMSP - 2025/2026","Colégio Militar de São Paulo",2025,NA,"Assinale a alternativa em que a relação semântica expressa pelo elemento coesivo em destaque seja a mesma de **tal... que** no trecho acima. ","O chacal serviu humildemente o leão **tal qual** um cordeirinho amedrontado. ","Os irmãos não se entendiam, **porque** se sentiam injustiçados na partilha da herança.","O leão ficou furioso **quando** escutou a proposta de divisão do tigre.","O leão, o tigre e o chacal saíram **para** caçar alguma tenra ovelhinha.","O leão descarregou uma pancada **tão** violenta no tigre **que** o atirou longe.","e"
"a9085c0f-c35b-4840-9ef9-2e462af8f76f","Português","CMSP - 2025/2026","Colégio Militar de São Paulo",2025,NA,"  ![](1764363210_Captura de tela 2025-11-28 175324.png){width=300px} 
  ![](1764363250_Captura de tela 2025-11-28 175403.png){width=300px} 
  ![](1764363291_Captura de tela 2025-11-28 175443.png){width=300px} 

As três palavras iniciais do Texto IV colaboram na construção de sentido e finalidade desse texto, porque são","verbos no infinitivo, empregados para apresentar as ideias de questionar, praticar e explorar de maneira geral e impessoal.","verbos no modo imperativo, utilizados para convencer o leitor a adotar uma postura curiosa em relação à matemática.","verbos relacionais que qualificam o aluno ideal como uma pessoa questionadora, prática e exploradora.","verbos no tempo presente do indicativo, que descrevem ações que o leitor realiza no momento da leitura do texto.","verbos no modo imperativo, utilizados para instigar o leitor a valorizar o conhecimento matemático, apelando para o seu sentimento.","b"
"6554100b-eddd-4865-9821-64beb2fae257","Português","CMSP - 2025/2026","Colégio Militar de São Paulo",2025,NA,"“existem pessoas de humanas e de exatas”
“não sou inteligente o suficiente”
“é difícil”
“é só para quem consegue pensar rápido”

Analise como V (verdadeiro) ou F (falso) as seguintes afirmações sobre o uso das aspas nas sentenças acima, retiradas do Texto IV.

( ) O uso das aspas enfatiza as ideias que o enunciador considera verdadeiras e importantes.
( ) As aspas destacam um discurso do senso comum o qual o enunciador questiona.
( ) As aspas denotam ironia, sugerindo que o leitor deve interpretar o contrário do que está escrito.
( ) As aspas indicam que essas frases são citações de especialistas que comprovam ideia defendida.
( ) O uso desse sinal de pontuação equivale ao uso do travessão no discurso direto.

A sequência correta de preenchimento dos parênteses, de cima para baixo, é ","F - V – V - F - V
","V - V - F - F - V","F - V - F - F - V ","F - V - V - V - V","V - F - V - V - V","c"
"5bd348ce-e76c-4c5a-af48-40fe9f937b0a","Português","CMSP - 2025/2026","Colégio Militar de São Paulo",2025,NA,"O confronto entre os substantivos presentes no trecho “Profundidade é mais importante que velocidade”, no contexto do Texto IV, serve para","indicar que, para aprender matemática, é necessário equilibrar o estudo aprofundado com a agilidade de raciocínio, pois essas características são igualmente importantes","reforçar a ideia de que a velocidade de raciocínio para calcular se constitui uma consequência natural do entendimento profundo da matemática.","demonstrar que os termos substantivos confrontados são sinônimos no contexto educacional e representam a habilidade de resolver problemas complexos. ","mostrar como a obtenção de conhecimento profundo em matemática dificulta o desenvolvimento da agilidade na resolução de problemas nessa área.","desconstruir a crença de que a competência em matemática se mede pela rapidez, e valorizar, em contrapartida, o entendimento mais profundo sobre os conceitos.","e"
"d89453d5-1171-4b83-984b-2ecb23a59b68","Matemática","IV - Frações","Colégio Militar de Santa Maria",2025,NA,"Uma pizza foi dividida em pedaços iguais a $\frac18$ da pizza. Quantos pedaços equivalentes a $\frac18$ da $\frac34$ pizza, você precisa comprar para comer exatamente da pizza?","2 pedaços.","4 pedaços.","6 pedaços.","7 pedaços.","8 pedaços.","c"
"6860b59e-619d-478c-95e9-25a2ee81fa88","Matemática","VI - Medidas Geométricas","Colégio Militar de Santa Maria",2025,NA,"Um quadrilátero possui as seguintes características:

- Todos os lados têm o mesmo comprimento;
- Os ângulos internos não são retos;
- As diagonais são de comprimentos diferentes;
- As diagonais são perpendiculares.

A partir das informações dadas, é correto afirmar que o quadrilátero é um?","Quadrado.","Trapézio.","Retângulo.","Losango.","Paralelogramo.","d"
"534efb3a-010f-41d9-9c83-0a70519820d6","Matemática","II - As 4 Operações","Colégio Militar de Santa Maria",2025,NA,"Numa reserva ecológica há leões, elefantes e girafas. Se somarmos todas as patas dos leões, elefantes e girafas obtemos 1 872 patas. Sabendo que entre leões e girafas há 325 animais, quantos elefantes há nesse zoológico?","135","143","153","172","184","b"
"e06dd871-6605-45ad-a21f-221debcb880b","Matemática","VI - Medidas Geométricas","Colégio Militar de Santa Maria",2025,NA,"Considere a figura:

  ![](1764422523_Captura de tela 2025-11-29 102142.png){width=300px} 

Podemos afirmar que o seu perímetro é:","134 m.","142 m.","153 m.","188 m.","194 m.","d"
"317a0e89-0daf-499c-8aa2-e8f3f45f45b5","Matemática","VII - Tratamento da Informação","Colégio Militar de Santa Maria",2025,NA,"Durante a Feira de Ciências, ocorrido em 2025 no CMSM, os professores de cada uma das cinco disciplinas envolvidas atribuíram uma nota de 0,0 a 10,0 para cada turma. A nota final da turma corresponde à média aritmética dessas cinco notas. Uma das turmas recebeu nota final 7,6, mas alunos esperavam uma nota mais alta. Diante disso, pediram revisão das notas. Após análise, verificou-se que uma das notas havia sido digitada incorretamente. Após a correção, a média final da turma subiu para 9,0.

Com base nessas informações, conclui-se que a diferença entre a nota correta e a nota digitada incorretamente é:","5,0.","6,5.","7,0.","8,0.","9,0.","c"
"d3e8605c-75d4-4a03-b348-d0e75def50d9","Matemática","VI - Medidas Geométricas","Colégio Militar de Santa Maria",2025,NA,"Um trapézio isósceles tem base maior medindo 18 cm, base menor medindo 6 cm, e altura medindo 10 cm, como mostra a figura. Qual é a área desse trapézio?

  ![](1764422684_Captura de tela 2025-11-29 102433.png){width=300px} ","80 cm².","100 cm².","120 cm².","140 cm².","160 cm².","c"
"7d9d778e-f4ce-4826-a7c8-6d84fd443664","Matemática","V - Números Decimais","Colégio Militar de Santa Maria",2025,NA,"Um carpinteiro recebeu em uma obra, três tipos de peças de madeira com os seguintes comprimentos: 3,60 m; 5,40 m e 7,20 m. Ele precisa cortar essas peças de madeira, no maior tamanho possível, de forma que todos os pedaços tenham o mesmo tamanho. Qual deve ser a medida exata de cada peça de madeira, após estarem todas cortadas? (Desconsiderar espessura da serra)","190 cm.","1,80 m.","900 dm.","0,90 m.","1,80 dam.","b"
"0386e72c-1e5b-4227-90d0-eaae13cc8c30","Matemática","VI - Medidas Geométricas","Colégio Militar de Santa Maria",2025,NA,"Um boi adulto consome 8 kg de alfafa diariamente. Cada fardo de alfafa, no formato de um paralelepípedo reto retângulo, tem as seguintes dimensões 40 cm x 40 cm x 50 cm e massa de 18 kg.

O depósito de uma propriedade rural, no formato de paralelepípedo reto retângulo, tem as seguintes medidas internas: 3,6 metros de altura, 4,8 metros de largura e 5,5 metros de comprimento. O depósito foi preenchido totalmente com fardos de alfafa, não havendo espaço entre os fardos. Por quantos dias um agricultor tem mantimento para sustentar um rebanho de 33 bois?","46","54","81","36","42","c"
"9027b5fe-c5aa-47e8-a7c5-2a8debb7964a","Matemática","VI - Medidas Geométricas","Colégio Militar de Santa Maria",2025,NA,"Um sólido possui as seguintes características:

- Todas as faces são polígonos regulares congruentes;
- Possui 8 vértices e 12 arestas; e
- Cada vértice é ponto de encontro de 3 faces.

Com base nessas informações, esse sólido é classificado como:","Cubo.","Pirâmide de base quadrada.","Prisma de base hexagonal.","Pirâmide de base triangular.","Prisma de base pentagonal.","a"
"14cd7ca2-f9bb-48fe-a07f-84bf4aa3c86e","Matemática","VI - Medidas Geométricas","Colégio Militar de Santa Maria",2025,NA,"Observe a figura abaixo.

  ![](1764423021_Captura de tela 2025-11-29 103012.png){width=300px}

Uma das suas possíveis vistas laterais é:","  ![](1764423054_Captura de tela 2025-11-29 103045.png){width=300px} ","  ![](1764423081_Captura de tela 2025-11-29 103109.png){width=300px} ","  ![](1764423112_Captura de tela 2025-11-29 103134.png){width=300px} ","  ![](1764423484_Captura de tela 2025-11-29 103205.png){width=300px} ","  ![](1764423507_Captura de tela 2025-11-29 103818.png){width=300px} ","c"
"2fbbb7c3-3468-4bbb-8d23-f609342d5124","Matemática","VI - Medidas Geométricas","Colégio Militar de Santa Maria",2025,NA,"Observe a figura abaixo.

  ![](1764423567_Captura de tela 2025-11-29 103919.png){width=300px} 

Com base na figura acima, podemos afirmar que se trata da planificação do sólido geométrico:","Pirâmide de base heptagonal.","Pirâmide de base quadrada.","Pirâmide de base pentagonal.","Pirâmide de base triangular.","Pirâmide de base hexagonal.
","d"
"9b08be52-1f73-48a6-ac51-01b4e0e98090","Matemática","III - Múltiplos e Divisores","Colégio Militar de Santa Maria",2025,NA,"Na Biblioteca do CMSM estão à disposição dos alunos 600 livros das disciplinas de matemática, física, química e estatística. A quantidade dos livros de matemática corresponde ao triplo da soma dos demais livros; a quantidade dos livros de física corresponde ao quádruplo da soma dos livros de química e estatística; e química possui o dobro do número dos livros de estatística. Quantos dos 600 livros, são de estatística?","5","7","10","12","20","c"
"24aa0f11-c059-4679-abd5-9bd6a6d8ac4c","Matemática","II - As 4 Operações","Colégio Militar de Santa Maria",2025,NA,"Resolva a expressão numérica abaixo:

250-{48÷ [(5 + 3) x 2]} – 6 x (12-8)

O resultado obtido é:","221","223","226","230","232","b"
"3d63f7d8-b934-4ead-a63f-e765f30d20b8","Matemática","III - Múltiplos e Divisores","Colégio Militar de Santa Maria",2025,NA,"Uma escola organizará grupos de alunos para uma atividade esportiva. No total, há 36 alunos do 6º ano e 48 alunos do 7º ano. Todos os grupos deverão ter a mesma quantidade de alunos e conter apenas alunos do mesmo ano.

Qual é o maior número de alunos possível em cada grupo?","8","12","16","20","22","b"
"ef8e5b30-49df-40a6-9ca3-813b4b1dbc1f","Matemática","VII - Tratamento da Informação","Colégio Militar de Santa Maria",2025,NA,"Considere a seguinte situação: dois dados, não viciados, são laçados para cima e caem sobre uma mesa. Qual é a probabilidade da soma dos números das faces superiores dos dados ser um número ímpar maior que 5?","exatamente igual a 50%.","maior que 50%.","exatamente igual a 33%.","maior que 33%.","menor que 33%.","d"
"99fdb1d8-16ca-49bf-be8e-6977e88fa525","Matemática","VII - Tratamento da Informação","Colégio Militar de Santa Maria",2025,NA,"José tem uma coleção de carrinhos, todos idênticos. Um dia, ele decidiu numerá-los em sequência crescente, começando pelo número 1, seguido por 2, 3, 4, ..., e assim sucessivamente, até o último carrinho da coleção. Depois disso, organizou todos os carrinhos em duas filas paralelas, sempre em ordem crescente, com a mesma quantidade de carrinhos em ambas as filas. As filas foram organizadas na seguinte sequência: o primeiro carrinho da primeira fila ficou ao lado do último carrinho da segunda fila, o segundo carrinho da primeira fila ficou ao lado do penúltimo da segunda fila, e assim por diante, formando pares. Ao observar a organização final, José notou que o carrinho de número 91, da primeira fila, estava alinhado com o carrinho número 134 da segunda fila. Com base nessas informações, podemos afirmar que a quantidade de carrinhos na coleção do José é:","112","178","224","268","324","c"
"46bf7a1d-fd34-4129-bf7b-cfc720caf7ce","Matemática","II - As 4 Operações","Colégio Militar de Santa Maria",2025,NA,"Em uma brincadeira envolvendo matemática, o professor perguntou a seus alunos qual número ele estava pensando. José disse 19, João disse 25 e André disse 23. Em seguida o professor deu uma pista dizendo que: ""Um errou em 1 unidade, outro errou em 3 unidades e outro errou em 7 unidades.

Qual foi o número que o professor pensou?","16","18","22","26","30","d"
"83ff7b69-240d-4164-8dda-66498fa36742","Matemática","V - Números Decimais","Colégio Militar de Santa Maria",2025,NA,"Os irmãos Rafaela e Bruno são excelentes alunos e fazem todas as tarefas de Matemática propostas pelo professor. Sr José, pai das crianças, percebeu que os cadernos, lápis e borrachas, usados por seus filhos, estavam gastos. Então resolveu comprar novos materiais escolares para os filhos. Após fazer uma pesquisa de preços, o Sr José selecionou as seguintes opções:

  ![](1764424285_Captura de tela 2025-11-29 105044.png){width=300px} 

O Sr José, deu aos seus filhos o direito de escolherem seus materiais da seguinte forma:

a. Rafaela escolheu o lápis mais caro e ela pediu 2 cadernos, 3 lápis e 1 borracha.
b. Bruno escolheu a borracha mais cara e ele pediu 3 cadernos, 2 lápis e 2 borrachas.

Sabendo que o Sr José comprou os materiais em mais de uma loja, pois queria gastar o mínimo possível, quanto ele gastou com esta compra?","105,50.","121,90.","130,00.","227,40.","250,30.","d"
"cf9a9981-7866-4c51-987e-eeb522c3b39b","Matemática","II - As 4 Operações","Colégio Militar de Santa Maria",2025,NA,"Um cachorro está perseguindo uma raposa. A raposa está a uma distância de 40 metros à frente do cachorro. Mas o cachorro é mais rápido que a raposa, enquanto a raposa avança 18 metros o cachorro avança 22 metros. Assim, a distância mínima que o cachorro percorrerá até alcançar a raposa é?","140 metros.","150 metros.","180 metros.","220 metros.","250 metros.","d"
"66336187-3ece-4f9d-b8b2-68b113fe136e","Português","CMSM - 2025/2026","Colégio Militar de Santa Maria",2025,NA,"  ![](1764424588_Captura de tela 2025-11-29 105618.png){width=300px} 

Acompanhada por um vendedor de gelo, a jovem e destemida princesa Anna parte em uma jornada por perigosas montanhas de gelo, na esperança de encontrar sua irmã, a rainha Elsa, e acabar com a terrível maldição do inverno eterno, que está provocando o congelamento do reino.

Marque a alternativa em que a palavra **destemida** pode ser substituída sem perda de sentido para a frase:","...a jovem e simpática princesa Anna parte...","...a jovem e temida princesa Anna parte...","...a jovem e invejosa princesa Anna parte...","..a jovem e corajosa princesa Anna parte...","..a jovem e elegante princesa Anna parte...","d"
"6429b8c0-fe22-46dd-9dbb-9050ed9487d7","Português","CMSM - 2025/2026","Colégio Militar de Santa Maria",2025,NA,"**Leia o fragmento abaixo do texto Minha Primeira Vez no Cinema, para responder aos itens**

  ![](1764424806_Captura de tela 2025-11-29 105938.png){width=300px} 
  ![](1764424814_Captura de tela 2025-11-29 105957.png){width=300px} 

Marque a alternativa correta em que o trecho revela uma opinião do autor:","Na entrada a sala de espera tinha uma bomboniere.","A entrada era redonda com duas bilheterias.","É uma falha muito grande que perderam para o teatro que ainda continua a se aproveitar desse notável recurso!","Além da plateia que ficava no salão debaixo tinha uma espécie de Pullman, ou seja, um camarote na parte de cima.","Quase esquecia que nos dois lados da tela, tinha desenhos em relevo de casas e praias.","c"
"ceef3f5f-b167-4c05-a08c-e4311577f4a8","Português","CMSM - 2025/2026","Colégio Militar de Santa Maria",2025,NA,"É correto afirmar que, a partir da leitura do texto acima, o autor...","lembra-se do tempo em que era menino e auxiliava seu pai na bilheteria do cinema.","recorda que sempre quisera conhecer uma sala de cinema, mas sua família nunca o levara.","recorda, com emoção, os momentos vividos no cinema em sua cidade natal, a bilheteria, a bomboniere, a cortina vermelha que se abria e as luzes que davam um efeito especial quando o filme iniciava.","recorda com carinho o primeiro filme assistido no Cinema Atlântico, Marcelino Pão e Vinho.","confessa que se escondeu na sala de cinema para assistir ao próximo filme.","c"
"d9004142-c9f0-4558-b58c-006a0bb41f95","Português","CMSM - 2025/2026","Colégio Militar de Santa Maria",2025,NA,"Marque a alternativa correta em que a palavra sublinhada está em linguagem figurada no texto:","Na entrada da sala de espera tinha uma bomboniere, tinha um grande **espelho**... (linha 6 )","...para mim era a minha **igreja**... (linha 18 )","E também uma **iluminação** especial na sala. (linha 14)","De qualquer forma era apropriado que ele fosse o maior **nadador** do cinema. (linha 22)","Não me lembro do **filme**, mas ao menos da sala nunca esqueci. (linha 1)","b"
"bce4acb9-db46-4b7d-9692-ce52f0e6f5a1","Português","CMSM - 2025/2026","Colégio Militar de Santa Maria",2025,NA,"  ![](1764425056_Captura de tela 2025-11-29 110407.png){width=300px} 

Considere as seguintes afirmativas, para responder ao item.

I. O homem realmente está vendo uma barata gigante na tela do cinema 3D.
II. A mensagem torna-se compreensível; pois, na imagem da charge, a barata está em seus óculos 3D.
III. Se não fosse a expressão de susto da mulher, não teria sentido o que está escrito no balão.
IV. O humor ocorre, pois o homem acha que a barata faz parte da cena do filme em 3D.

Marque a alternativa correta:","Somente a I.","Somente a l e a II.","Somente a Il e a III.","Somente a Il e a IV.","Somente a III e IV.","d"
"f0eb4312-fe79-4497-b01d-91eb0137a039","Português","CMSM - 2025/2026","Colégio Militar de Santa Maria",2025,NA,"**Leia o fragmento abaixo, extraído da obra O Livro da Selva, de Rudyard Kipling, adaptado para
o cinema como o filme de animação Mogli, para responder aos itens**

  ![](1764425142_Captura de tela 2025-11-29 110535.png){width=300px} 

(...)

Bem à sua frente, segurando-se num galho baixo, estava um bebê marrom, nu, que mal sabia andar. Era a coisa mais minúscula, gorducha e com covinhas nas bochechas que a noite já havia trazido para a entrada da caverna de um lobo. A criança olhou bem para a cara de Pai Lobo e deu uma boa risada.

- É um filhote de homem? - disse Mãe Loba. — Nunca vi um antes. Traga-o aqui.

(...)

- Que pequenino! Que pelado e... que corajoso! - disse Mãe Loba carinhosamente.

O bebê se enfiou entre os lobinhos e foi se aconchegar no pelo quente da loba.

- Veja! Ele já está jantando junto com os outros. Então é assim que são os filhotes dos homens? Nunca ouvi falar de alguma loba se gabar por ter um menino entre as suas crias.

- Já ouvi boatos por aí, mas nunca na nossa matilha. Sempre são histórias muito antigas disse Pai Lobo. — Ele não tem nenhum pelo e morreria se eu lhe desse uma simples patada. Veja, ele olha para nós e não tem medo.

Algo bloqueou a luz da lua na entrada da caverna. Era a grande cabeça quadrada de Shere Khan. Seus ombros tentavam passar pela abertura. Tabaqui, atrás dele, se esgoelava:

- Meu senhor, meu senhor, ele entrou aqui!

- Shere Khan, mas que honra - disse Pai Lobo, enquanto seus olhos transmitiam pura raiva. 

- O que Shere Khan procura?

- Minha vítima. Um filhote de homem veio para cá — disse Shere Khan. - Os pais dele fugiram. Entregue o filhote para mim.

Shere Khan havia pulado na fogueira dos lenhadores. Estava furioso pela dor no pé queimado. Pai Lobo sabia que a entrada da caverna era estreita demais para um tigre passar. Mesmo onde ele estava, seus ombros e patas dianteiras já estavam apertados pela falta de espaço. Parecia alguém tentando brigar dentro de um barril.

- Os lobos são um povo livre - disse Pai Lobo. — Seguimos as ordens do líder da matilha e não de um matador de vaca listrado. O filhote de homem é nosso... e vamos comê-lo, se quisermos.

- Se quisermos, se não quisermos! Que história é essa? Pelo touro que matei, preciso meter meu focinho neste ninho de cães para pegar o que é meu? Sou eu, o grande Shere Khan, quem está falando!

(...)

**Com base no trecho em negrito no texto acima, é correto afirmar que:**","O narrador é em 1ª pessoa e os personagens são Pai Lobo, Mãe Loba, Tabaqui.","O narrador é em 3ª pessoa e os personagens são Pai Lobo, Shere Khan e Mogli.","O narrador é em 3ª pessoa e os personagens são Pai Lobo, Tabaqui e Shere Khan.","O narrador é em 1ª pessoa e os personagens são Pai Lobo, Mãe Loba e Shere Khan.","O narrador é em 3ª pessoa e os personagens são Shere Khan e Tabaqui.","c"
"110628b3-0b4d-499c-bfb8-87c23f513cfd","Português","CMSM - 2025/2026","Colégio Militar de Santa Maria",2025,NA,"Com base na leitura do texto acima, no trecho ""- Que pequenino! Que pelado e... que corajoso!"", o uso das reticências serve para marcar:","Surpresa.","Receio.","Indiferença.","Vergonha.","Raiva.","a"
"bf4e61d7-7751-4659-9b65-392f58470ecc","Português","CMSM - 2025/2026","Colégio Militar de Santa Maria",2025,NA,"Após ler todo o texto acima, pode-se concluir que...","Apenas Shere Khan quer proteger Mogli.","Os lobos querem defender seu território.","O tigre estava conformado por Mogli ficar com os lobos.","Os lobos não gostaram do menino.","Shere Khan terá facilidade em capturar Mogli.","b"
"7cd92b20-931a-43fd-8062-db90978c2754","Português","CMSM - 2025/2026","Colégio Militar de Santa Maria",2025,NA,"**Considere a sinopse abaixo de Pequenos Grandes Heróis, para responder aos itens**

  ![](1764425429_Captura de tela 2025-11-29 111020.png){width=300px} 

Do diretor **Robert Rodriguez**, que fez o primeiro ""Sharkboy e Lavagirl"", a trama conta com um elenco de peso, sendo voltada para a garota Missy, que possui habilidade de liderar um grupo dos filhos de heróis, cada um com seus poderes, a saber:

- Guppy, filha de Sharkboy e Lava Girl. Guppy tem um jeito meigo e todo delicado, até mesmo quando entra em frequência tubarão.
- Wheels, o menino de cadeira de rodas, habilidoso nos recursos tecnológicos.
- A-Capella, que consegue manipular objetos com a tonalidade de sua voz.
- Ojo, a menina que interage por desenhos, os quais possuem a previsão do futuro.
- Facemaker: consegue transformar seu rosto em outros formatos, de maneira que se pareça um clone de outra pessoa.
- Slo-Mo: Seus movimentos são tão rápidos, mas os telespectadores os percebem em câmera lenta.
- Noodles: Capaz de esticar-se com seu corpo.
- Os Gêmeos ""Fast-Forward e ""Rewind"": manipulam o tempo, em que este consegue retornar alguns segundos de uma ação e aquela fazer o tempo avançar.

**considere algumas características das personagens comentadas no texto:**

I. Guppy é filha de Sharkboy e Lava Girl. Ela consegue entrar na mesma frequência **de seu pai.**
II. A-Capella manipula objetos por meio da força **da sua voz.**
III. Ojo é uma menina **que interage** por desenhos e prevê o futuro.

Marque a alternativa correta em relação ao uso das palavras em destaque que podem ser substituídas por adjetivos sem alteração de sentido:","I Paterna / II Vocal / III Interativa.","ITubarão /II Tonal / III Desenhista.","I Marinha / II Aguda / III Astróloga.","I Raivosa / II Bucal / III Previsível.","I Agressiva / II Grave / III Futurista.
","a"
"180ce67b-aca9-412d-96fe-dd010ce0a5af","Português","CMSM - 2025/2026","Colégio Militar de Santa Maria",2025,NA,"Marque a alternativa em que o substantivo destacado possui as habilidades **de camuflagem**, **de dissimulação** e **de engano**.","Nodles: Capaz de esticar-se com seu **corpo.**","Os Gêmeos: Manipulam o **tempo.**
","Slo-Mo: Os **telespectadores** percebem seus movimentos em câmera lenta.","Wheels: Habilidoso nos **recursos** tecnológicos.","Facemaker: transforma seu rosto, de maneira que pareça um **clone.**","e"
"173828b5-e0a8-4a0c-8205-74f834c32b1b","Português","CMSM - 2025/2026","Colégio Militar de Santa Maria",2025,NA,"  ![](1764425861_Captura de tela 2025-11-29 111729.png){width=300px} 

Era uma vez, em uma ilha no meio do vasto oceano, uma jovem chamada Moana. Ela era uma princesa corajosa, com cabelos escuros e olhos brilhantes, e seu coração sempre ansiava por aventura. No entanto, ela estava destinada a se tornar a líder de sua tribo, seguindo os costumes e as tradições estabelecidos.

(...)

No entanto, um mistério envolvia a ilha de Moana. As colheitas estavam fracas, os peixes escasseavam e uma escuridão começava a se espalhar. Moana sabia que precisava fazer algo para salvar sua tribo. Uma voz interior a chamava para seguir o chamado do oceano.

Determinada, Moana procurou a avó, Tala, que sempre a incentivava a seguir seu coração. Tala revelou a Moana a verdade sobre seu povo: eles eram navegadores destemidos que exploravam
os mares.

Em sua jornada, Moana encontrou um semideus chamado Maui, que era conhecido por suas habilidades mágicas e seu gancho místico.

Juntos, Moana e Maui enfrentam criaturas marinhas assustadoras e desafios perigosos. Ao longo do caminho, Moana descobriu que sua conexão com o oceano era especial. Ela possuía a coragem e a sabedoria para restaurar a paz e trazer de volta a vida à sua ilha.

No clímax da história, Moana e Maui enfrentaram a deusa Te Ka, uma força maligna que ameaçava consumir tudo em seu caminho. Com coragem e compaixão, Moana encontrou a forçа para ajudar Maui a se reconciliar com seu passado e a enfrentar a deusa com respeito.

Quando todos pareciam perdidos, Moana descobriu que Te Ka era, na verdade, Te Fiti, uma deusa benevolente. O coração de Te Fiti, que havia sido roubado por Maui, precisava ser devolvido para restaurar a harmonia no mundo.

(...)

Ao retornar para sua tribo, Moana foi reconhecida como uma heroína e uma líder corajosa. Ela ensinou ao seu povo a importância de respeitar a natureza e manter a conexão com o oceano vivo. Eles voltaram a ser navegadores destemidos, explorando os mares com sabedoria e gratidão.

**Observe as palavras em destaque nos fragmentos abaixo**

I. ""Era uma vez, em uma ilha no meio do **vasto** oceano...""
II. ""...seu coração sempre **ansiava** por aventura.""
III. ""No **clímax** da história, Moana e Maui enfrentaram a deusa Te Ка...""

Marque a alternativa que apresenta a correta substituição das palavras em destaque, sem alterar o sentido do texto:","I-imenso; II - desejava; III - ápice.","I-perigoso; II - torcia; III - meio.","I-horizonte; II - pulsava; III - começo.","I-amplo; II cobiçava; III - final.","I - estreito; II - aspirava; III - topo.","a"
"18eb5d4b-48fe-4159-9e8a-349a684c03f7","Português","CMSM - 2025/2026","Colégio Militar de Santa Maria",2025,NA,"Em ""As colheitas estavam fracas, os peixes **escasseavam** e uma escuridão começava a se espalhar."", a palavra em destaque tem seu significado oposto (antônimo):","terminavam.","abundavam.","acabavam.","findavam.","desapareciam.","b"
"ddaf5d41-42d6-4e5e-9e9d-4b6b0980ddf6","Português","CMSM - 2025/2026","Colégio Militar de Santa Maria",2025,NA,"Pode-se afirmar que, conforme o texto acima, a mensagem principal é:","a despreocupação com a destruição do meio ambiente.","a harmonia entre homens e natureza.","a perda das origens culturais do povo Maui.","o conhecimento de ervas medicinais.","a extinção da cultura do povo de Moana.","b"
"3725e09b-fcb1-48e3-b556-f62063038f40","Português","CMSM - 2025/2026","Colégio Militar de Santa Maria",2025,NA,"Leia abaixo a tirinha de Mafalda, de Quino, para responder

  ![](1764426315_Captura de tela 2025-11-29 112501.png){width=300px} 

Considere as sentenças abaixo com relação ao significado das palavras e do papel das classes de palavras para responder ao item

1. No segundo quadrinho, a palavra ""meio"" é classificada como adjetivo, já que caracteriza substantivo “sessão"". 
II. O vocábulo ""coisas"", no primeiro quadrinho, demonstra sentido de desinteresse da Suzanita pela pergunta.
III. No terceiro quadrinho, o vocábulo ""coisa"" poderia ser substituído pela palavra ""situação"" sem alterar o sentido do texto.
IV. No quarto quadrinho, o emprego do verbo ""chegamos"" por Mafalda tem o mesmo sentido do verbo ""nascer"" dentro do contexto.

Marque a alternativa correta:","Somente a I.","Somente a II.","Somente a l e a II.","Somente a Il e a III.","Somente a III e a IV.","e"
"cc48a3e0-3f67-4c34-9aab-13d28a77423c","Português","CMSM - 2025/2026","Colégio Militar de Santa Maria",2025,NA,"Marque a alternativa correta em relação à interpretação da tirinha acima e o seu efeito de humor:","O efeito de humor na tirinha se deve ao fato da Mafalda e da Susanita terem entrado no cinema no meio da sessão.","As falas das personagens dos balõezinhos pouco auxiliam no entendimento da tirinha, já que efeito de humor está todo presente nas imagens.","Na tirinha, é mostrado que as crianças muitas vezes não entendem os adultos, porque estão começando a vida e não viveram muitas experiências.","De acordo com a Mafalda, os adultos, por serem mais experientes, são mais inteligentes.","Susanita, no último quadrinho, discorda da amiga Mafalda.","c"
"8ae36931-9f81-498d-8c2d-c310e410c837","Português","CMSM - 2025/2026","Colégio Militar de Santa Maria",2025,NA,"- Quando você entra no cinema no meio da sessão, você **entende** o filme?

Marque a alternativa correta para a seguinte situação:

Se além de Suzanita, estivesse também outra amiga das meninas, e Mafalda se dirigisse a ambas, como deveria se posicionar para que **se mantivesse o mesmo tempo verbal.**","Quando vocês entrarem no cinema no meio da sessão, vocês entendem o filme?","Se vocês entrarão no cinema no meio da sessão, vocês entenderão o filme?","Ao entrarem no cinema no meio da sessão, vocês irão entender o filme?","Quando vocês entram no cinema no meio da sessão, vocês entendem o filme?","Se vocês entrassem no cinema no meio da sessão, vocês entenderiam o filme?","d"
"7574a3b7-0eb1-4e5c-acbd-584224e74121","Português","CMSM - 2025/2026","Colégio Militar de Santa Maria",2025,NA,"  ![](1764426600_Captura de tela 2025-11-29 112947.png){width=300px} 
  ![](1764426635_Captura de tela 2025-11-29 113024.png){width=300px} 
  ![](1764426675_Captura de tela 2025-11-29 113057.png){width=300px}
  ![](1764426711_Captura de tela 2025-11-29 113142.png){width=300px} 

Em relação à finalidade do texto, é correto afirmar que:","Ele é puramente narrativo.","Ele tem apenas a função de informar sobre a importância do cinema.","Ele tem a função de comparar filmes e mostrar as melhores adaptações.","Ele tem a função de convencer o leitor que os livros são melhores do que os filmes.","Ele tem a função de informar e mostrar os clássicos que ganharam novas versões ou continuações no cinema nos últimos anos.","e"
"8f692573-6bee-45c1-8975-c8246663c1e1","Português","CMSM - 2025/2026","Colégio Militar de Santa Maria",2025,NA,"De acordo com a leitura do texto, é correto afirmar que:","Segundo o autor, a versão mais moderna dos filmes é sempre muito melhor.","Na primeira versão, os filmes não alcançaram muita fama.","Os clássicos só não foram esquecidos porque foram adaptados para o cinema por Hollywood.","Todos os filmes, que foram mencionados, são adaptações de livros.","Nas duas versões cinematográficas de cada filme só os atores mudam na história, já que enredo permanece idêntico.","d"
"4d1146ae-4b9b-413b-9816-c36c9470a314","Português","CMSM - 2025/2026","Colégio Militar de Santa Maria",2025,NA,"Marque a alternativa correta em relação à tonicidade das palavras retiradas do texto:","""período"" - oxítona. (linha 40).","""original"" - proparoxítona. (linha 10).","""personagem"" - oxítona. (linha 25).","""cartão "" - paroxítona. (linha 14).","""roupagens"" - paroxítona. (linha 39).","e"
"2d8a22a7-5a2c-476e-86a2-dd94e6a01356","Português","CMSM - 2025/2026","Colégio Militar de Santa Maria",2025,NA,"O uso de palavras que se referem a outras já enunciadas evita sua repetição exaustiva e confere clareza ao texto.

No texto acima, a palavra em negrito, empregada com esse objetivo e o termo ao qual ela refere, está corretamente associada em:","""**Nesta** nova apresentação do filme (...)."" – filme Malévola. (linha 25)","..) é envenenada pela própria madrasta, que sente inveja de **sua** beleza"" - madrasta. (linhas 19 e 20)","""(...) um menino pobre que ganha a chance de conhecer a misteriosa fábrica de chocolates da **sua** cidade."" - Roald Dahl. (linhas 09 e 10)","""(...) a **menina** se torna uma pessoa vingativa (...)"" - Stefan. (linha 27)","""(...)Transcrita pelos Irmãos Grimm, ainda no século 19, em **seu** livro Contos de Fada para Crianças e Adultos (...)"" - século 19. (linhas 16 e 17)","a"
"bf89f4f0-2f89-4353-9f8f-144badef1571","Matemática","VII - Tratamento da Informação","Colégio Militar da Vila Militar",2025,NA,"O uso excessivo de telas tem se tornado uma preocupação crescente no Brasil e no mundo. Com a popularização dos smartphones, redes sociais e serviços de vídeos on-line, as pessoas passam cada vez mais tempo conectadas, o que pode trazer impactos à saúde física e mental, como distúrbios do sono, ansiedade e sedentarismo. Dados recentes revelam que o Brasil ocupa uma das primeiras posições no ranking mundial de tempo médio diário de conexão, ficando atrás apenas da África do Sul. A imagem abaixo mostra um ranking dos países que passam mais tempo conectados à internet, considerando pessoas de 16 a 64 anos.

  ![](1764427657_Captura de tela 2025-11-29 114728.png){width=300px} 

Após a leitura do texto e a análise do infográfico, assinale a alternativa correta.","A Rússia está entre os cinco países que passam mais tempo conectados, com uma média superior a 9 horas por dia.","A Colômbia ocupa a quinta colocação, com tempo médio diário que supera 7 horas de conexão.","A média global é de aproximadamente 9 horas por dia, similar ao tempo registrado nas Filipinas.","O México apresenta um tempo médio de conexão maior que o do Chile e o da Malásia, com 8 horas e 47 minutos por dia.","A África do Sul lidera o ranking, com média diária de conexão à internet inferior a 9 horas e 30 minutos.","b"
"c4c9471f-b688-42b0-8fa3-a325d292b3b3","Matemática","III - Múltiplos e Divisores","Colégio Militar da Vila Militar",2025,NA,"Na cidade de Solaris, a prefeitura organiza diversos festivais tradicionais que atraem turistas de toda a região. Entre eles, destacam-se os seguintes: o Festival das Flores, que ocorre a cada 4 anos; o Festival da Música, que ocorre a cada 6 anos; e o Festival da Gastronomia, que ocorre a cada 9 anos. Se os três festivais aconteceram juntos no ano passado, é correto afirmar que, nos próximos 100 anos, eles","não ocorrerão juntos novamente.
","ocorrerão no mesmo ano apenas mais uma vez.","ocorrerão no mesmo ano apenas mais duas vezes.","ocorrerão no mesmo ano apenas mais três vezes.","ocorrerão no mesmo ano apenas mais quatro vezes.","c"
"21cf4ec5-6122-43a0-b362-7a99a1614036","Matemática","III - Múltiplos e Divisores","Colégio Militar da Vila Militar",2025,NA,"Um aluno do Colégio Militar da Vila Militar está tentando lembrar a senha do cadeado do seu armário. Ele recorda que a senha possui 4 dígitos diferentes e tem anotadas as seguintes dicas:

- Dígito das unidades - é o quociente da divisão de 3276 por 468;
- Dígito das dezenas - é um divisor de 47;
- Dígito das centenas - é um múltiplo não nulo de 4;
- Dígito do milhar - é par e maior que 6.

Com base nessas anotações, qual é a senha correta?

  ![](1764428027_Captura de tela 2025-11-29 115337.png){width=300px} ","7849","7479","8637","8817","8417","e"
"2505601c-32c2-4c8c-850b-5b0438464176","Matemática","VI - Medidas Geométricas","Colégio Militar da Vila Militar",2025,NA,"Uma piscina em forma de paralelepípedo retângulo tem 0,12 hm de comprimento e 50 dm de largura. 

Sabendo que a piscina pode conter, no máximo, 300.000 L de água, é correto afirmar que a altura (profundidade) dessa piscina é de

  ![](1764428104_Captura de tela 2025-11-29 115455.png){width=300px} ","2 m","3 m","4 m","5 m","6 m","d"
"b0c9a552-2961-4732-95c8-9efecb3d4a00","Matemática","V - Números Decimais","Colégio Militar da Vila Militar",2025,NA,"A Matemática é cheia de surpresas e, às vezes, pode até ser engraçada! Algumas expressões parecem muito complicadas, mas quando resolvemos, descobrimos que o resultado é bem simples. A expressão abaixo, por exemplo, tem como resultado um número formado por apenas um algarismo.

  ![](1764428155_Captura de tela 2025-11-29 115547.png){width=300px} 

Nesse sentido, calcule o valor dessa expressão e assinale a alternativa que apresenta o resultado correto.","0","1","2","3","4","c"
"39dcb9b3-ee77-4ed0-a1d8-9466c8824217","Matemática","II - As 4 Operações","Colégio Militar da Vila Militar",2025,NA,"Certo dia, Pedro achou uma calculadora velha no armário de sua casa e percebeu que ela tinha um funcionamento curioso: em vez de mostrar o resultado completo das contas, exibia apenas o algarismo das unidades do resultado. Por exemplo:

- quando Pedro digitou 7 + 8, a calculadora mostrou 5, e não 15;
- quando ele fez 8 × 8, apareceu 4, em vez de 64.

Empolgado com a novidade, Pedro digitou a expressão numérica: 12345678 × 9999999 × 2025, e o resultado exibido no visor foi o número","0","1","2","4","5","a"
"4ae1a1a8-12ee-4ecf-8141-b773d2ac5c6b","Matemática","VII - Tratamento da Informação","Colégio Militar da Vila Militar",2025,NA,"O professor de Matemática do 6º ano do Colégio Militar da Vila Militar (CMVM) aplicou uma avaliação para a turma 601, composta por 30 alunos. Após corrigir todas as provas, ele constatou que a média das notas de todos os estudantes foi 6,08; porém, no dia da devolução das avaliações, Lucas e Henrique não puderam comparecer à aula. Diante disso, entre os 28 alunos presentes, a média das notas foi 6,00. Sabendo que Lucas obteve 8,00 como nota, qual foi a nota obtida por Henrique?","5,80","6,00","6,20","6,40","6,60","d"
"28050402-6913-4e98-8e39-d9649b631995","Matemática","VI - Medidas Geométricas","Colégio Militar da Vila Militar",2025,NA,"Um cubo é formado por 6 faces quadradas. Quando o abrimos em um plano, ele se transforma em uma planificação, que é o desenho de todas as faces conectadas de forma que seja possível dobrá-las e montar o cubo novamente. Dessa forma, observe as imagens a seguir e assinale a alternativa que indica a única planificação que não representa o mesmo cubo que as demais.","  ![](1764428423_Captura de tela 2025-11-29 120013.png){width=300px} ","  ![](1764428440_Captura de tela 2025-11-29 120032.png){width=300px} ","  ![](1764428458_Captura de tela 2025-11-29 120050.png){width=300px} ","  ![](1764428477_Captura de tela 2025-11-29 120109.png){width=300px} ","  ![](1764428494_Captura de tela 2025-11-29 120124.png){width=300px} ","b"
"be787bc7-92a2-4e2b-bd91-161ec3073bc9","Matemática","IV - Frações","Colégio Militar da Vila Militar",2025,NA,"No Colégio Militar da Vila Militar (CMVM), os alunos têm a oportunidade de participar de uma ampla variedade de atividades extracurriculares que estimulam habilidades sociais, esportivas e intelectuais. Em um levantamento realizado com todos os estudantes do CMVM, constatou-se que:

  ![](1764428575_Captura de tela 2025-11-29 120243.png){width=300px} 

Com base nessas informações, qual atividade conta com mais alunos inscritos?","Atletismo.","Clube de Relações Internacionais.","Clube de Matemática.","Equitação.","Natação.","a"
"0f126520-8cd4-454d-93de-9b106043c599","Matemática","I - Sistema de Numeração","Colégio Militar da Vila Militar",2025,NA,"Pedro é um menino fascinado por números com muitos algarismos. Um dia, ele decidiu registrar todos os anos de 2025 a 2100, mas resolveu fazer algo diferente: em vez de escrever cada ano em uma linha separada, ele colocou todos os números lado a lado, formando um grande número com 304 algarismos:

202520262027202820292030....209820992100

Quantos algarismos 2 estão presentes no número construído por Pedro?","84","85","86","87","88","e"
"0060c04f-2f83-4dd2-94b9-c68e9d105434","Matemática","VI - Medidas Geométricas","Colégio Militar da Vila Militar",2025,NA,"Há 152 anos, em 20 de julho de 1873, nascia aquele que viria a revolucionar o modo de viver do mundo contemporâneo: Alberto Santos Dumont, o Pai da Aviação. Para celebrar a vida e os feitos desse grande pioneiro, a Força Aérea Brasileira (FAB) realizou uma cerimônia especial em sua homenagem. A solenidade ocorreu na Base Aérea de Brasília, onde autoridades e convidados ocuparam um palanque retangular ABCD - de perímetro 82 m - cujo maior lado mede 34 m. Os convidados que acompanharam a formatura no palanque ocuparam a região correspondente à área do triângulo EDF, conforme o esboço a seguir.

  ![](1764428818_Captura de tela 2025-11-29 120650.png){width=300px} 

Sabendo-se que o segmento de reta ED mede 9 m, qual a medida da área ocupada pelos convidados no palanque?","31.5 m²","32,5 m²","33,5 m²","34,5 m²","35,5 m²","a"
"de1480f8-6726-4459-94b9-447936a5fdda","Matemática","VII - Tratamento da Informação","Colégio Militar da Vila Militar",2025,NA,"Em um Clube de Leitura, os participantes registraram quantos livros conseguiram ler durante o último mês. Eles foram agrupados de acordo com a quantidade de livros lidos, e a tabela a seguir mostra a distribuição de participantes por faixa de livros lidos:

  ![](1764428930_Captura de tela 2025-11-29 120842.png){width=300px} 

Com base nos dados da tabela, é correto afirmar que","o número de participantes que leu de 10 a 12 livros representa menos de 15% do total de participantes.","o número de participantes que leu de 7 a 12 livros supera em 3 o número de participantes que leram de 1 a 3 livros.","a fração $\frac14$ representa a quantidade de participantes que leu de 7 a 9 livros em relação ao total de participantes.","o número de participantes que leu de 1 a 6 livros representa mais de 60% do total de participantes.","os participantes que leram de 1 a 9 livros representam exatamente 42% do total de participantes.","d"
"851b0424-f603-4d76-a165-10bceb6c557f","Matemática","III - Múltiplos e Divisores","Colégio Militar da Vila Militar",2025,NA,"Um professor comprou 72 doces de amendoim e 108 doces de abóbora para montar kits e distribuí-los entre os alunos como premiação por uma atividade em sala de aula. Ele quer embalar os doces em pequenas caixas, de modo que a quantidade de doces de cada tipo seja sempre a mesma em cada kit e que não sobre nenhum.

Assim, quantos doces de abóbora haverá em cada caixa, considerando que o professor deseja montar o maior número possível de kits?","1","2","3","4","5","c"
"a7a2e23e-2e17-424e-9f84-99e1514d228c","Matemática","VII - Tratamento da Informação","Colégio Militar da Vila Militar",2025,NA,"Os alunos do Colégio Militar da Vila Militar (CMVM) foram premiados na Olimpíada Canguru de Matemática, uma competição internacional anual que reúne estudantes do Ensino Fundamental e do Ensino Médio, considerada a maior competição de Matemática do mundo. A tabela a seguir apresenta a quantidade de medalhas de ouro, prata, bronze e menções honrosas conquistadas pelos alunos do CMVM, sendo que cada aluno premiado recebeu apenas uma premiação:

  ![](1764429080_Captura de tela 2025-11-29 121112.png){width=300px} 

Considerando que o Colégio deve escolher ao acaso um desses alunos premiados para representar a instituição e que todos possuem a mesma chance de serem selecionados, qual é a probabilidade de o escolhido ser um medalhista de ouro?","20%","25%","30%","35%","40%","b"
"528eae2d-c674-4e27-846b-d2c629093631","Matemática","VII - Tratamento da Informação","Colégio Militar da Vila Militar",2025,NA,"A equipe de Educação Física do CMVM realiza o acompanhamento da evolução da estatura e do desempenho físico dos alunos periodicamente. Entre os diversos parâmetros observados, um deles é a estatura média dos 5 alunos mais altos de cada turma. Na turma 802, por exemplo, as medidas (em metros) desses alunos foram: 1,70 m; 1,71 m; 1,72 m; 1,78 m; 1,79 m. Dessa forma, ao calcular a altura média desses alunos, o professor deve encontrar como resultado","1,71 m.","1,72 m.","1,73 m.","1,74 m.","1,75 m.","d"
"d26122aa-e2e4-48d8-8d3f-be8d07e4f1e8","Matemática","IV - Frações","Colégio Militar da Vila Militar",2025,NA,"Laura, Isabela e Beatriz se encontraram para comer uma pizza. Inicialmente, Laura e Isabela comeram juntas $\frac35$ da pizza. Após isso, Beatriz comeu $\frac23$ do que ainda restava. Qual fração da pizza ainda não foi consumida?

  ![](1764429345_Captura de tela 2025-11-29 121537.png){width=300px} ","$\frac{1}{15}$","$\frac{2}{15}$","$\frac{1}{5}$","$\frac{4}{15}$","$\frac{2}{5}$","b"
"3b28d369-83ac-4a7d-b850-f59b0be374a0","Matemática","V - Números Decimais","Colégio Militar da Vila Militar",2025,NA,"O cubo mágico é um brinquedo quebra-cabeça em forma de cubo. Cada face tem nove quadradinhos coloridos, e o objetivo é girar as peças até que cada face tenha só uma cor. Ele ajuda a treinar a lógica, a concentração e a paciência. Sobre as faces que se consegue enxergar no cubo mágico a seguir, é correto afirmar que

  ![](1764429449_Captura de tela 2025-11-29 121709.png){width=300px} ","em uma das faces, mais de 45% dos quadradinhos são da cor amarela.","nenhuma das faces tem mais de 32% dos quadradinhos na cor branca.","na face com mais quadradinhos verdes, $\frac23$ dos quadradinhos são de outras cores.","em cada face, pelo menos 11% dos quadradinhos são azuis.","$\frac29$ dos quadradinhos de cada face são vermelhos.","c"
"a33dda64-c705-4cee-aee3-83aad07bc1c6","Matemática","VI - Medidas Geométricas","Colégio Militar da Vila Militar",2025,NA,"Observe os poliedros a seguir.

  ![](1764429643_Captura de tela 2025-11-29 122035.png){width=300px} 

Ao somar o número de vértices do hexaedro, o número de faces do tetraedro e o número de arestas octaedro, encontra-se como resultado o número","20","22","24","26","28","c"
"08d35dc1-be5a-463f-b6c8-ef333d277004","Matemática","V - Números Decimais","Colégio Militar da Vila Militar",2025,NA,"A loja Vende Muito lançou uma promoção especial em suas geladeiras. Durante a ação, o preço de um dos modelos foi reduzido em 40%. No mês seguinte, porém, a loja reajustou o valor do mesmo produto, aumentando-o em 70%. Considerando o preço inicial como referência, é correto afirmar que, após os reajustes, o preço da geladeira","aumentou 1%.","aumentou 2%.","não sofreu alteração.","diminuiu 1%.","diminuiu 2%.","b"
"68e62724-f4ad-4fb6-ade7-70115843a08f","Matemática","II - As 4 Operações","Colégio Militar da Vila Militar",2025,NA,"Os semáforos são dispositivos fundamentais para a organização e segurança do trânsito. Eles orientam motoristas e pedestres por meio de luzes com cores padronizadas: verde, que indica que os veículos podem seguir; amarelo, que serve de alerta para reduzir a velocidade e parar com segurança; e vermelho, que indica a obrigação de parar. No caso da Avenida do Círculo Militar, um de seus semáforos possui um ciclo de 82 segundos, que funciona na sequência descrita a seguir:

- luz verde acesa por 45 segundos;
- luz amarela acesa por 5 segundos;
- luz vermelha acesa por 32 segundos.

Depois da vermelha, o ciclo recomeça, voltando para a luz verde. Além disso, quando uma das luzes está acesa, as demais estão apagadas.

Sabendo que às 8 horas, 50 minutos e 25 segundos de certo dia esse semáforo estava com a luz amarela acesa, é correto afirmar que, nesse mesmo dia,","às 8 horas 50 minutos e 28 segundos, o semáforo continuava com a luz amarela acesa.","às 8 horas 51 minutos e 05 segundos, o semáforo não poderia estar com a luz verde acesa.","às 8 horas 52 minutos e 37 segundos, o semáforo não poderia estar com a luz vermelha acesa.","às 8 horas 53 minutos e 24 segundos, o semáforo poderia estar com a luz verde acesa.","às 8 horas 53 minutos e 51 segundos, o semáforo poderia estar com a luz vermelha acesa.","c"
"15b985f9-1e21-43af-a093-ec813312d571","Português","CMVM - 2025/2026","Colégio Militar da Vila Militar",2025,NA,"  ![](1764430129_Captura de tela 2025-11-29 122815.png){width=300px}   
  ![](1764430134_Captura de tela 2025-11-29 122835.png){width=300px} 

Glossário
(1) atinava: reparava, se dava conta.

De acordo com o texto I, o mistério que envolvia Mani era sua (seu)","pele clara e radiante como a lua.","comportamento tímido dentro da tribo.","morte sorridente diante dos pais.","poder de alimentar toda a tribo.","transformação na planta da mandioca.","e"
"d95c0fd5-4ec7-45ee-b4e7-a02acb1614cb","Português","CMVM - 2025/2026","Colégio Militar da Vila Militar",2025,NA,"Que alternativa descreve, respectivamente, os elementos foco narrativo, personagem principal, tempo e espaço, referentes ao texto I?","Narrador observador em 1ª pessoa; curumins da tribo; predominantemente cronológico e cidade.","Narrador personagem em 1ª pessoa; mãe de Mani; predominantemente psicológico e cemitério.","Narrador onisciente em 3ª pessoa; Mani; predominantemente cronológico e tribo indígena.","Narrador onisciente em 1ª pessoa; pajé; predominantemente psicológico e floresta.","Narrador personagem em 3ª pessoa; Mani-oca; predominantemente cronológico e oca.","c"
"39ea1d7d-8ace-408d-b92a-a4fbb3310d3c","Português","CMVM - 2025/2026","Colégio Militar da Vila Militar",2025,NA," partir da leitura do texto I, infere-se que a expressão ""à flor da terra"", (linha 21), significa algo que foi realizado de forma","agradável.","cuidadosa.","delicada.","superficial.","excêntrica.","d"
"e605c265-63f5-4701-b6c2-52194b39e7d4","Português","CMVM - 2025/2026","Colégio Militar da Vila Militar",2025,NA,"Analise as proposições a seguir, extraídas do texto I, e marque a alternativa correta quanto à identificação de pronomes que se encontram nessas frases, de acordo com a sequência em que aparecem.

I - ""Chamaram-na Mani."" (linha 04)
II - “... e regavam sua cova..."" (linha 12)
III - ""... e ela estava altinha..."" (linha 18)
IV - “... é este um alimento muito importante."" (linha 27)","Pronome possesivo, pronome demonstrativo, pronome pessoal do caso reto, pronome demonstrativo.","Pronome pessoal do caso oblíquo, pronome possessivo, pronome pessoal do caso reto e pronome demonstrativo.","Pronome pessoal do caso oblíquo, pronome possessivo, pronome demonstrativo e pronome pessoal do caso reto.","Pronome pessoal do caso reto, pronome possessivo, pronome pessoal do caso oblíquo, pronome demonstrativo.","Pronome possessivo, pronome possessivo, pronome pessoal do caso reto, pronome pessoal do caso oblíquo.","b"
"4ece2be3-0ed3-4e63-8a48-77a19f4d084c","Português","CMVM - 2025/2026","Colégio Militar da Vila Militar",2025,NA,"  ![](1764430347_Captura de tela 2025-11-29 123220.png){width=300px} 

Na tirinha, o autor usou alguns recursos que contribuem para o efeito de sentido, gerando uma quebra de expectativa. Em que alternativa estão caracterizados esses recursos?","Terra na mão do Chico Bento, pergunta do Zé Lelé e árvores cortadas.","Árvores cortadas, resposta do Chico Bento e reação do Zé Lelé.","Reação do Zé Lelé, árvores cortadas e linguajar ""caipira"" do Zé Lelé.","Pergunta do Zé Lelé, reação do Zé Lelé e resposta do Chico Bento.","Linguajar ""caipira"" do Zé Lelé, reação do Zé Lelé e pergunta do Zé Lelé.","b"
"e8755fec-c630-4589-9329-8bfe32cb4fca","Português","CMVM - 2025/2026","Colégio Militar da Vila Militar",2025,NA,"**Vulcão mais ativo da América Central, na Guatemala, entra em erupção, e 800 pessoas deixam suas casas.**

Erupção do vulcão Fuego em 2018 matou mais de 200 pessoas. Autoridade de desastres naturais guatemalteca alertou para perigos da erupção.

  ![](1764430469_Captura de tela 2025-11-29 123410.png){width=300px} 
  ![](1764430524_Captura de tela 2025-11-29 123508.png){width=300px} 

Assinale a alternativa em que há uma opinião relacionada a um fato apresentado no texto III.","""Isso continua se acumulando... nas partes altas das ravinas, o que pode desmoronar e causar mais fluxos piroclásticos..."". (linhas 08 a 10)","""...Edwin Rojas afirmou que as colunas de fumaça e cinzas da erupção... ultrapassaram os 7 mil metros de altura."" (linhas 18 e 19)","""O governo suspendeu as aulas em 43 centros educativos nos departamentos afetados e fechou uma estrada..."" (linhas 23 e 24)","""Sua última erupção foi em março, quando provocou a evacuação temporária de mil pessoas."" (linhas 28 e 29)","""O vulcão Fuego é um dos três vulcões ativos da Guatemala, junto com Pacaya, no sul do país, e Santiaguito, no oeste."" (linhas 30 e 31)","a"
"d6d4101b-10d4-40ee-a84b-f057a4c1ead0","Português","CMVM - 2025/2026","Colégio Militar da Vila Militar",2025,NA,"A partir das informações apresentadas no texto III, preencha as lacunas das proposições na ordem a seguir, flexionando corretamente os verbos nos respectivos tempos dos modos indicativo e subjuntivo, mantendo a coerência das frases.

I-Se os moradores não ________ sido evacuados a tempo, o número de vítimas ________ muito maior.
II- Quando o alerta ________ , as equipes de resgate ________ prontas para agir.
III - Embora o vulcão ainda ________ perigo, muitos moradores da região ________ as suas casas.","tiveram, seriam/ soe, estaram/ representa, retornarão.","tivessem, seria/ soe, estaram/ represente, retornaram.","tiveram, seria/ soar, estarão/ represente, retornarão.","tivessem, seria/ soar, estarão/ represente, retornaram.","tiveram, seria/ soe, estarão/ representa, retornarão.","d"
"21397c3d-13d6-4b01-9773-090df2b6d7f8","Português","CMVM - 2025/2026","Colégio Militar da Vila Militar",2025,NA,"Analise as palavras em negrito do trecho do texto III a seguir, reconheça suas sílabas tônicas e classifiqueas quanto à tonicidade, conforme a sequência em que aparecem.

""Preferimos **sair** do que depois **lamentar** a morte de todas as pessoas da **aldeia**"", disse Celsa Pérez, de 25 anos, à agência de notícias AFP. Ela foi evacuada com sua família da **comunidade** de Morelia para uт abrigo no município de Santa Lucía Cotzumalguapa, no **departamento** de Escuintla.","Paroxítona/ oxítona/ paroxítona/ proparoxítona/ paroxítona.","Paroxítona/ oxítona/ oxítona/ paroxítona/ paroxítona.","Paroxítona/ oxítona/ paroxítona/ proparoxítona/ proparoxítona.","Oxítona/ oxítona/ proparoxítona/ paroxítona/ paroxítona.","Oxítona/ oxítona/ paroxítona/ paroxítona/ paroxítona.","e"
"3882c1af-9ebc-4178-8f5a-c6fbdbb5182a","Português","CMVM - 2025/2026","Colégio Militar da Vila Militar",2025,NA,"Planeta água
(Guilherme Arantes)

Água que nasce na fonte serena do mundo
E que abre um profundo grotão
Água que faz inocente riacho e deságua
Na corrente do ribeirão

Águas escuras dos rios
Que levam a fertilidade ao sertão
Águas que banham aldeias
E matam a sede da população

Águas que caem das pedras
No véu das cascatas, ronco de trovão
E depois dormem tranquilas
No leito dos lagos, no leito dos lagos

Água dos igarapés
Onde lara, mãe d'água, é misteriosa canção
Água que o Sol evapora
Pro céu vai embora virar nuvens de algodão

Gotas de água da chuva
Alegre arco-íris sobre a plantação
Gotas de água da chuva
Tão tristes, são lágrimas na inundação

Águas que movem moinhos
São as mesmas águas que encharcam o chão
E sempre voltam humildes
Pro fundo da terra, pro fundo da terra

Terra, Planeta água
Terra, Planeta água
Terra, Planeta água

(2x)

A canção ""Planeta água"" foi escrita por Guilherme Arantes e fala sobre a importância da água no planeta Terra. A partir da análise dos terceiro e quarto versos (1ª estrofe), identifica-se o emprego de uma linguagem figurada que expressa","comparação.","ironia.","contraste.","ausência.","escolha.","c"
"9375873a-9c11-4687-b17d-b432bda64f11","Português","CMVM - 2025/2026","Colégio Militar da Vila Militar",2025,NA,"No verso ""Onde lara, mãe d'água, é misteriosa canção"" (4ª estrofe), o uso da vírgula indica um (uma)","comentário da moradia de lara.","resumo da maternidade lara.","explicação da palavra lara.","indicação do mistério lara.","especificação da canção lara.","c"
"c3a3d341-5c28-422c-bab9-1eac59ba48dc","Português","CMVM - 2025/2026","Colégio Militar da Vila Militar",2025,NA,"  ![](1764430917_Captura de tela 2025-11-29 124149.png){width=300px} 
  ![](1764430944_Captura de tela 2025-11-29 124217.png){width=300px} 

Glossário
(1) folguedos: brincadeiras; (2) exultante: cheio de alegria.

No trecho ""De repente, o **rapazinho**, exultante com o voo, começou a abandonar a direção do pai e a elevarse para alcançar o céu. [...] Lançando gritos dirigidos ao pai, mergulhou nas **águas** azuis do mar..."", localizado no antepenúltimo parágrafo do texto V, as palavras em negrito são resultantes da flexão de outros vocábulos.

Nesse caso, quais são os efeitos de sentido provocados por esse processo, respectivamente?
","Desprezo pelo sonho de lcaro e diversidade de correntes do mar","Fragilidade ao se referir a Ícaro e profundidade do Mar Icário.","Modéstia sobre o poder de Ícaro e quantidade de cores do mar.","Juventude e pequenez de Ícaro e vastidão do mar onde ele caiu.","Amabilidade do pai com Ícaro e inquietação das ondas do mar.","d"
"d31d1086-6428-4023-935c-54bc9fd307d5","Português","CMVM - 2025/2026","Colégio Militar da Vila Militar",2025,NA,"O mito de Ícaro e Dédalo narra a tentativa de fuga dos personagens da Ilha de Creta com o uso de asas construídas de penas e cera. Considerando os acontecimentos descritos, assinale a alternativa que melhor identifica o **tema central** do texto.","A vitória de Dédalo sobre o rei Minos ao fugir da ilha e a construção do labirinto.","A desobediência de Ícaro às orientações do pai e as consequências dessa atitude.","A habilidade de Dédalo como escultor e arquiteto e o grande invento que construiu.","O espanto dos lavradores e pastores quando viram homens voando como deuses.","A inquietude de Ícaro com o trabalho do pai e sua capacidade de voar acima das nuvens.","b"
"2c0681fa-c49e-4c34-9e08-7b52993d3c41","Português","CMVM - 2025/2026","Colégio Militar da Vila Militar",2025,NA,"No trecho em negrito ""- Ícaro, meu filho - **disse, quando tudo ficou pronto para o voo** -, recomendo-te que voes a uma altura moderada..."", (linhas 15 e 16) foram usados **travessões**. O efeito de sentido decorrente do uso desse sinal de pontuação no trecho em negrito é","indicar uma pausa obrigatória na leitura, equivalente à de um ponto final.","marcar a mudança de narrador, revelando que o texto é contado por İcaro.","destacar um comentário inserido pelo narrador no interior da fala de Dédalo.","substituir as aspas, que deveriam ser usadas para indicar o discurso direto.","enfatizar a emoção na fala de Dédalo, funcionando como uma exclamação.","c"
"84e86737-9978-4968-9ce8-78991d87a0d2","Português","CMVM - 2025/2026","Colégio Militar da Vila Militar",2025,NA,"O texto I, A Lenda da Mani-oca, faz parte da tradição oral brasileira e o texto V, Ícaro, é uma narrativa da mitologia grega. Nesse sentido, qual é, respectivamente, a finalidade desses textos?","Narrar os principais fatos da vida de um personagem, desde seu nascimento até sua morte; e comunicar sobre o dia a dia da vida familiar com experiências e desafios.","Descrever uma temática social, contando a história de um povo; e expressar uma opinião sobre as relações familiares que existem desde o período da Idade Antiga.","Divulgar a comida típica de um povo, a partir de sua ancestralidade; e argumentar a respeito do que os deuses e heróis podem ensinar para os humanos.","Explicar um acontecimento misterioso, misturando fatos com a imaginação; e apresentar uma simbologia para comunicar valores importantes de uma cultura.","Explorar uma linguagem figurada, falando sobre algo sobrenatural; e comentar sobre a desobediência da sociedade às normas impostas pela cultura grega.","d"
"d8055c76-9de6-4ce7-b405-2eb65205a763","Português","CMVM - 2025/2026","Colégio Militar da Vila Militar",2025,NA,"  ![](1764431224_Captura de tela 2025-11-29 124657.png){width=300px} 
  ![](1764431244_Captura de tela 2025-11-29 124717.png){width=300px} 
  ![](1764431262_Captura de tela 2025-11-29 124735.png){width=300px} 

No 2° parágrafo do texto VI (linha 07), a palavra ""seu"" estabelece relação com outro vocábulo, a fim de contribuir com a continuidade do texto. Que palavra é essa?","Coragem.","Tempo.","Amor.","Humanidade.","Futuro.","d"
"bd3cb7bf-ada9-43fd-b301-e072f42b6d1b","Português","CMVM - 2025/2026","Colégio Militar da Vila Militar",2025,NA,"A  palavra ""premissa"", no 3º parágrafo do texto VI (linha 08) significa","oração.","sinopse.","ideia.","crítica.","resenha.","c"
"eb05f86a-d130-4325-a971-89829a20a5cf","Português","CMVM - 2025/2026","Colégio Militar da Vila Militar",2025,NA,"No trecho ""... misturando estilos **que** incluem figurinos do estilista Jean Paul Gaultier"", (linhas 39 e 40), palavra ""que"", em negrito, tem o papel de","referir-se ao termo ""estilos"", evitando que essa palavra se repita.","relacionar-se ao verbo ""incluem"", deixando o texto inclusivo.","marcar o contraste entre a palavra ""estilos"" e o verbo ""incluem"".","organizar a frase para antecipar o termo ""figurinos"", escrito adiante.","misturar as palavras ""figurinos"" e ""estilista"" para dar sentido à frase.","a"
"c087c2b2-48d9-4e21-9c1f-5e9b3fab8707","Português","CMVM - 2025/2026","Colégio Militar da Vila Militar",2025,NA,"Na 2ª linha do texto VI, aparece a palavra ""apocalipse"". O efeito de sentido causado pela escolha desse vocábulo está relacionado à (ao)","história central do filme ""O Quinto Elemento"", pois enfatiza que a narrativa do filme tem como desfecho o fim da humanidade no futuro.","oposição de sentido estabelecida com o sentimento do amor e a força que essa palavra tem para se referir ao fim dos tempos na Terra.","revelação profética do ano de 2263, já que o texto admite um caráter sombrio de luta entre o bem e o mal desde a origem do universo.","combinação das pedras ancestrais com o poder do quinto elemento, para deixar o texto mais místico com a vitória do bem sobre o mal.","uso de uma ideia semelhante ao trecho ""acabar com a humanidade"", a fim de deixar o texto mais rico e variado e evitar uma repetição.","e"
"8b2c3415-5e80-4fa8-b335-d8b7c035a08b","Português","CMVM - 2025/2026","Colégio Militar da Vila Militar",2025,NA,"A partir da descrição do personagem do ator Gary Oldman (linhas 29 e 30), o vilão Zorg, infere-se que ele pretende conseguir as pedras ancestrais ainda que isso","represente a aniquilação do planeta Terra.","seja seu último desejo antes do apocalipse.","agrade os interesses do Senhor das Sombras.","faça parte do seu plano de fuga no futuro.","provoque o renascimento da espécie humana.","a"
"744e510a-0109-4930-995e-d7dcc538d6c6","Português","CMVM - 2025/2026","Colégio Militar da Vila Militar",2025,NA,"  ![](1764431479_Captura de tela 2025-11-29 125111.png){width=300px} 

A imagem faz uma alusão ao desenho animado Capitão Planeta, exibido no Brasil nos anos 1990. A animação contava a história de cinco jovens oriundos de partes diferentes do globo, com poderes que vinham dos elementos da natureza. Juntos, eles evocavam o herói Capitão Planeta, que lutava contra os problemas ambientais da Terra para salvar a humanidade. À época de sua exibição, ao final de cada episódio, quando tinha conseguido impedir alguma catástrofe ambiental ou algo similar, o herói sempre dizia a frase ""O poder é de vocês!""

Ao interpretar o material gráfico e o texto que o acompanha, infere-se que o lema ""O poder é de vocês!"" significa que","os elementos da natureza têm o poder de combater os danos ambientais.","o ser humano pode contribuir com a salvação de seu próprio planeta.","a união dos povos deve proporcionar força e poder para o planeta Terra.","as etnias existentes no mundo impactam diretamente na sua preservação.","os continentes devem ter projetos de proteção para o meio ambiente.","b"
